date,station,pm25,pm25_valid_hours
2016-01-01,Aotizhongxin,165,24
2016-01-02,Aotizhongxin,272.8,24
2016-01-03,Aotizhongxin,263.4,24
2016-01-04,Aotizhongxin,45.5,24
2016-01-05,Aotizhongxin,31.2,24
2016-01-06,Aotizhongxin,23.9,24
2016-01-07,Aotizhongxin,11.9,24
2016-01-08,Aotizhongxin,31,24
2016-01-09,Aotizhongxin,68,24
2016-01-10,Aotizhongxin,43.7,24
2016-01-11,Aotizhongxin,11.7,23
2016-01-12,Aotizhongxin,12.8,24
2016-01-13,Aotizhongxin,19.6,24
2016-01-14,Aotizhongxin,60.5,24
2016-01-15,Aotizhongxin,88.7,24
2016-01-16,Aotizhongxin,121.9,24
2016-01-17,Aotizhongxin,42.6,24
2016-01-18,Aotizhongxin,8.9,23
2016-01-19,Aotizhongxin,54.2,24
2016-01-20,Aotizhongxin,126.5,24
2016-01-21,Aotizhongxin,137.4,24
2016-01-22,Aotizhongxin,17.8,24
2016-01-23,Aotizhongxin,9.7,23
2016-01-24,Aotizhongxin,12.5,24
2016-01-25,Aotizhongxin,20.2,24
2016-01-26,Aotizhongxin,33.1,21
2016-01-27,Aotizhongxin,104.5,20
2016-01-28,Aotizhongxin,142.7,24
2016-01-29,Aotizhongxin,61.3,24
2016-01-30,Aotizhongxin,52.8,24
2016-01-31,Aotizhongxin,11.2,24
2016-02-01,Aotizhongxin,13.7,24
2016-02-02,Aotizhongxin,24.8,24
2016-02-03,Aotizhongxin,34,24
2016-02-04,Aotizhongxin,12,24
2016-02-05,Aotizhongxin,12.5,24
2016-02-06,Aotizhongxin,18.2,24
2016-02-07,Aotizhongxin,36.9,24
2016-02-08,Aotizhongxin,220.8,24
2016-02-09,Aotizhongxin,38.8,24
2016-02-10,Aotizhongxin,102.1,24
2016-02-11,Aotizhongxin,161.7,24
2016-02-12,Aotizhongxin,155.1,24
2016-02-13,Aotizhongxin,9.8,24
2016-02-14,Aotizhongxin,6.5,24
2016-02-15,Aotizhongxin,6.8,24
2016-02-16,Aotizhongxin,6.4,24
2016-02-17,Aotizhongxin,47.3,22
2016-02-18,Aotizhongxin,16.9,24
2016-02-19,Aotizhongxin,15.6,24
2016-02-20,Aotizhongxin,13.7,23
2016-02-21,Aotizhongxin,78.1,24
2016-02-22,Aotizhongxin,82.9,23
2016-02-23,Aotizhongxin,13.5,24
2016-02-24,Aotizhongxin,25.8,24
2016-02-25,Aotizhongxin,22.6,24
2016-02-26,Aotizhongxin,33.6,24
2016-02-27,Aotizhongxin,20.5,24
2016-02-28,Aotizhongxin,35.5,24
2016-02-29,Aotizhongxin,32.7,24
2016-03-01,Aotizhongxin,125.2,24
2016-03-02,Aotizhongxin,170,24
2016-03-03,Aotizhongxin,303.2,24
2016-03-04,Aotizhongxin,348.9,24
2016-03-05,Aotizhongxin,70.4,24
2016-03-06,Aotizhongxin,75.3,24
2016-03-07,Aotizhongxin,50,24
2016-03-08,Aotizhongxin,15.6,22
2016-03-09,Aotizhongxin,,15
2016-03-10,Aotizhongxin,,13
2016-03-11,Aotizhongxin,26,23
2016-03-12,Aotizhongxin,112.6,24
2016-03-13,Aotizhongxin,27.8,24
2016-03-14,Aotizhongxin,78.6,21
2016-03-15,Aotizhongxin,147.7,20
2016-03-16,Aotizhongxin,260.7,23
2016-03-17,Aotizhongxin,293.9,24
2016-03-18,Aotizhongxin,213.1,24
2016-03-19,Aotizhongxin,70.8,24
2016-03-20,Aotizhongxin,64.1,24
2016-03-21,Aotizhongxin,129.9,24
2016-03-22,Aotizhongxin,118.3,24
2016-03-23,Aotizhongxin,21.2,23
2016-03-24,Aotizhongxin,14.2,22
2016-03-25,Aotizhongxin,16.3,24
2016-03-26,Aotizhongxin,10.8,24
2016-03-27,Aotizhongxin,13.1,24
2016-03-28,Aotizhongxin,76.8,24
2016-03-29,Aotizhongxin,17.9,24
2016-03-30,Aotizhongxin,27.5,24
2016-03-31,Aotizhongxin,152.5,24
2016-04-01,Aotizhongxin,34.9,24
2016-04-02,Aotizhongxin,6.7,24
2016-04-03,Aotizhongxin,15.3,24
2016-04-04,Aotizhongxin,68.9,24
2016-04-05,Aotizhongxin,114.3,23
2016-04-06,Aotizhongxin,146.1,24
2016-04-07,Aotizhongxin,88,24
2016-04-08,Aotizhongxin,25.1,23
2016-04-09,Aotizhongxin,,13
2016-04-10,Aotizhongxin,,6
2016-04-11,Aotizhongxin,44.3,22
2016-04-12,Aotizhongxin,77.1,24
2016-04-13,Aotizhongxin,102.1,24
2016-04-14,Aotizhongxin,24.7,24
2016-04-15,Aotizhongxin,61.9,24
2016-04-16,Aotizhongxin,26.2,24
2016-04-17,Aotizhongxin,12,24
2016-04-18,Aotizhongxin,14.1,24
2016-04-19,Aotizhongxin,70,24
2016-04-20,Aotizhongxin,67.5,23
2016-04-21,Aotizhongxin,105.8,23
2016-04-22,Aotizhongxin,36.5,24
2016-04-23,Aotizhongxin,23.5,24
2016-04-24,Aotizhongxin,85.5,24
2016-04-25,Aotizhongxin,84.6,24
2016-04-26,Aotizhongxin,69.6,24
2016-04-27,Aotizhongxin,89,23
2016-04-28,Aotizhongxin,91.4,24
2016-04-29,Aotizhongxin,121.2,24
2016-04-30,Aotizhongxin,163.5,24
2016-05-01,Aotizhongxin,191.7,24
2016-05-02,Aotizhongxin,46.8,24
2016-05-03,Aotizhongxin,20.4,24
2016-05-04,Aotizhongxin,24.3,24
2016-05-05,Aotizhongxin,48.7,24
2016-05-06,Aotizhongxin,64.8,24
2016-05-07,Aotizhongxin,19.7,23
2016-05-08,Aotizhongxin,62.4,24
2016-05-09,Aotizhongxin,40.2,24
2016-05-10,Aotizhongxin,47.7,23
2016-05-11,Aotizhongxin,147.7,24
2016-05-12,Aotizhongxin,36,24
2016-05-13,Aotizhongxin,33.9,24
2016-05-14,Aotizhongxin,39.7,24
2016-05-15,Aotizhongxin,40.9,23
2016-05-16,Aotizhongxin,26.5,24
2016-05-17,Aotizhongxin,62.5,24
2016-05-18,Aotizhongxin,57.2,24
2016-05-19,Aotizhongxin,81.5,21
2016-05-20,Aotizhongxin,89,24
2016-05-21,Aotizhongxin,72.9,24
2016-05-22,Aotizhongxin,48.4,24
2016-05-23,Aotizhongxin,58.6,24
2016-05-24,Aotizhongxin,19.8,24
2016-05-25,Aotizhongxin,10.9,24
2016-05-26,Aotizhongxin,22.7,24
2016-05-27,Aotizhongxin,44.8,24
2016-05-28,Aotizhongxin,40.9,24
2016-05-29,Aotizhongxin,33.7,23
2016-05-30,Aotizhongxin,77.2,24
2016-05-31,Aotizhongxin,43.4,24
2016-06-01,Aotizhongxin,29.2,24
2016-06-02,Aotizhongxin,44.7,24
2016-06-03,Aotizhongxin,81,24
2016-06-04,Aotizhongxin,80.8,24
2016-06-05,Aotizhongxin,70.3,24
2016-06-06,Aotizhongxin,88.1,24
2016-06-07,Aotizhongxin,57.5,24
2016-06-08,Aotizhongxin,123,24
2016-06-09,Aotizhongxin,109,24
2016-06-10,Aotizhongxin,52.4,24
2016-06-11,Aotizhongxin,10,24
2016-06-12,Aotizhongxin,67.9,23
2016-06-13,Aotizhongxin,43.6,21
2016-06-14,Aotizhongxin,36.9,24
2016-06-15,Aotizhongxin,17.5,24
2016-06-16,Aotizhongxin,23.3,21
2016-06-17,Aotizhongxin,13.4,22
2016-06-18,Aotizhongxin,28.4,23
2016-06-19,Aotizhongxin,62.6,24
2016-06-20,Aotizhongxin,87,24
2016-06-21,Aotizhongxin,91.3,24
2016-06-22,Aotizhongxin,51.7,24
2016-06-23,Aotizhongxin,79.9,23
2016-06-24,Aotizhongxin,15.8,24
2016-06-25,Aotizhongxin,16.3,24
2016-06-26,Aotizhongxin,39.9,21
2016-06-27,Aotizhongxin,58,24
2016-06-28,Aotizhongxin,73.7,24
2016-06-29,Aotizhongxin,113.1,24
2016-06-30,Aotizhongxin,55,24
2016-07-01,Aotizhongxin,13.5,24
2016-07-02,Aotizhongxin,52.2,24
2016-07-03,Aotizhongxin,82.5,24
2016-07-04,Aotizhongxin,136.8,24
2016-07-05,Aotizhongxin,96.2,24
2016-07-06,Aotizhongxin,68.8,24
2016-07-07,Aotizhongxin,108.5,24
2016-07-08,Aotizhongxin,91,24
2016-07-09,Aotizhongxin,78.7,24
2016-07-10,Aotizhongxin,88.6,24
2016-07-11,Aotizhongxin,87.8,24
2016-07-12,Aotizhongxin,25.8,24
2016-07-13,Aotizhongxin,22.7,24
2016-07-14,Aotizhongxin,39.6,24
2016-07-15,Aotizhongxin,42.8,24
2016-07-16,Aotizhongxin,42.2,24
2016-07-17,Aotizhongxin,81.2,23
2016-07-18,Aotizhongxin,102.5,24
2016-07-19,Aotizhongxin,97.8,24
2016-07-20,Aotizhongxin,40.8,24
2016-07-21,Aotizhongxin,25.9,24
2016-07-22,Aotizhongxin,84.5,24
2016-07-23,Aotizhongxin,136.3,24
2016-07-24,Aotizhongxin,70.1,24
2016-07-25,Aotizhongxin,,16
2016-07-26,Aotizhongxin,,6
2016-07-27,Aotizhongxin,47,24
2016-07-28,Aotizhongxin,49.4,24
2016-07-29,Aotizhongxin,117,24
2016-07-30,Aotizhongxin,144.8,22
2016-07-31,Aotizhongxin,52.4,24
2016-08-01,Aotizhongxin,65.6,22
2016-08-02,Aotizhongxin,57.2,22
2016-08-03,Aotizhongxin,54.4,24
2016-08-04,Aotizhongxin,108.3,24
2016-08-05,Aotizhongxin,63,24
2016-08-06,Aotizhongxin,105.3,24
2016-08-07,Aotizhongxin,18.6,24
2016-08-08,Aotizhongxin,33.6,24
2016-08-09,Aotizhongxin,43.8,24
2016-08-10,Aotizhongxin,76.7,23
2016-08-11,Aotizhongxin,83.1,24
2016-08-12,Aotizhongxin,60.3,23
2016-08-13,Aotizhongxin,22.7,24
2016-08-14,Aotizhongxin,20.3,24
2016-08-15,Aotizhongxin,21.8,24
2016-08-16,Aotizhongxin,23.7,24
2016-08-17,Aotizhongxin,64.2,24
2016-08-18,Aotizhongxin,82.4,24
2016-08-19,Aotizhongxin,19.8,24
2016-08-20,Aotizhongxin,56.4,24
2016-08-21,Aotizhongxin,51.1,24
2016-08-22,Aotizhongxin,44.2,24
2016-08-23,Aotizhongxin,65.6,24
2016-08-24,Aotizhongxin,77.8,24
2016-08-25,Aotizhongxin,19.2,24
2016-08-26,Aotizhongxin,9.9,24
2016-08-27,Aotizhongxin,13.9,24
2016-08-28,Aotizhongxin,11,24
2016-08-29,Aotizhongxin,17.6,24
2016-08-30,Aotizhongxin,31.2,24
2016-08-31,Aotizhongxin,17.7,23
2016-09-01,Aotizhongxin,6.2,24
2016-09-02,Aotizhongxin,11.8,24
2016-09-03,Aotizhongxin,18.5,24
2016-09-04,Aotizhongxin,79.8,24
2016-09-05,Aotizhongxin,27,24
2016-09-06,Aotizhongxin,,18
2016-09-07,Aotizhongxin,,11
2016-09-08,Aotizhongxin,20.7,24
2016-09-09,Aotizhongxin,19.9,24
2016-09-10,Aotizhongxin,14.8,24
2016-09-11,Aotizhongxin,36.6,24
2016-09-12,Aotizhongxin,29.5,24
2016-09-13,Aotizhongxin,90.8,24
2016-09-14,Aotizhongxin,101.8,24
2016-09-15,Aotizhongxin,73.4,24
2016-09-16,Aotizhongxin,136.9,24
2016-09-17,Aotizhongxin,43.6,24
2016-09-18,Aotizhongxin,20.9,24
2016-09-19,Aotizhongxin,10.7,24
2016-09-20,Aotizhongxin,18.3,24
2016-09-21,Aotizhongxin,67.3,24
2016-09-22,Aotizhongxin,106.7,24
2016-09-23,Aotizhongxin,136.9,22
2016-09-24,Aotizhongxin,121.6,24
2016-09-25,Aotizhongxin,166,24
2016-09-26,Aotizhongxin,57,24
2016-09-27,Aotizhongxin,26.3,23
2016-09-28,Aotizhongxin,15.9,22
2016-09-29,Aotizhongxin,54.1,24
2016-09-30,Aotizhongxin,100.6,24
2016-10-01,Aotizhongxin,164.1,24
2016-10-02,Aotizhongxin,189.6,24
2016-10-03,Aotizhongxin,119.8,24
2016-10-04,Aotizhongxin,34.8,24
2016-10-05,Aotizhongxin,55.8,24
2016-10-06,Aotizhongxin,70.9,24
2016-10-07,Aotizhongxin,41.2,24
2016-10-08,Aotizhongxin,11,24
2016-10-09,Aotizhongxin,30.4,24
2016-10-10,Aotizhongxin,92.3,22
2016-10-11,Aotizhongxin,115.6,24
2016-10-12,Aotizhongxin,76.1,24
2016-10-13,Aotizhongxin,161.3,24
2016-10-14,Aotizhongxin,240.3,24
2016-10-15,Aotizhongxin,199.5,22
2016-10-16,Aotizhongxin,112.5,24
2016-10-17,Aotizhongxin,70.6,23
2016-10-18,Aotizhongxin,115.3,24
2016-10-19,Aotizhongxin,230.2,24
2016-10-20,Aotizhongxin,93.8,24
2016-10-21,Aotizhongxin,46.4,24
2016-10-22,Aotizhongxin,15.6,24
2016-10-23,Aotizhongxin,26.7,24
2016-10-24,Aotizhongxin,69.3,24
2016-10-25,Aotizhongxin,101.9,24
2016-10-26,Aotizhongxin,48,24
2016-10-27,Aotizhongxin,33,24
2016-10-28,Aotizhongxin,10.2,24
2016-10-29,Aotizhongxin,20.6,24
2016-10-30,Aotizhongxin,47.9,24
2016-10-31,Aotizhongxin,7,24
2016-11-01,Aotizhongxin,39,24
2016-11-02,Aotizhongxin,102.6,22
2016-11-03,Aotizhongxin,196.8,24
2016-11-04,Aotizhongxin,246.4,24
2016-11-05,Aotizhongxin,175.5,24
2016-11-06,Aotizhongxin,67,24
2016-11-07,Aotizhongxin,43.9,24
2016-11-08,Aotizhongxin,35.7,24
2016-11-09,Aotizhongxin,159.1,22
2016-11-10,Aotizhongxin,147.6,24
2016-11-11,Aotizhongxin,74.8,24
2016-11-12,Aotizhongxin,72.7,24
2016-11-13,Aotizhongxin,96.6,24
2016-11-14,Aotizhongxin,44.1,24
2016-11-15,Aotizhongxin,41.3,24
2016-11-16,Aotizhongxin,106.8,24
2016-11-17,Aotizhongxin,113.6,24
2016-11-18,Aotizhongxin,193.2,24
2016-11-19,Aotizhongxin,127.6,24
2016-11-20,Aotizhongxin,51.5,24
2016-11-21,Aotizhongxin,9.8,24
2016-11-22,Aotizhongxin,8.2,24
2016-11-23,Aotizhongxin,16,24
2016-11-24,Aotizhongxin,70.7,22
2016-11-25,Aotizhongxin,165.8,24
2016-11-26,Aotizhongxin,277.9,24
2016-11-27,Aotizhongxin,59.5,24
2016-11-28,Aotizhongxin,58.7,24
2016-11-29,Aotizhongxin,110,24
2016-11-30,Aotizhongxin,93.9,24
2016-12-01,Aotizhongxin,29.9,24
2016-12-02,Aotizhongxin,86.7,24
2016-12-03,Aotizhongxin,206.8,24
2016-12-04,Aotizhongxin,310,24
2016-12-05,Aotizhongxin,38.5,24
2016-12-06,Aotizhongxin,88,24
2016-12-07,Aotizhongxin,139.7,24
2016-12-08,Aotizhongxin,94.6,24
2016-12-09,Aotizhongxin,21.5,24
2016-12-10,Aotizhongxin,44.5,24
2016-12-11,Aotizhongxin,176.8,24
2016-12-12,Aotizhongxin,211.8,24
2016-12-13,Aotizhongxin,48.5,24
2016-12-14,Aotizhongxin,24.9,24
2016-12-15,Aotizhongxin,27.5,24
2016-12-16,Aotizhongxin,85,24
2016-12-17,Aotizhongxin,211.7,24
2016-12-18,Aotizhongxin,228.1,24
2016-12-19,Aotizhongxin,229.5,24
2016-12-20,Aotizhongxin,336,24
2016-12-21,Aotizhongxin,370.9,24
2016-12-22,Aotizhongxin,68.1,24
2016-12-23,Aotizhongxin,29.9,24
2016-12-24,Aotizhongxin,129.6,24
2016-12-25,Aotizhongxin,159,24
2016-12-26,Aotizhongxin,50.8,24
2016-12-27,Aotizhongxin,33,23
2016-12-28,Aotizhongxin,64.5,24
2016-12-29,Aotizhongxin,54.9,24
2016-12-30,Aotizhongxin,200.6,24
2016-12-31,Aotizhongxin,301.2,24
