id,family_id,name,buyer,paid_job,data_sources,integration,host_app,component_gaps,delivery_model,price_hypothesis,acquisition_route,pilot_effort,main_risk,pain_score,data_access_score,buyer_access_score,speed_score,component_fit_score,differentiation_score,operating_ease_score,weighted_score,confidence,verdict,validation_test,evidence_refs
O001,F01,Actual-cost contribution exception audit,"Owner or fractional finance lead of a 500–5,000 order/month Shopify brand","Find and resolve orders whose contribution deteriorated after refunds, shipping adjustments, or missing costs",Shopify order/line/refund export; merchant SKU cost history; shipment final invoices; processor fee export,Customer-initiated files first; host resolves effective-date costs and aggregates refunds/shipments before order joins; weekly refresh,Import coverage check → contribution investigations → host exception queue → accepted correction record,"Configuration and host work first; no required component change. Optional public filtered-selection hook later, 1–3 days; browser capacity untested.","Assisted export audit, then recurring review",Proposed USD400–900 initial audit; USD150–350/store/month review,Ten Shopify-focused bookkeeping or fractional-finance firms and their consenting merchant clients,Proposed data 3–5d; host 2–4d; component 0d; pilot 1–2wk; support 1–2h/client/month,Incomplete historical costs can turn an apparent loss into a modeling artifact,8,8,6,9,8,5,7,7.5,Medium,GO—validate,"Of ten qualified prospects, three provide a redacted complete month, two pay at least USD400, and each accepts at least one material correction; fail if exports cannot explain totals or existing tools resolve every case",R01;R02;R03;R04;R05;R09;R10;A001;A010;A011;A012;A020;A023
O002,F01,Apparel return-cause evidence review,Merchandising or operations lead of a Shopify apparel brand,"Choose a sizing, listing, supplier, or packaging correction from mature returned-unit cohorts",Shopify fulfilled order lines and return lines; merchant return-reason CSV; optional batch/inspection data,Files first; read_orders/read_returns connected route; aggregate return events to fulfilled-line denominators and preserve exchange/refund distinctions,Coverage/aging screen → variant reason views → evidence cases → merchandising task list,"Configuration and host work first; no required component change. Optional public filtered-selection hook later, 1–3 days; browser capacity untested.",Seasonal assisted audit or recurring returns review,Proposed USD300–800/audit or USD99–249/store/month,Ten apparel agencies or independent brands with multi-size catalogues,Proposed data 3–5d; host 3–4d; component 0d; pilot 2wk; support 1–2h/month,Reason fields and supplier batches may be too incomplete to support the proposed action,7,8,6,8,8,5,6,7.05,Medium,GO—validate,Three of ten prospects provide fulfilled-line and reason samples; two buy USD300 reviews and accept a specific listing/process test; fail if most reasons are missing or no decision changes,R01;R02;R04;R07;R09;A001;A015;A016
O003,F01,Promotion rule leakage review,Owner or merchandising manager of a promotion-heavy Shopify store,Find orders that received unintended combinations or discount levels and change the next promotion rule,Order-line net/discount allocations; code/application records; approved promotion rule and exception sheet,"Order export plus merchant rule table; host applies effective dates and approved stacking logic, then emits order/rule exceptions",Promotion upload → coverage → discount distribution → approved-exception queue → rule-change worksheet,"Configuration and host work first; no required component change. Optional public filtered-selection hook later, 1–3 days; browser capacity untested.",Fixed campaign audit with optional quarterly review,Proposed USD250–600/campaign; USD79–199/month for repeated promotions,Ten promotion agencies or merchants running frequent bundles or influencer codes,Proposed data 2–4d; host 2–3d; component 0d; pilot 1–2wk; support 0.5–1.5h/month,Merchant intent is often undocumented; discounts alone do not prove leakage,6,8,6,9,7,5,8,6.95,Medium,GO—validate,Three of ten supply rule-plus-order samples; two pay USD250 and confirm a rule correction; fail if no written intent or buyer only wants discount totals,R01;R02;R04;R08;A001;A010;A011;A014
O004,F01,Final shipping subsidy and threshold review,"Operations lead of a Shopify brand selling bulky, fragile or low-margin goods",Revise shipping thresholds or packaging after matching final carrier charges to customer-paid shipping,Orders and shipping charged; shipment labels/tracking/order IDs; final carrier invoice adjustments; optional package weights/zones,ShipStation export and customer carrier files; bridge split shipments to orders; host compares final charges with charged shipping,Shipment coverage → subsidy/zone investigation → reviewed order cases → threshold or packaging decision,"Configuration and host work first; no required component change. Optional public filtered-selection hook later, 1–3 days; browser capacity untested.",Monthly assisted review or fixed carrier-period audit,Proposed USD400–900/audit; USD150–300/store/month,Ten bulky-goods brands or shipping consultants identified through public practice/case-study sites,Proposed data 4–6d; host 2–4d; component 0d; pilot 2wk; support 1–3h/month,Final surcharges and order-to-shipment links may be unavailable or many-to-many,7,7,6,8,8,5,6,6.85,Medium,GO—validate,Three of ten provide label and final-invoice files; two pay USD400; match 95% of pilot shipment spend and produce one accepted threshold/packaging test; fail on missing final costs,R01;R02;R04;R09;A001;A020;A021
O005,F01,Consumable reorder-window cohort review,Retention lead of a Shopify consumables brand,Choose a reorder reminder window from observed repeat-order timing and retained contribution,12-month orders/lines/refunds; pseudonymous customer ID; product family; optional subscription flags and cost history,Historical merchant export first; connected read_all_orders approval needed for old orders; host creates mature customer-cohort frames,History coverage → first-product cohorts → repeat-time distributions → campaign timing worksheet,"Configuration and host work first; no required component change. Optional public filtered-selection hook later, 1–3 days; browser capacity untested.",Quarterly retention analysis service,"Proposed USD500–1,000/cohort study; USD150–300/month only with repeated testing",Ten consumable-brand retention consultants and lifecycle agencies,Proposed data 4–6d; host 3–5d; component 0d; pilot 2–3wk after history access; support 1–2h/month,Lifetimely already serves cohort/LTV work; a distinct paid decision has not been shown,6,7,6,7,8,3,7,6.3,Low,HOLD—resolve dependency,Require three historical samples and two paid commitments for a timing decision not answered by Lifetimely; otherwise reject before connector work,R02;R04;R07;R09;A001;A010;A013
O006,F01,Gift-card balance rollforward exception review,Bookkeeper or controller of a Shopify merchant with meaningful gift-card balances,"Explain the difference between opening balance, issuances/redemptions/adjustments and closing liability records",Gift-card opening/closing snapshots and transaction export; merchant ledger balances; issue method/date/currency,Merchant exports first; read_gift_cards connected route after permission test; host builds card-level rollforward and ledger reconciliation,Period import → rollforward coverage → mismatch investigations → accountant-reviewed adjustment worksheet,"Configuration and host work first; no required component change. Optional public filtered-selection hook later, 1–3 days; browser capacity untested.",Monthly close service or one-time backlog cleanup,"Proposed USD250–600/close; USD500–1,200 backlog review",Ten ecommerce bookkeeping practices with Shopify gift-card clients,Proposed data 3–5d; host 2–4d; component 0d; pilot 2wk; support 1–2h/close,Native reports and existing bookkeeping integrations may already explain all differences,6,8,6,8,7,3,7,6.55,Low,HOLD—resolve dependency,Three of ten show unresolved balances after native/Link My Books workflow; two pay USD250 for an evidence review; fail if only a missing standard report is needed,R01;R02;R04;R05;A017;A018;A019;A076
O007,F01,Wholesale contract price adherence audit,Owner or sales-operations lead of a Shopify brand with manually negotiated wholesale terms,Find invoice/order lines that depart from customer-approved SKU and volume pricing,Shopify order lines and account tags/IDs; merchant contract rate sheet with effective dates and quantity breaks; approved exceptions,Order CSV plus contract spreadsheet; host resolves account/SKU/range keys before many-to-one display lookups,Contract import → unmatched terms → price-variance investigation → sales-owner correction queue,"Configuration and host work first; no required component change. Optional public filtered-selection hook later, 1–3 days; browser capacity untested.",Monthly assisted audit or quarterly review,Proposed USD400–900/setup audit; USD150–300/month,Ten independent wholesale-enabled brands and Shopify B2B implementation consultancies,Proposed data 3–5d; host 2–4d; component 0d; pilot 2wk; support 1–2h/month,"Contract terms are bespoke, ambiguous or intentionally overridden",7,8,6,8,8,6,7,7.2,Medium,GO—validate,Three of ten map 95% of pilot line value to written terms; two pay USD400 and confirm one correction; fail if contract meaning cannot be agreed,R01;R02;R04;A001;A010;A014;M008;M009
O008,F02,Processor payout close exception review,Bookkeeper or controller of a Stripe-using business,Explain unmatched processor-to-bank payout differences and prepare a close exception worksheet,"Stripe automatic-payout and balance CSV with expected arrival date, payout IDs and balance transactions; customer bank/ledger exports",Files first; match payout batches separately from bank receipt date; Stripe Apps read-scoped connector later,Source totals → payout bridge → fee/refund exception investigations → accountant-reviewed close queue,"Configuration and host work first; no required component change. Optional public filtered-selection hook later, 1–3 days; browser capacity untested.",Monthly close service,"Proposed USD250–600/account/month; USD500–1,000 backlog audit",Ten Stripe/ecommerce bookkeeping practices with visible client specialization,Proposed data 2–4d; host 2–4d; component 0d; pilot 1–2wk; support 1–2h/close,Existing native report or accounting sync may already resolve the discrepancy,8,9,6,9,8,4,7,7.6,Medium,GO—validate,Three of ten provide a closed period; two pay USD250; all control totals reconcile and at least one residual case is accepted; fail if native Stripe/Synder already answers it,R01;R02;R04;R05;A023;A024;A025;A026;A036
O009,F02,Failed-renewal retry policy diagnosis,Finance or subscription operations lead at a small Stripe SaaS business,Explain unrecovered renewals by attempt sequence and choose an operational follow-up policy,Invoices/subscriptions/prices plus complete failed-payment attempt logs for the proposed 90-day window; optional customer-policy tags,Read-scoped snapshots plus customer-retained events; Stripe List Events alone covers only 30 days; forward capture if no history,History coverage → recovery cohorts → attempt-sequence cases → policy experiment worksheet,"Configuration and host work first; no required component change. Optional public filtered-selection hook later, 1–3 days; browser capacity untested.","Diagnostic service, with recurring monitoring only after history proof","Proposed USD500–1,200/diagnosis; USD150–400/month if justified",Ten SaaS billing consultants or bootstrapped recurring-revenue businesses,Proposed data 4–7d after logs; host 3–5d; component 0d; pilot 2–3wk after access; support 1–3h/month,"Essential historic attempt ledger may not exist, and native recovery analytics already serves much of the job",7,,6,6,8,4,5,,Low,HOLD—resolve dependency,Require three complete attempt histories and two USD500 commitments beyond native analytics; fail or narrow to forward-only study if history missing; exclude unknown-access total,R02;R03;R04;A026;A028;A029;A033;A038
O010,F02,Subscription price migration preflight,"Founder, finance lead or billing engineer of a Stripe SaaS business preparing a price change",Identify subscription-item exceptions and review expected invoice outcomes before a price migration,Stripe subscription/items/prices/invoices/discounts snapshot; customer-approved old-to-new price map; customer-run invoice previews for representative cases,Customer read-only export or approved Stripe Apps read scopes; host resolves item-level changes and compares preview outputs; no price mutation,Snapshot coverage → migration cohorts → item/quantity/proration cases → owner-approved migration checklist,"Configuration and host work first; no required component change. Optional public filtered-selection hook later, 1–3 days; browser capacity untested.",Fixed professional preflight service; repeat per major migration,"Proposed USD600–1,500/migration; USD150–300 follow-up verification",Ten Stripe billing consultancies or SaaS development agencies with pricing projects,Proposed data 3–5d; host 3–4d; component 0d; pilot 1–2wk; support 1–3h/migration,Contract exceptions and invoice preview permissions may be more complex than the proposed scope,8,8,6,8,8,7,8,7.6,Medium,GO—validate,Three of ten can supply stable item-level snapshots; two pay USD600 and identify an accepted migration exception; pass preview agreement on at least 20 diverse cases; fail if no exception beyond native guidance,R01;R02;R04;R05;A025;A026;A031;A032;A037
O011,F02,Metered usage to invoice variance review,Finance lead and billing engineer of a usage-billed SaaS company,Explain mismatches between the independent billable-usage ledger and billed quantities/amounts,Customer billable-usage ledger with event id/unit/time/account; meter/customer mapping; pricing version; Stripe meter summaries and invoice lines,Customer-owned database/export first; host aggregates and reconciles after ingestion watermarks; never stream the event warehouse to browser,Unit/coverage check → account-period variance views → source sample → engineer-owned repair queue,"Configuration and host work first; no required component change. Optional public filtered-selection hook later, 1–3 days; browser capacity untested.","Assisted billing-control pilot, recurring only after repeatable mapping","Proposed USD750–2,000/pilot; USD250–600/month",Ten usage-billing implementation consultants or SaaS teams publishing metered-price plans,Proposed data 7–12d; host 4–6d; component 0d; pilot 3–4wk after ledger proof; support 2–5h/month,Independent complete billable-usage ledger and pricing semantics are unverified,9,,6,5,8,7,4,,Low,HOLD—resolve dependency,Three of ten demonstrate independent ledger and pricing versions; two commit USD750; reconcile known injected examples with buyer engineer; fail before build if source ledger is absent,R02;R03;R04;R09;A026;A039
O012,F02,FBA reimbursement evidence gap review,Finance or inventory operations lead of an Amazon FBA seller,Identify potentially unresolved inventory events and assemble a review packet under the seller-approved reimbursement policy,"Seller-owned FBA inventory ledger, returns and reimbursements reports; shipment/claim records; relevant policy version",Export-first entitlement check; SP-API Reports only after developer role/provider rights and economics are verified; daily source freshness,Report coverage → event/reimbursement links → eligibility review queue → seller-owned claim packet,"Configuration and host work first; no required component change. Optional public filtered-selection hook later, 1–3 days; browser capacity untested.",Fixed evidence audit; no automatic claims or contingent recovery promise,"Proposed USD500–1,200/review; recurring model gated",Ten Amazon-specialist bookkeeping/inventory practices with FBA clients,Proposed data 5–9d; host 4–6d; component 0d; pilot 3wk after rights/policy proof; support 2–4h/month,"Commercial provider access, current fee economics and exact claim eligibility remain unresolved",8,,6,5,8,4,4,,Low,HOLD—resolve dependency,"Before selling, verify provider rights and fee/policy terms; three of ten supply complete reports; two USD500 commitments; fail on unsupported claims or missing ledger identifiers",R02;R04;R09;A040;A041;A042;A043
O013,F02,Dispute evidence completeness dashboard,Operations lead of a small online seller receiving Stripe disputes,"Review whether dispute cases contain delivery, policy and customer-interaction evidence before the customer responds",Stripe disputes/charges/invoices; customer-owned delivery and support evidence; deadlines and reason codes,Read-scoped Stripe snapshots plus manual attachments; host links evidence by order/charge ID; no automatic submission,Deadline list → evidence gaps → source cases → customer-owned response packet,"Configuration and host work first; no required component change. Optional public filtered-selection hook later, 1–3 days; browser capacity untested.",Hypothetical fixed review service; not recommended as a generic product,Proposed test only: USD200–500/review; no product launch recommended,Ten merchant chargeback consultants or ecommerce operators for rejection interviews,Proposed data 4–6d; host 4–6d; component 0d; pilot 2–3wk if reopened; high deadline-driven support,Native Stripe Smart Disputes and Chargeflow cover much of the proposed workflow,7,8,6,7,6,1,3,6.15,Medium,NO-GO,Reopen only if three of ten demonstrate repeatable external evidence missing from both alternatives and two pay USD200; reject generic evidence dashboard now,R01;R02;R04;A026;A034;A035
O014,F03,Supplier promise and receipt reliability review,Purchasing manager or owner of an independent distributor,"Choose a supplier escalation, order buffer or purchasing change from partial-receipt evidence","Purchase-order lines, original promise dates, dated receipts, vendor/item IDs; optional defects and stockout records",Zoho Inventory read scopes or merchant exports; host reconstructs receipt milestones and open-order censoring,Source/promise coverage → supplier distributions → late/short PO cases → purchasing action list,"Configuration and host work first; no required component change. Optional public filtered-selection hook later, 1–3 days; browser capacity untested.",Monthly purchasing review service,"Proposed USD500–1,000/audit; USD150–350/month",Ten Zoho/inventory implementation practices or independent distributors,Proposed data 4–6d; host 3–4d; component 0d; pilot 2wk; support 1–2h/month,Revised promise dates or missing original commitments can invalidate on-time metrics,7,8,6,8,8,6,7,7.2,Medium,GO—validate,Three of ten provide original promise and receipt samples; two pay USD500 and change an agreed supplier action; fail if timestamps cannot support a fair denominator,R02;R04;R07;A044;A045;A046;A047;A052;A053;M010
O015,F03,Purchase receipt and supplier bill variance audit,Controller or purchasing owner of a small distributor,"Resolve quantity/rate mismatches across a purchase order, partial receipts and supplier bill","PO lines, receipt lines, supplier bill lines/credits, approved prices and unit conversions",Zoho documented READ scopes or authorized CSV; host line-bridge and three-way quantity/value matching before browser,Coverage/control totals → rate/quantity variance views → documented supplier cases → credit/review worksheet,"Configuration and host work first; no required component change. Optional public filtered-selection hook later, 1–3 days; browser capacity untested.",Fixed supplier-period audit,Proposed USD400–900/audit; USD150–300/month if repeatable,Ten inventory/accounting implementers or distributors with partial receipts,Proposed data 4–7d; host 3–4d; component 0d; pilot 2–3wk; support 1–3h/month,A standard ERP matching workflow may already solve the problem; invoice-line links may be ambiguous,7,8,6,7,8,4,6,6.8,Low,HOLD—resolve dependency,Three of ten show unresolved cases after native workflow; two USD400 commitments; match 95% of line value; fail if native controls or manual mapping dominate,R01;R02;R04;A044;A045;A046;A047;A048;A049
O016,F03,Inter-location stock transfer decision review,Owner or operations lead of a 2–5 location specialty retailer,Decide which stock to transfer between locations before buying more inventory,Dated SKU/location stock; sales and returns by location/day; open transfers/purchase commitments; transfer costs and constraints,Customer inventory exports; host snapshots and movement reconciliation; location/SKU aggregate frames,Freshness/coverage → location imbalance views → transfer candidate cases → buyer-approved move worksheet,"Configuration and host work first; no required component change. Optional public filtered-selection hook later, 1–3 days; browser capacity untested.",Weekly assisted planning service or lightweight portal,Proposed USD300–700/setup; USD100–250/month,Ten multi-location specialty retailers or inventory consultants,Proposed data 4–6d; host 3–5d; component 0d; pilot 2–3wk; support 1–2h/week initially,Native transfer/replenishment tools may already suffice and observed sales omit stockout demand,6,8,6,7,8,3,5,6.4,Low,HOLD—resolve dependency,Three of ten supply reconciled snapshots and costs; two pay USD300 for a specific transfer decision beyond their planner; fail if stale stock or incumbent matches output,R02;R04;R07;A049;A051;A052;A053
O017,F03,Deadstock disposition evidence review,Owner or buying manager of a seasonal or long-tail retailer,"Choose a markdown, bundle, supplier return or liquidation action for aged stock",Dated stock and receipts; sales/returns; SKU cost history; merchant salvage/return constraints and proposed markdown values,Merchant exports; host inventory-age and exposure rules; snapshot by SKU/location; no recovery forecast,Coverage/age screen → slow-stock investigations → disposition scenarios → approved SKU action worksheet,"Configuration and host work first; no required component change. Optional public filtered-selection hook later, 1–3 days; browser capacity untested.",Quarterly or seasonal assisted review,Proposed USD400–900/review; USD100–250/month only with active ongoing buying,Ten seasonal retailers or inventory/accounting consultancies,Proposed data 3–5d; host 2–4d; component 0d; pilot 1–2wk; support 1–2h/review,Stock age and salvage values may be unknowable; native ABC analysis may already guide the action,7,8,6,8,8,5,7,7.1,Medium,GO—validate,Three of ten supply cost/age samples; two pay USD400 and approve a concrete disposition action; fail if stock age unavailable or existing report gives same result,R02;R04;R07;A049;A051;A052
O018,F03,3PL invoice contract evidence audit,Finance or operations lead of a brand using one third-party fulfillment provider,"Confirm specific invoice-rate, tier, duplicate or quantity exceptions against a dated contract",Customer 3PL invoice lines; effective-dated rate card; order/shipment/receipt/storage activity; prior credits,"Customer files first; host classifies fees, resolves contract tiers and matches evidence; one provider format per pilot",Contract/coverage screen → charge distributions → invoice-to-activity cases → buyer-approved credit inquiry packet,"Configuration and host work first; no required component change. Optional public filtered-selection hook later, 1–3 days; browser capacity untested.","Fixed assisted audit, then monthly review","Proposed USD500–1,000/initial audit; USD200–500/month per provider",Ten 3PL consultants or brands with published fulfillment-provider use,Proposed data 4–7d; host 3–5d; component 0d; pilot 2–3wk; support 1–3h/month,AuditHarbor already promises the same assisted evidence handoff; no specific paid differentiation is established,8,8,6,8,9,3,6,7.2,Low,HOLD—resolve dependency,Compare directly with AuditHarbor before build: three of ten explain a concrete unmet need and two pay USD500 despite its free check; require 95% of billed value classified and a buyer-accepted case; fail if equivalent incumbent offer suffices,R01;R02;R04;R05;A020;A054;A055
O019,F03,Cycle-count prioritization worksheet,Warehouse lead of a small retailer or distributor,"Choose the next stock-count batch from prior discrepancies, movement and item value",Inventory snapshots/movements; prior physical-count records; SKU/location IDs; unit costs and last-count date,Authorized exports; host aligns physical-count timing with stock records and ranks under buyer policy,Count coverage → discrepancy/value investigation → explicit next-count list → existing counting process,"Configuration and host work first; no required component change. Optional public filtered-selection hook later, 1–3 days; browser capacity untested.",Hypothetical periodic planning service; generic standalone product rejected,Proposed test only USD150–300/planning review,Ten small warehouse/inventory consultancies for rejection interviews,Proposed data 3–5d; host 2–4d; component 0d; pilot 1–2wk if reopened; support 1–2h/month,Native inventory/count tools cover execution and simple ranking may not warrant another product,5,8,6,8,6,2,6,6.05,Medium,NO-GO,Reopen only if three of ten show a repeated prioritization gap and two pay USD150 beyond existing count tools; reject if a saved native report is enough,R02;R04;R07;A049;A051;A052;A056
O020,F04,Paid-search intent waste review,Owner or paid-search lead of a small specialist marketing agency,Review search terms against the client service boundary and approve specific exclusions,Google Ads search-term report by account/campaign/ad group/date; spend/clicks/conversions; client service/brand/intent rule sheet,Customer report export first; Google Ads v25 reporting with OAuth/developer token later; host classifies available reported terms,Coverage and intent rules → spend/intent investigation → explicit candidate list → agency-approved negative-keyword worksheet,"Configuration and host work first; no required component change. Optional public filtered-selection hook later, 1–3 days; browser capacity untested.",Fixed account audit or monthly agency review,Proposed USD250–600/account audit; USD100–250/account/month,Ten niche PPC agencies with public sector-specific case studies,Proposed data 2–4d; host 2–3d; component 0d; pilot 1–2wk; support 1–2h/account/month,Native Google Ads/Optmyzr already supports optimization and reported terms are not the full query population,6,8,7,9,7,4,7,6.95,Medium,GO—validate,Three of ten provide reported-term files and intent rules; two pay USD250; at least five approved exclusions per audit with no in-scope terms in reviewed sample; fail if native process equals result,R01;R02;R04;R07;A057;A058;A059;A060;A065;A069
O021,F04,Offline conversion import coverage reconciliation,Agency paid-search lead responsible for lead quality and client reporting,Explain eligible CRM conversions missing from an upload file and separate upload failures from attribution differences,CRM record export with stable lead/deal ID and qualified timestamp; original conversion upload files and available per-row results; Google Ads reports/diagnostics; campaign map,Customer exports first; host matches CRM-to-submitted records; native diagnostics are short summaries; any new uploads would require separately verified Data Manager API integration,Definition and coverage screen → source/submitted/reported bridge → explicit conversion cases → agency repair worksheet,"Configuration and host work first; no required component change. Optional public filtered-selection hook later, 1–3 days; browser capacity untested.","Fixed agency/client diagnostic, then monthly control review","Proposed USD400–1,000/audit; USD100–250/client/month",Ten lead-generation agencies publishing CRM/offline conversion case studies,Proposed data 4–6d; host 3–4d; component 0d; pilot 2wk; support 1–2h/month,Original import ledger or qualification timestamps may be missing; successful uploads do not equal attributed conversions,8,8,7,8,8,6,6,7.55,Medium,GO—validate,Three of ten supply CRM and original upload files; two pay USD400; reconcile every source/submitted control count and verify two seeded known cases; fail if record-level ledger is absent or only aggregate attribution curiosity remains,R01;R02;R04;R05;A058;A059;A065;A075;A077;A078;A079
O022,F04,Advertising budget pacing against service capacity,Owner or account lead of a local-service marketing agency,Adjust a client budget recommendation when remaining appointment/service capacity changes,Daily campaign spend and conversion definitions; approved monthly budget; client-supplied aggregate capacity/booked slots by region/week,Customer Ads report plus weekly capacity sheet; host date/currency/calendar alignment and scenario arithmetic,Freshness/capacity screen → spend-versus-slots investigation → scenario comparison → client approval worksheet,"Configuration and host work first; no required component change. Optional public filtered-selection hook later, 1–3 days; browser capacity untested.",Weekly agency advisory workflow,Proposed USD300–600/setup; USD75–200/client/month,Ten local-service agencies with appointment or installation clients,Proposed data 3–5d; host 3–4d; component 0d; pilot 2wk; support 1–2h/week initially,Capacity is stale or not attributable to paid demand; native PPC budget tools already handle pacing,6,7,7,8,7,4,5,6.5,Low,HOLD—resolve dependency,Three of ten can supply weekly aggregate capacity; two USD300 commitments and one agreed budget recommendation changed; fail if update burden exceeds 30 minutes/week or native pacing suffices,R02;R04;R07;A060;A065;A069;A078
O023,F04,Merchant feed issue repair prioritization,Shopping ads agency lead or ecommerce catalogue operator,Choose which disapproved or degraded product listings to repair first using source issues and merchant sales context,Merchant API product issue/performance snapshots; merchant product/SKU mapping; prior order/return margin aggregates; feed ownership sheet,"Merchant API v1 or customer diagnostic exports; host aligns offer IDs, markets and effective snapshots; no Content API build",Access/ID coverage → issue-value investigation → source product cases → owner-assigned feed repair queue,"Configuration and host work first; no required component change. Optional public filtered-selection hook later, 1–3 days; browser capacity untested.",Fixed feed incident review or recurring catalogue operations service,Proposed USD300–800/audit; USD100–300/merchant/month,Ten Google Shopping agencies or feed consultants with catalogue case studies,Proposed data 4–6d; host 3–4d; component 0d; pilot 2wk; support 1–2h/month,Existing Merchant Center/DataFeedWatch may already prioritize issues; historical opportunity value is uncertain,7,8,7,8,8,5,7,7.25,Medium,GO—validate,Three of ten map 95% of relevant offer IDs; two pay USD300 and approve repairs for concrete products; fail if issue data unavailable or existing tool provides equal priority/action output,R01;R02;R04;A010;A063;A064;A068
O024,F04,Email fatigue and deliverability cohort review,Lifecycle agency lead or retention operator using Klaviyo,Review whether repeated campaign exposure coincides with deteriorating deliverability and choose a consent-respecting experiment,Klaviyo customer-authorized campaign/aggregate data; stable pseudonymous cohort mapping; send/delivery/bounce/unsubscribe events if permitted,Export-assisted feasibility study only after use-rights confirmation; API commercial use requires policy/permission check; no cross-ESP aggregation assumed,Rights/data coverage → comparable campaign cohorts → evidence cases → agency experiment worksheet,"Configuration and host work first; no required component change. Optional public filtered-selection hook later, 1–3 days; browser capacity untested.",Conditional advisory review; API product held,Proposed USD400–900/review; recurring offer only after rights and value proof,Ten Klaviyo-focused lifecycle agencies for permitted-use and demand interviews,Proposed data 4–7d after clearance; host 3–5d; component 0d; pilot 2–3wk after rights; support 1–3h/month,Published API competitive-product/aggregation restrictions and native deliverability functionality,6,,7,6,7,3,5,,Low,HOLD—resolve dependency,Resolve permitted commercial use in writing as needed before API work; three usable cohorts and two USD400 commitments beyond native analytics; fail on restriction or missing exposure histories,R02;R04;R07;A070;A071;A072;A073
O025,F04,Affiliate refunded-order commission review,Affiliate or partnerships manager of a Shopify merchant,Review whether commissions on refunded or cancelled orders should remain payable under agreed programme terms,Merchant commission/affiliate ledger and hold status; Shopify orders/refunds; versioned affiliate terms and overrides,Customer files only until commission export/API is demonstrated; host order/commission bridge and refund policy calculations,Ledger coverage → refund/commission investigations → explicit cases → partnerships review worksheet,"Configuration and host work first; no required component change. Optional public filtered-selection hook later, 1–3 days; browser capacity untested.",Hypothetical fixed audit; generic standalone product rejected,Proposed test only USD250–600/programme audit,Ten affiliate agencies or Shopify partnership operators for rejection interviews,Proposed data 4–7d; host 3–4d; component 0d; pilot 2–3wk if reopened; support 1–3h/month,Shopify Collabs already cancels commissions on cancelled/fully refunded orders during its hold; residual access/value unproved,5,,6,6,7,2,5,,Low,NO-GO,"Reopen only for a documented partial-refund/custom-contract gap with permissioned commission exports, three samples and two USD250 commitments; reject generic holdback audit",R01;R02;R04;A001;A010;A074
O026,F05,GitHub Actions rerun cost audit,Platform lead at a 20–150 engineer private-repository team,Identify avoidable paid CI reruns and give owners a verified change-and-recheck queue,GitHub run/job JSON; actual billing export; effective runner-rate and owner mapping,"Export-first; later selected-repository GitHub App with Actions read, date-partitioned backfill and daily refresh","Private import/coverage wizard, cost reconciliation, saved case, independent owner checklist and follow-up comparison",None blocking; filtered-row export requires host checklist; optional public selection API later,"Productized service, then optional recurring review",$900 audit for up to 5 repositories; $129/month only with separately demonstrated ongoing review value,"Build ten qualified prospects from public CI cost posts, platform consultancies and GitHub Actions engineering examples",Data 3–4 days; host 2–3 days; component 0 days; pilot 2 weeks; support 0.5 hour/month,"Estimated runner savings do not become reduced invoiced spend, or native metrics already answer the question",8,8,6,8,9,7,7,7.65,Medium: route and competition observed; willingness to pay untested,GO—validate,"Ten qualified prospects; obtain three scrubbed samples, two decision reviews and one $450 deposit; reconcile charges within 2% or documented residual and identify one owner-approved change worth at least $200/month; the $200/month floor qualifies a one-off audit only with buyer-accepted payback; recurring $129/month needs separately demonstrated ongoing value of about $500/month or an agreed labor outcome",R01;R02;R03;R04;R07;R09;B001;B002;B004;B005;B006;B007;B020;B056
O027,F05,Retained-JUnit flaky-test quarantine review,Test infrastructure lead with retained JUnit attempt artifacts,Rank recurring same-revision fail/pass cases and agree a safe quarantine or repair queue,JUnit artifacts; GitHub run/job attempts; customer test ownership and quarantine history,Customer artifact bundle first; later Actions-read artifact retrieval with retention coverage checks,"Artifact parser, stable test identity mapper, evidence review and explicit quarantine recommendation queue",None blocking; repeat-attempt classification and confidence are host logic,Fixed-scope service with optional recurring test review,$750 initial suite review; $99/month one-suite follow-up,Ten engineering teams publicly discussing flaky tests or maintaining large integration suites,Data 4–5 days; host 2–3; component 0; pilot 2–3 weeks; support 1 hour/month,"Artifacts omit retries or parameter identity, making apparent flakes non-comparable",8,7,6,7,9,6,6,7.15,Medium-low: artifacts documented; prospect retention and demand unverified,GO—validate,"Qualify ten retained-artifact teams; two sample bundles, one $375 deposit; reproduce ten candidate cases and secure three accepted repair/quarantine decisions; stop if native Test Engine is equally effective",R01;R02;R04;R07;B001;B002;B003;B007;B008;B020
O028,F05,Pull-request review handoff and capacity audit,Engineering manager of a 20–80 person team with delayed reviews,Identify review handoff bottlenecks and agree team-level process changes,"GitHub PR/review records; customer working calendars, team/owner mapping and draft-state export",Customer JSON export; optional selected-repository pull-request read integration with historical coverage check,"Business-time reconstruction, team cohort workbench, agreed process actions and follow-up review",None blocking; workflow-state reconstruction belongs in host,Consulting-led quarterly review,$650 per team/process review; $150 quarterly refresh,Ten managers or fractional engineering leads from public process posts and consultancy pages,Data 3–4 days; host 2; component 0; pilot 2 weeks; support 1 hour/quarter,Metrics lack draft/working-time context and become misleading individual productivity proxies,6,7,6,8,8,5,7,6.65,"Medium-low: source route observed, incremental buying value weak",GO—validate,"Ten prospects, three walkthroughs, two usable samples, one $325 deposit; uncover a repeated handoff causing at least four PR waiting-hours/month of avoidable delay, obtain buyer-confirmed blocked-work or coordination impact that justifies the fee, and secure a process experiment; waiting-hours are not valued as labor-hours by default",R01;R02;R04;R07;B010;B009;B051
O029,F05,Release-to-incident evidence pack,Platform lead preparing recurring release reliability reviews,Connect verified production deployments to incident cases and agree release-process follow-ups,GitHub deployments/statuses; customer release registry; PagerDuty incidents/log entries; explicit service map,Paired bounded exports; repeat read connectors only after deployment-service mapping passes,"Deployment mapping, window definition, case review, disputed associations and action register",None blocking; causal/event-window logic is host work,Productized release review service,"$1,000 first release review; $199/month one-service follow-up",Ten platform teams with public postmortems or consultants offering release engineering,Data 4–6 days; host 3; component 0; pilot 3 weeks after sample; support 1 hour/month,Actual deployment/service identifiers or incident attribution are absent; temporal proximity is mistaken for cause,7,,5,5,9,6,5,,Low: source endpoints exist but cross-system linkage is customer-dependent,HOLD—resolve dependency,Obtain a 30-day paired sample with at least 20 production deployments and buyer-confirmed service IDs; correctly link 95% to a deployment register and manually review every incident; only then seek a $500 deposit,R02;R03;R04;R07;B011;B023;B024;B060;B020
O030,F05,Runner queue capacity sizing review,Platform engineer operating self-hosted or constrained hosted CI runners,Separate capacity wait from workflow dependencies and choose a runner concurrency experiment,Workflow-job event export; actual runner queue telemetry; job durations; customer capacity calendar and runner cost,Historical exporter if present; otherwise future customer-approved event capture before a pilot,"Queue event validation, capacity replay, assumption editor and experiment comparison",None blocking; queue simulation and ingest are host/server work,Conditional engineering audit,"$1,200 capacity review after a valid observation window",Ten runner operators identified through scaling posts and specialist CI consultancies,Data 5–8 days plus 2-week observation if absent; host 3–4; component 0; support 2 hours/review,Historical queue-enter times are unavailable or workflow waiting is misclassified as runner shortage,7,,5,4,8,5,4,,Low: essential historical timing not established,HOLD—resolve dependency,Collect two weeks of queued/started/completed records with 99% matched events and validate 30 jobs against native queue measures; pay only after missing-event and dependency-wait checks pass,R02;R04;R07;R09;B001;B002;B005;B006;B056;B057
O031,F05,Test-shard balancing experiment workbench,Test infrastructure lead with one long-running sharded suite,Produce and verify a proposed shard assignment that reduces wall-clock feedback time,JUnit case durations and attempts; shard manifest; setup/cache durations; runner capacity constraints,Retained artifact and shard-config export; later nightly artifact refresh,"Stable case identity, constrained bin packing, editable proposal and measured experiment comparison",None blocking; optimizer and scenario computation in host,One-off optimization service,$800 per suite; $150 quarterly rebalance,Ten teams with public test-sharding workflows or performance bottleneck writeups,Data 4 days; host 3–4; component 0; pilot 2–3 weeks; support 1 hour/rebalance,Duration instability and startup/cache constraints make simple balancing proposals unhelpful versus native splitting,7,7,6,7,8,5,6,6.7,Medium-low: route known for qualified suites; measured benefit untested,GO—validate,"Two retained-artifact samples from ten prospects, one $400 deposit; customer-run A/B replay must cut median wall time at least 15% over ten comparable runs without higher failure rate or over 10% more billed minutes",R01;R02;R04;R07;B002;B003;B007;B020
O032,F05,Benchmark regression evidence browser,Performance engineer maintaining repeated CI benchmarks,Explain which workload and environment contributed to a measured regression,Customer benchmark JSON; commit/environment manifest; run attempts; benchmark measure units,Customer artifact export; performance API only if customer plan permits,"Benchmark identity/unit validation, baseline pairing and explicit issue evidence queue",No missing chart; statistics/comparability are host concerns,Rejected generic SaaS; possible bespoke internal module,Proposed rejected hypothesis $49/month or $500 setup; not recommended for launch,Ten benchmark-maintaining projects with private commercial teams to test demand,Data 3 days; host 3; component 0; 2-week demonstrator; support 1 hour/month,"CodSpeed/Bencher already solve the job with collection, baselines and native CI workflows",6,8,5,8,8,2,6,6.35,Medium: competition and data route observed; demand untested,NO-GO,Only reopen if three of ten teams demonstrate the same missing cross-artifact question and two prepay $250 setup; otherwise use a supported benchmark platform,R02;R04;R07;R09;B003;B012;B013
O033,F06,AWS cost owner allocation and dispute pack,FinOps or platform lead with unowned monthly AWS cost,Reconcile a billing period to accountable owners and resolve allocation disputes,AWS CUR 2.0; invoice/control totals; effective-dated resource/account/owner rules; optional workload usage summary,Customer billing export first; later restricted S3/Athena read with manifest-aware period replacement,"Cost-basis/coverage wizard, owner-rule versioning, unallocated queue, reviewed decisions and signed-off export",None blocking; allocation/reconciliation in host; selected actions via explicit queue,Productized monthly allocation service,"$1,200 first period; $199/month one-account-family refresh",Ten AWS consultancies/FinOps leads with a named allocation problem from public practitioner and partner pages,Data 4–5 days; host 3; component 0; pilot 2–3 weeks; support 0.75 hour/month,"Unowned spending is too small or politically disputed to justify service, and native platforms already solve it",8,8,6,7,9,7,6,7.45,Medium: source/competitors observed; exact buyer value untested,GO—validate,"Three scrubbed billing samples from ten prospects, one $600 deposit; reconcile period cost exactly within documented rounding, map 95% by value or explicitly disputed bucket, and obtain owner approval for three allocation decisions",R01;R02;R03;R04;R07;R09;B014;B015;B016;B017;B018;B019;B054;B059
O034,F06,Expired preview-environment cleanup review,Platform lead with per-PR cloud preview environments,Find billed resources tied to closed or expired previews and produce a human-approved cleanup list,AWS billing resource rows; customer resource/deployment inventory; explicit PR-to-environment map; GitHub deployment/release status,Customer snapshots first; repeat scoped billing and inventory reads after identifier proof,"Resource/preview identity bridge, age/ownership rules, exemption registry and explicit cleanup checklist",None blocking; resource lifecycle and eligibility are host logic,Conditional fixed-scope cloud waste audit,$750 for one preview stack; $99/month repeat review,Ten teams with public preview-environment documentation or consultancies implementing it,Data 4–6 days; host 3; component 0; pilot 3 weeks after mapping; support 1 hour/month,"Resource tags do not retain reliable PR/environment IDs, and billable commitments do not fall when resources disappear",7,,5,6,8,6,5,,Low: source identity mapping unverified,HOLD—resolve dependency,From ten prospects obtain two complete inventory/billing pairs; match 95% of targeted resource cost to lifecycle IDs and manually confirm every proposed deletion; seek one $375 deposit only after mapping proof,R02;R04;R07;B011;B014;B016;B017;B054;B059
O035,F06,Incident cohort casebook over an existing telemetry store,SRE investigating a slow tenant or endpoint in an existing Datadog/Honeycomb deployment,Compare affected and unaffected cohorts in a bounded incident case and document reproducible queries,Existing-store aggregate queries; approved small event sample; deploy/config markers; service/tenant surrogate map,Bounded export pilot; repeat server-side query proxy only with proven entitlement and query completeness,"Case/window/query editor, query budget, sampling/coverage labels and source deep links",No blocker for bounded results; remote crossfilter/query federation would be substantial later work,Conditional specialist incident analysis module,"$1,000 per retrospective case; $199/month case workspace hypothesis",Ten observability consultancies or SRE teams describing multi-tenant investigations,Data 5–8 days; host 4–5; component 0 bounded; pilot 4 weeks after query proof; support 2 hours/case,"Native tool already solves it; API plan, cardinality or sampling prevents a faithful external cohort",8,,4,4,8,3,3,,Low: case-specific query entitlement and completeness unknown,HOLD—resolve dependency,"Prove one 2-hour query against native totals within declared sampling semantics and obtain 20,000-or-fewer complete cohort rows; then show two analysts solve one question 30% faster and one buyer pays $500",R02;R03;R04;R07;R09;B020;B021;B022;B058
O036,F06,Log-billing shock attribution audit,Platform lead reconciling an unexpected observability bill increase,Identify which permitted source/service dimensions explain a bill change and propose verified ingestion/index policy changes,Actual invoice; ingestion usage metrics by supported tag; index-retention configuration; bounded aggregate query results; deployment markers,Customer usage/billing export first; repeat permitted usage API plus query adapter after semantic reconciliation,"Bill-basis reconciliation, volume/cost comparison, configuration versioning and human-reviewed recommendation queue",None blocking; billing semantics and full-volume measurements are external,Conditional one-off cost investigation service,"$1,000 per billing-shock case",Ten platform/FinOps teams with documented log-cost review triggers,Data 5–7 days; host 3; component 0; 3-week pilot after measurement proof; support 2 hours/case,Indexed query samples cannot reconstruct all ingested bytes or explain actual contract billing,8,,5,4,8,5,4,,Low: essential billable-volume detail and contract reconciliation not established,HOLD—resolve dependency,"Obtain invoice, full-ingestion usage dimension sample and index configuration; explain at least 95% of the bill movement without extrapolating from indexed samples; require one $500 deposit only after this proof",R02;R04;R07;B019;B020;B021;B058
O037,F06,PagerDuty alert-flood and escalation cleanup review,SRE manager with a recurring noisy-service review,Identify redundant alert/escalation episodes and approve a runbook or routing cleanup queue,"PagerDuty incidents, incident log entries and alert export; service/owner mapping; customer alert-rule registry",Bounded customer export; later scoped incident read with page reconciliation and daily refresh,"Episode reconstruction, rule identity mapping, reviewer notes and explicit proposed-change queue",None blocking; episode semantics and rule metadata are host work,Monthly or quarterly productized reliability review,$850 first 90-day review; $149/month one-team follow-up,Ten SRE consultancies or teams with public on-call improvement posts,Data 3–5 days; host 3; component 0; pilot 2–3 weeks; support 0.75 hour/month,Source incidents collapse alerts or lack stable rule IDs; native analytics are sufficient,8,7,6,7,8,6,6,7.05,Medium-low: API route observed; rule lineage and paid demand untested,GO—validate,"Ten qualified prospects, two history samples, one $425 deposit; manually validate 30 episodes, produce five accepted rule/runbook changes and reduce avoidable pages 20% in the next comparable period",R01;R02;R04;R07;B023;B024;B060;B020
O038,F06,Kubernetes requests-versus-usage cost review,Platform engineer already operating OpenCost and Prometheus,Compare workload allocation with usage and nominate safe requests/limits experiments,Existing OpenCost allocation API; existing Prometheus workload usage summaries; deployment owner map and workload safety constraints,Customer-owned existing metrics query/export; no new collector installation,"Query windows, workload identity, request/usage alignment and human experiment queue",None for bounded rows; remote metrics federation would be host/backend work,Rejected standalone SaaS; possible consultant module,Rejected hypothesis $99/month; possible $900 one-off review when independently requested,Ten Kubernetes consultancies with existing OpenCost customers for gap interviews,Data 5–7 days; host 3; component 0; 3-week prototype; support 2 hours/month,OpenCost/native dashboards already show allocation while safe right-sizing needs workload expertise,7,7,5,5,8,2,3,5.8,Medium: documented source and strong native alternative; demand untested,NO-GO,Reopen only if three of ten operators show the same missing workload decision and two pay $450; no-go if new Prometheus/OpenCost deployment is required or native panels suffice,R02;R04;R07;R09;B025;B026;B017;B020
O039,F07,Source-to-target cutover reconciliation evidence pack,Migration consultant or data lead approaching a bounded system cutover,Explain and disposition source/target discrepancies so an accountable owner can decide cutover readiness,Paired SQL/CSV/Parquet snapshots; schema/key mapping; source and target control totals; cutoff/watermark manifest,Customer-controlled read queries/export; full comparison in customer SQL/local engine; exception-only browser case,"Two-snapshot import, key/tolerance mapping, complete comparison, explicit disposition queue and signed-off evidence export",None blocking; diff engine and approval workflow are host work; no generic editing engine needed,Productized consulting and repeatable migration-validation service,"$1,500 for two tables and one rerun; $250 per additional comparable rerun",Ten small migration consultancies or partners advertising a named CRM/database move,Data 3–5 days; host 2–3; component 0; pilot 2 weeks; support 2 hours per cutover rerun,Inconsistent snapshots or wrong business keys create plausible but false discrepancies,8,8,6,8,9,8,7,7.75,Medium: source routes and buyer category observed; willingness to pay untested,GO—validate,"Ten qualified consultancies, three paired samples, one $750 deposit; recover all seeded key/value discrepancies in agreed fields, reconcile independent counts/totals and get buyer dispositions for ten real exceptions within one review",R01;R02;R03;R04;R05;R07;R09;B027;B028;B032
O040,F07,dbt failing-test contributor diagnosis review,Data lead whose team already stores dbt failing rows,Find which source cohorts contribute to repeated failed tests and assign a verified repair queue,"Matching dbt manifest/run_results artifacts with resolved fail_calc, limit and filter configuration; complete store_failures export for default-count tests; owner/source dictionaries",Artifacts plus complete customer failure-row export; default count(*) with no truncating limit initially; later read-only schema query with invocation/version/configuration checks,"Artifact/configuration parser, test-to-failure relation mapping, native-metric versus row-count validation, source cohort workbench and owner action register",None blocking; semantic test reconstruction/permissions are host work,Targeted service for one dbt project,$650 for ten repeated failing tests; $99/month same-project review,Ten dbt consultancies or teams publicly discussing repeated test failures,Data 3–4 days; host 2–3; component 0; pilot 2 weeks; support 1 hour/month,"Elementary/dbt native facilities already answer it, or failure rows omit the needed contributor fields",7,7,6,8,9,5,6,6.95,Medium-low: artifacts and stored-row route observed; additional buying value untested,GO—validate,"Ten qualified teams already preserving complete default-count test failures; two matching artifact/configuration/failure samples, one $325 deposit; prove count(*) semantics, no truncating limit and identical test filters, reproduce native failure metrics from the complete selected test population, and secure three accepted source fixes not evident in the current view",R01;R02;R04;R07;B029;B030;B031;B033;B061;B062
O041,F07,CDC completeness and lag reconciliation workbench,Data engineer responsible for a replicated operational dataset,Distinguish acceptable replication lag from missing updates/deletes and maintain a reviewed exception register,Source/target watermark snapshots; CDC event ledger including tombstones; primary-key/rule contract; connector status export,Customer-owned bounded validation queries; repeat scheduled snapshot/ledger export only after delete and watermark proof,"Snapshot alignment, reconciliation engine, lag windows, completeness controls and incident queue",None for exceptions; CDC transport and million-row diff are outside component,Conditional recurring data-validation service,"$1,500 setup plus $249/month for two bounded tables",Ten replication/migration consultants with recurring customer reconciliation duties,Data 6–10 days; host 4; component 0; 4–6-week pilot after evidence; support 2 hours/month,"Current snapshots omit deletes or in-flight changes, making completeness impossible to prove",8,,5,4,9,6,4,,Low: required tombstone/watermark route is customer-dependent,HOLD—resolve dependency,Prove controlled insert/update/delete cases across one watermark with no unexplained count/value differences; obtain 14 days of consistent snapshots and one $750 deposit only after that gate,R02;R03;R04;R07;R09;B027;B028;B032
O042,F07,CRM duplicate-entity merge evidence review,RevOps data specialist with a finite duplicate cleanup project,Review ambiguous duplicate candidates and produce an approved surviving-record map,HubSpot record exports and associations; customer entity truth table; approved duplicate candidate list,Export-first; repeat object read only; never require CRM merge/write access for pilot,"Candidate pairing, identity rule review, survivor/disposition queue and importable mapping export",None blocking; entity resolution and write-safe approval are host work,Rejected generic SaaS; scoped cleanup consulting if requested,Rejected $99/month product; possible $900 per 500 ambiguous candidate groups,Ten CRM cleanup consultants to assess unresolved cases beyond native/Insycle,Data 3–5 days; host 3; component 0; 2–3-week prototype; support 2 hours/project,"Native duplicate tools/Insycle already handle it, while correct ambiguous merges require customer judgment",6,8,6,7,7,3,5,6.3,Medium: access and alternatives observed; incremental demand weak,NO-GO,Reopen only if three of ten consultants share one repeatable unresolved class and two pay $450; require zero false-positive merges in 100 buyer-reviewed candidate groups before any export recommendation,R01;R02;R04;R07;B034;B035;B046
O043,F07,FP&A planning-version variance explanation,FP&A manager or fractional finance consultant consolidating monthly planning workbooks,Explain business-entity and assumption changes between plan versions and approve a variance bridge,Two approved planning workbook/CSV exports; cost-center/account/period dictionaries; assumption register and formula/value audit export,"Local customer file import; repeat controlled folder upload/export template, no live workbook write","Version/key mapper, formula/value distinction, currency/period contract and reviewed variance narrative/export",None blocking; workbook parsing and financial semantics are host work,Conditional planning-review service,$750 per planning cycle; $199/month same-template review,Ten fractional CFO/FP&A consultancies serving multi-department planning teams,Data 4–6 days; host 3; component 0; 3-week pilot; support 1–2 hours/cycle,Native Spreadsheet Compare or a straightforward pivot suffices; repeated business-grain mapping is bespoke,6,8,6,6,8,5,5,6.45,Low: source route straightforward; recurring differentiated demand unproven,HOLD—resolve dependency,"Ten FP&A consultants, three before/after samples with business keys, one $375 deposit; reproduce signed total change exactly and explain 90% by accepted drivers within one review; fail if native compare is equally fast",R02;R03;R04;R07;B036;B028
O044,F07,Controlled product-event contract QA,Product analytics engineer validating an instrumentation release or experiment rollout,"Explain missing, duplicate or malformed events against a controlled expected-event contract",Customer test-run expected-event ledger; PostHog query/export of approved observed events; schema/property contract and release manifest,Controlled fixture/export pilot; later read-only project query with narrow window and test IDs,"Expected-observed matcher, schema rules, release cases, coverage labels and defect review queue",None blocking; instrumentation contract validation and event matching are host work,Release-validation service with optional recurring per-release review,$650 one release/20 event contracts; $99 per subsequent same-schema release,Ten product analytics consultancies or teams documenting instrumentation/experiment migrations,Data 3–5 days; host 3; component 0; 2–3-week pilot; support 1 hour/release,"No controlled expected-event IDs, or request broad population/ad-tracking completeness rather than contract QA",7,7,6,7,9,6,6,6.9,Medium-low: source route observed; test-ledger availability and demand untested,GO—validate,"Ten qualified prospects, two controlled fixture sets, one $325 deposit; detect all seeded missing/duplicate/type violations and explain ten real defects with source IDs; stop if native queries are equally effective",R02;R03;R04;R07;B037;B038;B028
O045,F08,Customer-export support SLA contributor audit,Support operations manager with an eligible Zendesk export and one recurring SLA review,Explain a breached SLA cohort and approve a policy/routing/process correction queue,Customer-native SLA metric export; eligible Zendesk ticket JSON/CSV; policy and business calendar; selected audit evidence,Customer export pilot only; recurring third-party history connector held until post-change route is proven,"Eligibility/coverage wizard, policy/clock reconciliation, saved monthly case and explicit action register",None blocking; SLA semantics and schedule computation are host responsibilities,Export-based monthly review service,$750 first policy/month audit; $199 for same-template subsequent month,Ten Zendesk operations consultancies and support managers with a named SLA review,Data 3–5 days; host 3; component 0; 2–3-week pilot; support 1 hour/review,Eligible exports lack metric-level history or the recurring connector relies on discontinued incremental APIs,7,7,6,7,9,6,6,6.9,Medium-low: eligible export route observed; customer report granularity and demand untested,GO—validate,"Ten export-eligible prospects; two native-report/export samples, one $375 deposit; reconcile the chosen policy's native denominator and all breach counts, manually validate 20 cases and get three accepted changes",R01;R02;R03;R04;R07;B039;B040;B041;B042;B043;B048;B055
O046,F08,Support ownership-bounce and handoff review,Support operations lead with frequent reassignment and unclear queue ownership,Reconstruct ticket ownership episodes and approve routing/ownership changes,Ticket audit histories; ticket/group/agent IDs; customer group taxonomy and business calendar,Complete customer audit export first; targeted per-ticket reads only after archive/permission/completeness proof,"History extraction, episode reconstruction, group mapping and owner-approved action queue",None blocking; event history and episode semantics are host work,Conditional support operations audit,"$800 for 1,000–5,000-ticket history review",Ten helpdesk consultants with routing and escalation projects,Data 5–8 days; host 3; component 0; 3–4-week pilot after history proof; support 1.5 hours/review,Complete audit history cannot be obtained through a permitted future third-party route,7,,6,5,9,6,5,,Low: essential history and future repeat route unverified,HOLD—resolve dependency,"Obtain complete histories for 100 known tickets including archived/reopened examples, reproduce every native ownership change, and demonstrate one permitted repeat pull; only then seek a $400 deposit",R01;R02;R04;R07;B039;B040;B041;B043;B048;B055
O047,F08,Renewal evidence workbook for a small B2B customer book,Head of customer success with 50–500 upcoming B2B renewals,"Assemble contract, usage and support evidence into a reviewed renewal preparation queue",Customer-owned contract/renewal export; HubSpot account/deal records; customer usage summaries; support case aggregates,Paired exports first; repeat narrowly scoped CRM read plus customer monthly usage/support delivery,"Customer identity bridge, renewal horizon, evidence completeness and owner-reviewed preparation checklist",None blocking; identity mapping and task workflow are host responsibilities,Productized customer-success review service,$900 setup for one book; $199/month same-source renewal review,Ten fractional CS leaders or HubSpot service partners serving small B2B SaaS companies,Data 4–5 days; host 3; component 0; 2–3-week pilot; support 1 hour/month,Customer IDs do not match reliably or native CS/CRM already assembles equivalent evidence,7,8,6,7,9,6,6,7.1,Medium-low: exports and category observed; cross-system mapping and paid demand untested,GO—validate,"Ten qualified prospects, two mapped samples, one $450 deposit; 95% of upcoming contract value linked without guessed names, five account plans completed and buyer reports at least two hours saved in one review",R01;R02;R03;R04;R07;B044;B046;B047;B049;B048
O048,F08,Inbound lead-response and sales handoff audit,RevOps manager responsible for a defined inbound sales queue,Find missed first-response/handoff obligations and agree ownership or routing corrections,CRM leads/contacts/deals; actual inbound assignment history; recorded email/call activity metadata; routing calendar and owner map,Customer current-record and activity exports; repeat scoped CRM/activity API only after capture completeness proof,"Response-event definitions, ownership timelines, coverage checks and explicit process-action register",None blocking; activity semantics and history reconstruction are host work,Conditional RevOps audit,$750 for one inbound channel/month,Ten HubSpot RevOps partners or B2B agencies with documented inbound operations work,Data 4–7 days; host 3; component 0; 3–4-week pilot after sample; support 1 hour/month,"CRM activity capture omits responses or automated replies, making measured speed-to-lead misleading",7,,6,5,8,5,5,,Low: required response/assignment history capture unknown,HOLD—resolve dependency,Reconcile 100 leads against buyer-reviewed communication logs with 95% complete eligible-response timestamps and explicit automated/bounced exclusions; obtain one $375 deposit only after proof,R02;R03;R04;R07;B044;B045;B046;B047;B051;B050
O049,F08,Sales forecast slippage history review,Sales operations leader reviewing deal close-date and stage commitments,Explain how an agreed forecast cohort moved between snapshots and identify stale commitments,HubSpot deal snapshots; close-date/stage/amount property history; owner/pipeline dictionary and forecast policy,Customer snapshot/history export; repeat scheduled deal snapshots with scoped read integration,"Snapshot reconstruction, revision coverage, pipeline semantics and reviewed deal follow-up queue",None blocking; history completeness and forecast policy are host logic,Rejected generic SaaS; narrow consulting only if current native reports fail,Rejected $149/month dashboard hypothesis; possible $650 one-review service,Ten HubSpot sales-ops consultants for native-gap interviews,Data 3–5 days; host 3; component 0; 2–3-week prototype; support 1 hour/month,Native HubSpot deal history/push reporting and Ebsta already solve the task; capped history misses prior states,7,7,6,7,8,2,5,6.35,Medium: current native features/history limits observed; incremental demand untested,NO-GO,Reopen only if three of ten buyers show the same question their native reports cannot answer with complete snapshots and two prepay $325; stop on missing historical state or equivalent native output,R02;R04;R07;B044;B045;B046;B050;B051;B052
O050,F08,Support knowledge-gap and recurring-contact review,Support content/operations manager choosing the next knowledge-base improvements,"Rank recurring contact reasons and approve a short, evidence-linked documentation backlog",Eligible customer ticket reason export; article inventory and taxonomy; approved small redacted ticket sample; release/product mapping,Customer export pilot; recurring same-template upload or proven permitted ticket read route,"Reason taxonomy/versioning, article coverage mapping, denominator checks and explicit documentation task queue",None blocking; text classification if needed is host work and unnecessary with reliable reason codes,Conditional monthly content-operations service,$600 first review; $150/month same-taxonomy update,Ten helpdesk/content consultancies or support teams with a documented knowledge-base program,Data 3–5 days; host 3; component 0; 2–3-week pilot; support 1 hour/month,Reason tags are inconsistent and observed article views cannot prove deflected contacts or causal savings,6,7,6,7,8,5,6,6.45,Low: source route exists for eligible accounts; taxonomy quality and paid demand untested,HOLD—resolve dependency,"Ten prospects, two reason-coded samples, 100 manually checked tickets with at least 85% agreed reason coding; seek one $300 deposit and three approved documentation tasks; fail if native reporting yields the same backlog",R02;R03;R04;R07;B039;B040;B041;B048;B055
O051,F09,Spray-foam yield and next-bid costing review,Owner/estimator of a 5–30-person spray-foam contractor,Correct the material-yield and piece-rate assumptions used in the next comparable bid,Jobber job/expense exports; customer production log; quoted quantity and rate sheet,Assisted CSV/Sheets imports; job/crew/day model; optional later Jobber OAuth,"Import reconciliation, yield investigation, estimate-factor decision register",No required component change; domain unit conversion and host queue required,Conditional one-off analysis service; reject standalone product without new evidence,Proposed $600 pilot; $149/month only after native-gap proof,Ten regional spray-foam contractors screened from trade directories and public sites,Integration 3–5 days; host 3–5 days; component 0; first paid pilot 2–3 weeks,Original pain reporter found JOBLogix; direct niche competition undermines remaining paid gap,8,8,6,8,8,2,7,7.05,Medium,NO-GO,Reverse only if two of ten pay $600 after comparing JOBLogix and demonstrate an unmet next-bid decision; one repeats at $149,R01;R02;R04;R06;R07;C001;C002;C007;C008;C083;C084
O052,F09,HVAC callback and warranty revisit investigation,Owner/service manager of a 10–50-technician HVAC installer,"Identify repeat-visit patterns worth a checklist, training or supplier-claim review","Jobber jobs/visits, customer callback classification, warranty and labor cost log",CSV pilot with explicit parent-job/issue links; later read-only API after schema proof,"Classification audit, callback cohorts, host investigation queue",No mandatory component change; host must build verified parent/issue mapping,Assisted monthly review,Proposed $500 pilot; $149/month,Ten HVAC firms with documented install callbacks through regional contractor lists,Integration 4–7 days; host 4–6 days; component 0; first pilot 3–4 weeks,No reliable callback/warranty identity; ordinary repeat business mistaken for defects,7,5,6,7,8,6,6,6.4,Low,HOLD—resolve dependency,At least three of ten produce verified callback labels and two pay $500 for a review that changes a checklist or supplier inquiry,R01;R02;R04;R07;C001;C004;C005;C007
O053,F09,Contractor aged-invoice follow-up preparation,Office manager of a small field-service contractor,Prepare a reconciled overdue-invoice worklist,Jobber invoice report; customer payment/credit reconciliation export,Snapshot import by invoice ID; retain currency/status and payment dates,Aging reconciliation and explicit host follow-up queue,No component change; native system already covers much of job,One-time setup service; weak standalone SaaS,Proposed $300 diagnostic; $79/month only if paid repeat need appears,Ten Jobber-using contractors found through public local business sites,Integration 1–2 days; host 2–3 days; component 0; first service within 1–2 weeks,Native reports/reminders and bookkeeper substitute erase differentiation,6,9,6,9,4,2,8,6.55,Medium,NO-GO,Reverse rejection only if two of ten pay $300 for a verified exception workflow beyond native reports,R01;R05;R07;C003;C006
O054,F09,Rental-property repeated-repair evidence review,"Maintenance director at a 100–1,000-unit property manager",Choose recurring asset/repair patterns for inspection or vendor review,Buildium tasks/work orders/bills; customer unit/asset crosswalk; vendor completion codes,CSV pilot; task/work-order/bill cardinality reconciliation; optional Premium API later,"Coverage audit, repeat-repair investigation, host inspection/vendor-review queue",No component change; asset identity and host review records are the gap,Productized review with conditional monthly service,Proposed $600 pilot; $199/month,Ten regional property managers screened from public directories for repeat maintenance history,Integration 5–8 days; host 4–6 days; component 0; pilot 3–5 weeks,Asset IDs absent; Property Meld/native reporting already solves need,7,6,6,6,8,5,5,6.3,Low,HOLD—resolve dependency,Three of ten provide stable unit/asset links; two pay $600 and choose a documented inspection beyond native reporting,R01;R02;R04;R07;C009;C010;C011;C014;C015
O055,F09,Buildium make-ready stage-delay review,"Turnover coordinator/owner at a 100–1,000-unit Buildium manager",Prioritize blocked turns and review recurring stage delays,Existing customer turnover spreadsheet; Buildium task/work-order exports; unit master,CSV pilot preserving one stage-transition row; verified unit/turn IDs; later API optional,"Turn coverage, stage aging, unit investigation, blocked-turn decision register",No mandatory component change; host stage-state model and explicit queue,Assisted weekly/monthly operational review,Proposed $500 pilot; $149/month for four stable imports,Ten Buildium property managers from public firm directories; screen for external turn log,Integration 3–5 days; host 4–6 days; component 0; paid pilot 2–3 weeks,Customers lack transition history or native Unit Turn Board is sufficient,7,7,6,8,8,7,6,7.05,Medium,GO—validate,Three of ten provide an existing turn log; two pay $500; one repeats at $149 after reducing preparation time by half,R01;R02;R04;R06;R07;C009;C010;C011;C012;C013
O056,F09,Commercial-cleaning contract labor-drift review,Owner/operations manager of a 10–80-contract cleaning company,Decide staffing/scope corrections and renewal repricing for recurring contracts,Deputy approved timesheet All Fields CSV; customer site-contract and scope-change sheet,Site/week aggregation; effective-dated contract mapping; approved labor and contribution calculations,"Contract reconciliation, labor drift investigation, renewal/staffing proposal queue",No component changes; host owns contract versioning and approved decisions,Productized monthly review,Proposed $600 pilot; $199/month,Ten independent cleaning firms screened from local commercial-service directories,Integration 3–5 days; host 4–6 days; component 0; first pilot 2–3 weeks,Missing site export codes and changing scope masquerade as labor inefficiency,7,8,6,8,7,6,7,7.1,Medium,GO—validate,Three of ten provide site-coded approved time; two pay $600; one buys $199 follow-up and documents a contract/staffing decision,R01;R02;R04;R07;C016;C017;C018
O057,F10,Small-shop scrap and rework priority review,Quality manager or owner at a small fabrication/assembly shop,Choose one costly repeat defect/process for a corrective investigation,ERPNext Job Card/Quality Inspection/production exports; customer reject log and cost basis,Customer CSV pilot; preserve reject event and production denominator; optional Frappe REST later,"Population audit, cost/defect investigation, host corrective-review queue",No component change; host defect taxonomy and cost/denominator validation,Productized quality review and recurring monthly service,Proposed $900 pilot; $249/month,Ten regional manufacturers or ERPNext implementation-partner clients with existing reject logs,Integration 4–6 days; host 4–6 days; component 0; paid pilot 3–4 weeks,Sparse reject reasons and sample inspection results mistaken for whole production,8,8,6,7,9,7,6,7.45,Medium,GO—validate,Three of ten provide production/reject records; two pay $900; one pays $249 to repeat a manager-approved investigation review,R01;R02;R04;R07;C019;C020;C021;C022;C023;C033;C034;C035;C036
O058,F10,Assembly test-station retest burden investigation,Test engineering manager at an electronics/electromechanical assembler,Choose stations/steps for investigation by separating first-pass yield from final yield and retest time,Customer TestStand XML/ATML reports or read-only result database extract; product/test revision map,"Parse bounded files, retain unit/execution/step grain, order complete executions, summarize to browser","Coverage/sequence audit, retest investigation, explicit host run/step review list",No required component change; version-specific parser and unit/execution semantics in host,Paid diagnostic with monthly follow-up per test-family,"Proposed $1,200 pilot; $299/month",Ten NI integrators or small assemblers found through public capability directories,Integration 6–10 days; host 5–8 days; component 0; pilot 4–6 weeks,"Incomplete history, reused serials, changing limits and native WATS competition",8,7,5,6,9,7,5,6.9,Medium,GO—validate,"Two of ten pay $1,200 after a sample-file check; engineering reconciles unit counts and chooses a retest investigation; one repeats at $299",R01;R02;R03;R04;R07;C027;C028;C030;C031
O059,F10,Maintenance repeat-failure and downtime review,Maintenance manager at a small industrial facility,Choose assets for preventive-maintenance review using verified repeat failure intervals,Fiix closed work-order CSV; customer asset and downtime interval log,CSV snapshots; asset-ID joins; overlapping downtime intervals unioned before aggregation,"Asset coverage, repeat-failure investigation, host PM-review queue",No component change; host interval/episode model required,One-off diagnostic; weak standalone subscription,Proposed $600 review; $149/month only if native gap proven,Ten local manufacturers with a CMMS and separately maintained downtime logs,Integration 4–6 days; host 3–5 days; component 0; pilot 3–4 weeks,Native CMMS reports already cover the job and downtime causes are unreliable,7,8,5,7,7,3,6,6.45,Medium,NO-GO,Reverse only if two of ten pay $600 for a cross-source gap absent from native Fiix reporting,R01;R02;R04;R07;C024;C025;C026
O060,F10,Repeat-operation routing-standard correction,Production engineer at a small job shop,Propose corrections to setup/run labor standards for repeat operations,ERPNext Job Card time rows; Work Order/BOM operation exports; engineer setup/run classification,Operation/revision joins; batch-size cohort and effective-dated standards; CSV pilot,"Standard coverage audit, batch-size investigation, host routing-change proposal register",No component change; host separates setup/run/labor/wall-time semantics,Assisted engineering study and periodic refresh,Proposed $800 pilot; $199/month or $400/quarter,Ten job shops through regional manufacturing and ERP implementation directories,Integration 5–8 days; host 4–6 days; component 0; pilot 3–5 weeks,"Time logs mix setup, production, concurrent labor and machine time",7,7,5,6,8,6,6,6.5,Low,HOLD—resolve dependency,Three of ten have revision-aware setup/run data; two pay $800 and engineer accepts one evidence-backed routing proposal,R01;R02;R04;R07;C019;C021;C022;C023
O061,F10,Industrial off-shift electricity baseload review,Plant owner/facilities engineer with accessible interval meter data,Choose shutdown periods/equipment areas for an on-site energy inspection,Customer Green Button interval XML; shift/shutdown calendar; optional tariff input,Manual authorized download; interval/quality parser; time-zone-aware calendar join,"Coverage/meter audit, off-shift investigation, host inspection plan",No component change; meter eligibility and host interval semantics unresolved,"Per-site analysis service, then quarterly review",Proposed $700/site pilot; $200 quarterly,Ten small industrial facilities on one utility territory after export eligibility check,Integration 4–7 days; host 4–6 days; component 0; pilot 3–5 weeks after eligibility,Commercial utility/account may not supply required interval history,7,,5,6,8,6,6,,Low,HOLD—resolve dependency,Five of ten can download required history; two pay $700 and choose a verifiable site inspection; one repeats next quarter,R01;R02;R04;R07;C037;C038;C039
O062,F10,Gage R&R study preparation and diagnostic review,Quality engineer at a small manufacturing lab,Prepare a complete measurement-study dataset and review its diagnostic evidence,Customer measurement CSV; part/operator/gage/protocol table; qualified engineer criteria,Local CSV import; balanced-design/replicate checks; independently verified host statistics only if scoped,"Study completeness, measurement distribution, host repeat-measurement/review list",No pilot component change; validated statistical method is a host/domain dependency,Per-study preparation service with qualified reviewer,Proposed $750 preparation pilot; $300 repeat study,Ten quality consultants or small manufacturers through public quality-service directories,Integration 2–4 days; host 5–10 days; component 0; pilot 4–6 weeks with reviewer,Unvalidated statistical claims and cheap established QI Macros/Minitab alternatives,6,8,5,5,7,3,4,5.8,Low,HOLD—resolve dependency,Two of ten pay $750; qualified reviewer verifies study design/outputs against reference and approves useful repeat-measurement list,R01;R02;R04;R07;C032;C033;C034
O063,F11,Nonclinical assay lot and batch drift review,Assay-development lead at a small nonclinical laboratory/CRO,Select plate/lot batches for scientist review before extending an experiment,SoftMax Pro numeric exports; plate/well map; reference-well and reagent-lot log,Version-specific file parser; plate/well/sample keys; reference normalization only under approved protocol,"Metadata coverage, lot/batch investigation, host scientist-review list",No component change; host parser and scientist-approved calculations,Productized analysis preparation with monthly/batch follow-up,Proposed $900 pilot; $249/month for one assay/export format,"Ten nonclinical assay labs from public service pages, screened for repeat reference wells",Integration 4–6 days; host 4–6 days; component 0; pilot 3–4 weeks,Lot confounded with operator/method and missing metadata; native tools already sufficient,7,8,5,7,9,6,5,6.9,Medium,GO—validate,Three of ten supply mapped reference data; two pay $900; scientist verifies five traces and one buys $249 follow-up,R01;R02;R04;R07;R11;C040;C041;C042;C056;C058;C059
O064,F11,Assay transfer comparison preparation,Automation/assay lead at a nonclinical lab,Prepare paired manual-versus-automated assay evidence for a method-transfer review,Paired instrument result files; verified sample/run crosswalk; protocol/reagent log,Local paired-result parser; preserve replicate hierarchy; host difference/mean calculations,"Pair completeness, difference investigation, host unresolved-sample review packet",No component change; host agreement calculations and qualified scientific review required,Per-transfer study service,"Proposed $1,200 pilot; $400 subsequent batch under same protocol",Ten lab-automation consultancies/nonclinical labs from public capabilities pages,Integration 4–7 days; host 5–8 days; component 0; pilot 4–6 weeks,Pair identities or acceptance criteria missing; correlation mistaken for agreement,7,7,5,6,8,6,4,6.4,Low,HOLD—resolve dependency,"Two of ten pay $1,200; scientist provides paired keys and predeclared criteria; outputs verified against their trusted method",R01;R02;R04;R07;C040;C041;C057;C059
O065,F11,Experiment plan-versus-execution coverage review,Research operations/assay lead using Benchling,Find missing planned conditions or repetitions before another study run,Benchling Runs/results CSV; customer planned-run matrix and method-version table,Planned design cells joined to actual runs/wells; multiplicity and protocol revisions explicit,"Plan intake, completeness grid, source investigation, host missing-condition list",No component change; host expected-design semantics required,Per-study setup service; weak recurring product,Proposed $600 pilot; $149/month only after native gap proof,Ten Benchling-using nonclinical labs identified from public workflow pages,Integration 3–5 days; host 4–6 days; component 0; pilot 2–4 weeks,Benchling Analysis/Insights and existing study tables may already solve the task,6,8,5,8,7,3,5,6.3,Medium,NO-GO,Reverse only if two of ten pay $600 for a repeatable cross-project plan gap their native setup cannot address,R01;R02;R04;R07;C043;C044;C045
O066,F11,Simulation design-sweep client decision handoff,Independent CFD/CAE consultancy and its project engineer,Deliver a source-linked feasible-candidate shortlist and next-run decision to a client,Ansys design-point CSV or ParaView-derived scalar CSV; model/version and objective table,One run/design row; version/unit/constraint validation; host Pareto flags; no mesh upload,"Project intake, convergence/coverage audit, tradeoff investigation, client candidate register",No component change; host constraint/Pareto calculation and decision packaging,"Per-project handoff service/template setup, then repeat-project fee",Proposed $800 pilot handoff; $250 repeat sweep,Ten small CFD/CAE consultancies with public design-sweep service examples,Integration 2–4 days; host 4–6 days; component 0; paid pilot 2–3 weeks,Client handoff may already be solved by solver reports or spreadsheets,6,8,5,8,9,7,7,7,Medium,GO—validate,Two of ten pay $800; client identifies chosen/rejected run IDs without solver access; one consultancy buys $250 repeat sweep,R01;R02;R04;R05;R07;R11;C048;C049
O067,F11,Materials tensile-test lot variability review,Test-lab manager at a small materials manufacturer,Choose lots/specimens for review using comparable test-method evidence,Bluehill/Instron CSV summary results; specimen/lot/method/environment metadata,Summary-result imports; specimen-to-lot/method joins; exclusion and unit checks,"Method coverage, lot distribution investigation, host specimen-review queue",No component change; host metadata/parser and reviewer decisions required,Per-lot-group review; conditional monthly service,Proposed $750 pilot; $199/month,Ten independent materials test labs/manufacturers from public service directories,Integration 4–6 days; host 4–6 days; component 0; pilot 3–4 weeks,Instron TrendTracker already covers task; mixed methods/geometry invalidate comparisons,6,8,5,7,8,4,5,6.35,Low,HOLD—resolve dependency,Two of ten pay $750 for a multi-source comparison native software cannot provide; engineer verifies specimen and method matches,R01;R02;R04;R07;R11;C033;C034;C046;C047
O068,F11,Environmental lab EDD exception review preparation,Environmental data manager/consultant using EQuIS,Prepare a reviewer-owned exception packet before deliverable submission,Customer EQEDD_v2/lab exports; EQuIS DQM exception export; project/qualifier reference tables,Authorized file imports; version-pinned schema; carry existing qualification results without reimplementing validator,"Format/version check, exception investigation, host reviewer disposition queue",No component change; format rights and validated qualification rules are external dependencies,One-off data-review service; reject general validator product,Proposed $800 preparation study; no recommended subscription,Ten environmental data consultants with public EQuIS/EDD service pages,Integration 5–8 days; host 4–6 days; component 0; pilot 4–6 weeks,Native EDP/DQM covers core task; format licensing and expert review burden,7,7,4,6,8,2,3,5.8,Medium,NO-GO,Reverse only if two of ten pay $800 for a named review bottleneck beyond licensed EDP/DQM and provide permitted outputs,R01;R02;R04;R07;C050;C051;C052
O069,F11,Research-core usage-to-charge exception preparation,Core facility administrator handling monthly equipment billing,Identify records needing usage confirmation or a verified charge-link review before billing close,iLab Source Data CSV/XLS charges/events; customer stable event-to-charge crosswalk if available,Charge IDs preserved; exact crosswalk required for event join; snapshots by billing period,"Export completeness, usage/charge investigation, host confirmation-review list",No component change; published Event export lacks ID needed for exact join,Per-close preparation service after data gate,Proposed $600 close pilot; $199/month,Ten core facilities or independent shared labs through public service/contact pages,Integration 4–7 days; host 4–6 days; component 0; pilot 4–8 weeks incl procurement uncertainty,No documented stable event-to-charge join and native iLab confirmation already exists,7,6,4,5,7,5,4,5.7,Low,HOLD—resolve dependency,Three of ten demonstrate an exact event/charge crosswalk; two pay $600; one repeats at $199 within approved purchasing process,R01;R02;R04;R07;C053;C054;C055
O070,F12,Small-contractor bid/no-bid evidence packet,Owner/capture lead at a small federal-services contractor,Choose which solicitations merit scarce proposal effort,SAM.gov Opportunities v2 or customer source export; optional award data after rights review,Server-key/paginated date-window queries; notice versions; customer capability matrix; bounded browser,"Eligibility/coverage intake, opportunity comparison, host bid/no-bid decision register",No component change; source revision tracking and host qualification rules,Per-decision research service; reject generic feed SaaS,Proposed $400 packet; $99/month only after unserved niche proof,Ten small federal-service contractors from public agency vendor/capability listings,Integration 3–5 days; host 4–6 days; component 0; pilot 2–4 weeks,GovTribe and native SAM search already cover discovery; domain capture judgment is missing,6,7,5,8,6,2,5,5.9,Medium,NO-GO,Reverse only if two of ten pay $400 for a narrow documented decision packet they cannot obtain economically from SAM/GovTribe,R01;R02;R04;R07;C060;C061;C068;C069;C082
O071,F12,NYC permit-based specialty follow-up qualification,Owner/business-development lead at a NYC specialty trade/service firm,Identify a small set of permitted projects whose next phase plausibly needs the service,NYC DOB NOW approved-permit dataset; buyer territory/service criteria; verified phase notes,Bounded official export pilot; deduplicate permit versions; human project-stage qualification; later API conditional,"Rights/freshness check, trade/area investigation, host qualified-project list",No component change; commercial-reuse basis and lead-timing relevance unverified,Per-territory qualified-list service only after gates,Proposed $300 pilot; $99/month conditional,Ten NYC specialty service firms from public trade/company directories,Integration 3–5 days; host 4–6 days; component 0; pilot 3–5 weeks after rights/schema check,Issued permits may be too late and dataset-specific commercial redistribution rights unresolved,6,,6,6,7,3,5,,Low,HOLD—resolve dependency,"Resolve reuse terms, then two of ten pay $300 and verify three actionable current-phase projects; fail if permits arrive after buying decision",R01;R02;R04;R07;C062;C063;C066;C067
O072,F12,NYC annual building-energy retrofit prospect screen,Independent energy/retrofit consultant,Choose buildings for owner-authorized follow-up audit using comparable annual disclosure evidence,NYC annual energy/water disclosure; customer building target list; verified building ID/type table,Annual official-data snapshot; building-year keys; peer strata and missingness; rights check required,"Disclosure coverage, comparable-building investigation, host audit-prospect packet","No component change; reuse, latest-year/schema and engineering qualification unverified",Annual territorial research service rather than live subscription,Proposed $500 annual screen; $250 midyear refresh only if meaningful new data,Ten NYC energy consultants through public service directories,Integration 3–5 days; host 4–6 days; component 0; pilot 3–5 weeks after data/rights check,Annual public data and free Portfolio Manager may not create a paid gap; reuse unresolved,6,,5,6,7,3,5,,Low,HOLD—resolve dependency,Resolve dataset rights/latest-year coverage; two of ten pay $500 and identify three qualified audit discussions beyond their current process,R01;R02;R04;R07;C063;C064;C065
O073,F12,Food-distributor historical enforcement-record matching review,Quality/procurement coordinator at a small food distributor,Prepare verified historical supplier/product matches and unresolved record questions,openFDA classified food-enforcement JSON; customer historical SKU/supplier/lot master and verified match table,Versioned historical snapshot; candidate matching; explicit human identity confirmation; no alert or lifecycle inference,"Historical scope/coverage, possible-match investigation, host evidence-review register",No component change; identifier coverage and paid historical-review need unresolved; operational product needs another appropriate authoritative source,Historical matching/setup study only,Proposed $800 historical pilot; $199 per repeat historical cohort if demanded,Ten specialty food distributors from public trade/company directories,Integration 4–7 days; host 5–8 days; component 0; pilot 4–6 weeks,Classified records do not support alert/lifecycle use; ambiguous identifiers and weak historical-review demand,6,6,5,6,8,5,3,5.8,Low,HOLD—resolve dependency,Two of ten pay $800 for historical matching; verify known matches and unresolved identifiers; reject alert/lifecycle expectations even with fresher downloads,R01;R02;R04;R07;C070;C071;C072;C073
O074,F12,Discharge-history prescreen for environmental consultants,Environmental consultant preparing a facility-history review,Choose source records and questions for a professional permit/data review,EPA ECHO/ICIS-NPDES DMR extracts; customer facility/permit list; optional verified state records,Public bounded query/bulk extract; permit/outfall/parameter/period/version model; units and no-data preserved,"Permit coverage, historical-result investigation, host source-review evidence packet",No component change; professional interpretation and source completeness remain external,Per-facility evidence-preparation service,Proposed $600 facility packet; $200 quarterly update,Ten environmental consultancies from public NPDES/data-review service pages,Integration 4–6 days; host 4–6 days; component 0; pilot 3–5 weeks,Native ECHO already useful; missing/state-lagged records and legal interpretation expectations,7,8,4,6,8,4,4,6.25,Low,HOLD—resolve dependency,Two of ten pay $600; qualified reviewer verifies records/units and identifies useful follow-up questions beyond native ECHO,R01;R02;R04;R07;C074;C075;C076
O075,F12,Construction weather-delay chronology preparation,Construction planner or small project-controls consultancy,Assemble dated station-weather and site-diary evidence for an internal project review,NOAA NCEI historical station data; customer site diary/work calendar; station metadata,Official historical downloads; station/date/element model; explicit site-station limits; diary join,"Coverage/station selection, chronology investigation, host dated-evidence packet",No component change; weather representativeness and professional evidence requirements unresolved,Per-project preparation service; reject generic weather subscription,Proposed $500 chronology; $200 supplemental period,Ten construction planning/project-controls consultancies from public service pages,Integration 3–5 days; host 3–5 days; component 0; pilot 2–4 weeks,Free data and professional certified reports leave little gap; site weather/entitlement cannot be inferred,5,8,4,8,6,2,4,5.65,Medium,NO-GO,Reverse only if two of ten pay $500 for a noncertified preparation task and show accepted time savings beyond downloads/spreadsheets,R01;R02;R04;R07;C077;C078;C079;C080;C081
