Country,Month,Index
France,2018-07-01,99.53
Germany,2018-07-01,101.61
Italy,2018-07-01,101.39
Japan,2018-07-01,100.51
UK,2018-07-01,101.09
USA,2018-07-01,101.41
China,2018-07-01,102.82
Australia,2018-07-01,100.29
South Korea,2018-07-01,100.33
France,2018-08-01,99.29
Germany,2018-08-01,101.59
Italy,2018-08-01,101.47
Japan,2018-08-01,100.47
UK,2018-08-01,101
USA,2018-08-01,101.42
China,2018-08-01,102.67
Australia,2018-08-01,100.24
South Korea,2018-08-01,100.03
France,2018-09-01,98.96
Germany,2018-09-01,101.58
Italy,2018-09-01,101.58
Japan,2018-09-01,100.4
UK,2018-09-01,100.82
USA,2018-09-01,101.51
China,2018-09-01,102.72
Australia,2018-09-01,100.12
South Korea,2018-09-01,99.87
France,2018-10-01,98.78
Germany,2018-10-01,101.55
Italy,2018-10-01,101.61
Japan,2018-10-01,100.29
UK,2018-10-01,100.61
USA,2018-10-01,101.49
China,2018-10-01,103.04
Australia,2018-10-01,100.1
South Korea,2018-10-01,99.72
France,2018-11-01,98.51
Germany,2018-11-01,101.51
Italy,2018-11-01,101.51
Japan,2018-11-01,100.17
UK,2018-11-01,100.34
USA,2018-11-01,101.38
China,2018-11-01,103.59
Australia,2018-11-01,100.17
South Korea,2018-11-01,99.56
France,2018-12-01,98.38
Germany,2018-12-01,101.49
Italy,2018-12-01,101.36
Japan,2018-12-01,100.05
UK,2018-12-01,100.03
USA,2018-12-01,101.2
China,2018-12-01,104.08
Australia,2018-12-01,100.17
South Korea,2018-12-01,99.56
France,2019-01-01,98.75
Germany,2019-01-01,101.5
Italy,2019-01-01,101.19
Japan,2019-01-01,99.92
UK,2019-01-01,99.74
USA,2019-01-01,101
China,2019-01-01,104.47
Australia,2019-01-01,100.09
South Korea,2019-01-01,99.69
France,2019-02-01,99.19
Germany,2019-02-01,101.51
Italy,2019-02-01,101.02
Japan,2019-02-01,99.79
UK,2019-02-01,99.61
USA,2019-02-01,101.05
China,2019-02-01,104.74
Australia,2019-02-01,100.05
South Korea,2019-02-01,99.87
France,2019-03-01,99.52
Germany,2019-03-01,101.51
Italy,2019-03-01,100.88
Japan,2019-03-01,99.66
UK,2019-03-01,99.6
USA,2019-03-01,101.27
China,2019-03-01,104.75
Australia,2019-03-01,99.95
South Korea,2019-03-01,100
France,2019-04-01,99.73
Germany,2019-04-01,101.45
Italy,2019-04-01,100.76
Japan,2019-04-01,99.54
UK,2019-04-01,99.76
USA,2019-04-01,101.43
China,2019-04-01,104.72
Australia,2019-04-01,99.93
South Korea,2019-04-01,100
France,2019-05-01,99.99
Germany,2019-05-01,101.32
Italy,2019-05-01,100.64
Japan,2019-05-01,99.35
UK,2019-05-01,99.99
USA,2019-05-01,101.52
China,2019-05-01,104.65
Australia,2019-05-01,99.92
South Korea,2019-05-01,99.81
France,2019-06-01,100.21
Germany,2019-06-01,101.14
Italy,2019-06-01,100.53
Japan,2019-06-01,99.11
UK,2019-06-01,100.08
USA,2019-06-01,101.43
China,2019-06-01,104.66
Australia,2019-06-01,99.85
South Korea,2019-06-01,99.58
France,2019-07-01,100.41
Germany,2019-07-01,100.99
Italy,2019-07-01,100.52
Japan,2019-07-01,98.87
UK,2019-07-01,100.12
USA,2019-07-01,101.19
China,2019-07-01,104.49
Australia,2019-07-01,99.73
South Korea,2019-07-01,99.37
France,2019-08-01,100.5
Germany,2019-08-01,100.89
Italy,2019-08-01,100.42
Japan,2019-08-01,98.65
UK,2019-08-01,99.93
USA,2019-08-01,100.89
China,2019-08-01,104.33
Australia,2019-08-01,99.67
South Korea,2019-08-01,99.29
France,2019-09-01,100.59
Germany,2019-09-01,100.89
Italy,2019-09-01,100.37
Japan,2019-09-01,98.49
UK,2019-09-01,99.88
USA,2019-09-01,100.89
China,2019-09-01,104.42
Australia,2019-09-01,99.53
South Korea,2019-09-01,99.52
France,2019-10-01,100.6
Germany,2019-10-01,100.9
Italy,2019-10-01,100.39
Japan,2019-10-01,98.58
UK,2019-10-01,99.98
USA,2019-10-01,101.1
China,2019-10-01,104.62
Australia,2019-10-01,99.37
South Korea,2019-10-01,99.85
France,2019-11-01,100.48
Germany,2019-11-01,101
Italy,2019-11-01,100.45
Japan,2019-11-01,98.87
UK,2019-11-01,100.3
USA,2019-11-01,101.37
China,2019-11-01,104.86
Australia,2019-11-01,99.35
South Korea,2019-11-01,100.15
France,2019-12-01,100.15
Germany,2019-12-01,101.01
Italy,2019-12-01,100.6
Japan,2019-12-01,99.07
UK,2019-12-01,100.65
USA,2019-12-01,101.6
China,2019-12-01,104.97
Australia,2019-12-01,99.29
South Korea,2019-12-01,100.25
France,2020-01-01,99.9
Germany,2020-01-01,100.91
Italy,2020-01-01,100.52
Japan,2020-01-01,98.93
UK,2020-01-01,100.77
USA,2020-01-01,101.6
China,2020-01-01,104.6
Australia,2020-01-01,99.18
South Korea,2020-01-01,99.95
France,2020-02-01,99.44
Germany,2020-02-01,100.53
Italy,2020-02-01,99.94
Japan,2020-02-01,98.19
UK,2020-02-01,100.41
USA,2020-02-01,101.17
China,2020-02-01,103.75
Australia,2020-02-01,99.01
South Korea,2020-02-01,98.92
France,2020-03-01,98.52
Germany,2020-03-01,99.72
Italy,2020-03-01,98.99
Japan,2020-03-01,96.84
UK,2020-03-01,99.33
USA,2020-03-01,100.15
China,2020-03-01,103.07
Australia,2020-03-01,98.59
South Korea,2020-03-01,97.49
France,2020-04-01,97.66
Germany,2020-04-01,98.92
Italy,2020-04-01,98.53
Japan,2020-04-01,95.63
UK,2020-04-01,97.77
USA,2020-04-01,99.05
China,2020-04-01,102.2
Australia,2020-04-01,98.16
South Korea,2020-04-01,96.62
France,2020-05-01,97.77
Germany,2020-05-01,98.83
Italy,2020-05-01,98.67
Japan,2020-05-01,95.4
UK,2020-05-01,97.01
USA,2020-05-01,98.55
China,2020-05-01,101.58
Australia,2020-05-01,98.29
South Korea,2020-05-01,96.66
France,2020-06-01,98.43
Germany,2020-06-01,99.23
Italy,2020-06-01,99.32
Japan,2020-06-01,95.82
UK,2020-06-01,97.15
USA,2020-06-01,98.49
China,2020-06-01,101.33
Australia,2020-06-01,98.47
South Korea,2020-06-01,97.1
France,2020-07-01,98.92
Germany,2020-07-01,99.64
Italy,2020-07-01,99.72
Japan,2020-07-01,96.34
UK,2020-07-01,97.65
USA,2020-07-01,98.51
China,2020-07-01,101.71
Australia,2020-07-01,98.4
South Korea,2020-07-01,97.54
France,2020-08-01,99.09
Germany,2020-08-01,99.93
Italy,2020-08-01,99.94
Japan,2020-08-01,96.79
UK,2020-08-01,97.86
USA,2020-08-01,98.72
China,2020-08-01,102.26
Australia,2020-08-01,98.47
South Korea,2020-08-01,97.83
France,2020-09-01,98.99
Germany,2020-09-01,99.98
Italy,2020-09-01,99.97
Japan,2020-09-01,97.17
UK,2020-09-01,97.68
USA,2020-09-01,99.03
China,2020-09-01,103.03
Australia,2020-09-01,99.16
South Korea,2020-09-01,98
France,2020-10-01,98.62
Germany,2020-10-01,99.81
Italy,2020-10-01,99.69
Japan,2020-10-01,97.33
UK,2020-10-01,97.34
USA,2020-10-01,99.18
China,2020-10-01,103.66
Australia,2020-10-01,100.04
South Korea,2020-10-01,98.54
France,2020-11-01,98.33
Germany,2020-11-01,99.59
Italy,2020-11-01,99.52
Japan,2020-11-01,97.27
UK,2020-11-01,97.24
USA,2020-11-01,99.14
China,2020-11-01,104.07
Australia,2020-11-01,100.64
South Korea,2020-11-01,98.97
France,2020-12-01,98.5
Germany,2020-12-01,99.44
Italy,2020-12-01,99.83
Japan,2020-12-01,97.11
UK,2020-12-01,97.66
USA,2020-12-01,99.14
China,2020-12-01,104.21
Australia,2020-12-01,100.93
South Korea,2020-12-01,99.02
France,2021-01-01,98.58
Germany,2021-01-01,99.34
Italy,2021-01-01,100.2
Japan,2021-01-01,97.15
UK,2021-01-01,98.25
USA,2021-01-01,99.15
China,2021-01-01,104.4
Australia,2021-01-01,100.97
South Korea,2021-01-01,99.2
France,2021-02-01,98.81
Germany,2021-02-01,99.51
Italy,2021-02-01,100.58
Japan,2021-02-01,97.57
UK,2021-02-01,99.33
USA,2021-02-01,99.29
China,2021-02-01,104.55
Australia,2021-02-01,101.09
South Korea,2021-02-01,99.51
France,2021-03-01,99.4
Germany,2021-03-01,99.82
Italy,2021-03-01,101
Japan,2021-03-01,98.02
UK,2021-03-01,100.64
USA,2021-03-01,99.66
China,2021-03-01,104.22
Australia,2021-03-01,101.33
South Korea,2021-03-01,99.9
France,2021-04-01,100.1
Germany,2021-04-01,100.16
Italy,2021-04-01,101.61
Japan,2021-04-01,98.24
UK,2021-04-01,101.68
USA,2021-04-01,99.91
China,2021-04-01,103.89
Australia,2021-04-01,101.5
South Korea,2021-04-01,100.31
France,2021-05-01,100.95
Germany,2021-05-01,100.7
Italy,2021-05-01,102.39
Japan,2021-05-01,98.37
UK,2021-05-01,102.47
USA,2021-05-01,99.85
China,2021-05-01,103.67
Australia,2021-05-01,101.3
South Korea,2021-05-01,100.67
France,2021-06-01,101.58
Germany,2021-06-01,101.17
Italy,2021-06-01,102.97
Japan,2021-06-01,98.57
UK,2021-06-01,102.82
USA,2021-06-01,99.64
China,2021-06-01,103.38
Australia,2021-06-01,100.96
South Korea,2021-06-01,100.84
France,2021-07-01,101.55
Germany,2021-07-01,101.31
Italy,2021-07-01,103.15
Japan,2021-07-01,98.7
UK,2021-07-01,102.77
USA,2021-07-01,99.16
China,2021-07-01,102.89
Australia,2021-07-01,100.72
South Korea,2021-07-01,100.64
France,2021-08-01,101.28
Germany,2021-08-01,101.3
Italy,2021-08-01,103.02
Japan,2021-08-01,98.77
UK,2021-08-01,102.25
USA,2021-08-01,98.59
China,2021-08-01,102.76
Australia,2021-08-01,100.52
South Korea,2021-08-01,100.5
France,2021-09-01,101.13
Germany,2021-09-01,101.3
Italy,2021-09-01,102.93
Japan,2021-09-01,98.87
UK,2021-09-01,101.39
USA,2021-09-01,98.28
China,2021-09-01,103.01
Australia,2021-09-01,100.46
South Korea,2021-09-01,100.56
France,2021-10-01,100.82
Germany,2021-10-01,101.11
Italy,2021-10-01,102.81
Japan,2021-10-01,98.96
UK,2021-10-01,100.67
USA,2021-10-01,98.09
China,2021-10-01,103.19
Australia,2021-10-01,100.43
South Korea,2021-10-01,100.73
France,2021-11-01,100.5
Germany,2021-11-01,100.8
Italy,2021-11-01,102.53
Japan,2021-11-01,98.96
UK,2021-11-01,100.34
USA,2021-11-01,97.93
China,2021-11-01,103.34
Australia,2021-11-01,100.38
South Korea,2021-11-01,100.78
France,2021-12-01,100.11
Germany,2021-12-01,100.51
Italy,2021-12-01,102.08
Japan,2021-12-01,98.81
UK,2021-12-01,99.85
USA,2021-12-01,97.83
China,2021-12-01,103.51
Australia,2021-12-01,100.29
South Korea,2021-12-01,100.65
France,2022-01-01,99.64
Germany,2022-01-01,100.29
Italy,2022-01-01,101.25
Japan,2022-01-01,98.47
UK,2022-01-01,98.83
USA,2022-01-01,97.59
China,2022-01-01,103.32
Australia,2022-01-01,100.12
South Korea,2022-01-01,100.55
France,2022-02-01,98.87
Germany,2022-02-01,99.79
Italy,2022-02-01,100.12
Japan,2022-02-01,98.07
UK,2022-02-01,97.3
USA,2022-02-01,97.28
China,2022-02-01,101.96
Australia,2022-02-01,99.9
South Korea,2022-02-01,100.48
France,2022-03-01,97.69
Germany,2022-03-01,98.95
Italy,2022-03-01,98.76
Japan,2022-03-01,97.71
UK,2022-03-01,95.74
USA,2022-03-01,97.03
China,2022-03-01,98.9
Australia,2022-03-01,99.58
South Korea,2022-03-01,100.44
France,2022-04-01,97.07
Germany,2022-04-01,98.26
Italy,2022-04-01,98.06
Japan,2022-04-01,97.55
UK,2022-04-01,94.42
USA,2022-04-01,96.86
China,2022-04-01,94.92
Australia,2022-04-01,99.21
South Korea,2022-04-01,100.32
France,2022-05-01,96.81
Germany,2022-05-01,97.84
Italy,2022-05-01,97.7
Japan,2022-05-01,97.47
UK,2022-05-01,93.65
USA,2022-05-01,96.45
China,2022-05-01,92.74
Australia,2022-05-01,98.75
South Korea,2022-05-01,99.92
France,2022-06-01,96.62
Germany,2022-06-01,97.43
Italy,2022-06-01,97.37
Japan,2022-06-01,97.26
UK,2022-06-01,93.25
USA,2022-06-01,96.03
China,2022-06-01,92.11
Australia,2022-06-01,98.31
South Korea,2022-06-01,99.2
France,2022-07-01,96.58
Germany,2022-07-01,96.96
Italy,2022-07-01,97.05
Japan,2022-07-01,97.08
UK,2022-07-01,92.93
USA,2022-07-01,96
China,2022-07-01,92.01
Australia,2022-07-01,98.01
South Korea,2022-07-01,98.49
France,2022-08-01,96.64
Germany,2022-08-01,96.58
Italy,2022-08-01,96.98
Japan,2022-08-01,97.04
UK,2022-08-01,92.39
USA,2022-08-01,96.28
China,2022-08-01,92.02
Australia,2022-08-01,97.86
South Korea,2022-08-01,98.26
France,2022-09-01,96.52
Germany,2022-09-01,96.17
Italy,2022-09-01,96.88
Japan,2022-09-01,96.88
UK,2022-09-01,91.84
USA,2022-09-01,96.56
China,2022-09-01,92.08
Australia,2022-09-01,97.9
South Korea,2022-09-01,98.28
France,2022-10-01,96.48
Germany,2022-10-01,95.91
Italy,2022-10-01,96.78
Japan,2022-10-01,96.67
UK,2022-10-01,91.57
USA,2022-10-01,96.8
Australia,2022-10-01,97.98
South Korea,2022-10-01,98.25
