State,Code,Year,Democratic share,Republican share,Margin,Winner
Alaska,AK,1976,35.7,57.9,-22.3,Republican
Alaska,AK,1980,26.4,54.3,-27.9,Republican
Alaska,AK,1984,29.9,66.7,-36.8,Republican
Alaska,AK,1988,36.3,59.6,-23.3,Republican
Alaska,AK,1992,30.3,39.5,-9.2,Republican
Alaska,AK,1996,33.3,50.8,-17.5,Republican
Alaska,AK,2000,27.7,58.6,-31,Republican
Alaska,AK,2004,35.5,61.1,-25.5,Republican
Alaska,AK,2008,37.9,59.4,-21.5,Republican
Alaska,AK,2012,40.8,54.8,-14,Republican
Alaska,AK,2016,36.6,51.3,-14.7,Republican
Alabama,AL,1976,55.7,42.6,13.1,Democrat
Alabama,AL,1980,47.4,48.8,-1.3,Republican
Alabama,AL,1984,38.3,60.5,-22.3,Republican
Alabama,AL,1988,39.9,59.2,-19.3,Republican
Alabama,AL,1992,40.9,47.6,-6.8,Republican
Alabama,AL,1996,43.2,50.1,-7,Republican
Alabama,AL,2000,41.6,56.5,-14.9,Republican
Alabama,AL,2004,36.8,62.5,-25.6,Republican
Alabama,AL,2008,38.7,60.3,-21.6,Republican
Alabama,AL,2012,38.4,60.5,-22.2,Republican
Alabama,AL,2016,34.4,62.1,-27.7,Republican
Arkansas,AR,1976,65,34.9,30.1,Democrat
Arkansas,AR,1980,47.5,48.1,-0.6,Republican
Arkansas,AR,1984,38.3,60.5,-22.2,Republican
Arkansas,AR,1988,42.2,56.4,-14.2,Republican
Arkansas,AR,1992,53.2,35.5,17.7,Democrat
Arkansas,AR,1996,53.7,36.8,16.9,Democrat
Arkansas,AR,2000,45.9,51.3,-5.4,Republican
Arkansas,AR,2004,44.5,54.3,-9.8,Republican
Arkansas,AR,2008,38.9,58.7,-19.9,Republican
Arkansas,AR,2012,36.9,60.6,-23.7,Republican
Arkansas,AR,2016,33.7,60.6,-26.9,Republican
Arizona,AZ,1976,39.8,56.4,-16.6,Republican
Arizona,AZ,1980,28.2,60.6,-32.4,Republican
Arizona,AZ,1984,32.5,66.4,-33.9,Republican
Arizona,AZ,1988,38.7,60,-21.2,Republican
Arizona,AZ,1992,36.5,38.5,-2,Republican
Arizona,AZ,1996,46.5,44.3,2.2,Democrat
Arizona,AZ,2000,44.7,51,-6.3,Republican
Arizona,AZ,2004,44.4,54.9,-10.5,Republican
Arizona,AZ,2008,45.1,53.6,-8.5,Republican
Arizona,AZ,2012,44.6,53.7,-9.1,Republican
Arizona,AZ,2016,45.1,48.7,-3.5,Republican
California,CA,1976,48,49.7,-1.8,Republican
California,CA,1980,35.9,52.7,-16.8,Republican
California,CA,1984,41.3,57.5,-16.2,Republican
California,CA,1988,47.6,51.1,-3.6,Republican
California,CA,1992,46,32.6,13.4,Democrat
California,CA,1996,51.1,38.2,12.9,Democrat
California,CA,2000,53.4,41.7,11.8,Democrat
California,CA,2004,54.3,44.4,9.9,Democrat
California,CA,2008,61,37,24.1,Democrat
California,CA,2012,60.2,37.1,23.1,Democrat
California,CA,2016,61.7,31.6,30.1,Democrat
Colorado,CO,1976,42.6,54,-11.4,Republican
Colorado,CO,1980,31.1,55.1,-24,Republican
Colorado,CO,1984,35.1,63.4,-28.3,Republican
Colorado,CO,1988,45.3,53.1,-7.8,Republican
Colorado,CO,1992,40.1,35.9,4.3,Democrat
Colorado,CO,1996,44.4,45.8,-1.4,Republican
Colorado,CO,2000,42.4,50.8,-8.4,Republican
Colorado,CO,2004,47,51.7,-4.7,Republican
Colorado,CO,2008,53.7,44.7,9,Democrat
Colorado,CO,2012,51.5,46.1,5.4,Democrat
Colorado,CO,2016,48.2,43.3,4.9,Democrat
Connecticut,CT,1976,46.7,51.9,-5.1,Republican
Connecticut,CT,1980,38.5,48.2,-9.6,Republican
Connecticut,CT,1984,38.8,60.7,-21.9,Republican
Connecticut,CT,1988,46.9,52,-5.1,Republican
Connecticut,CT,1992,42.2,35.8,6.4,Democrat
Connecticut,CT,1996,52.8,34.7,18.1,Democrat
Connecticut,CT,2000,55.9,38.4,17.5,Democrat
Connecticut,CT,2004,54.3,43.9,10.4,Democrat
Connecticut,CT,2008,60.6,38.2,22.4,Democrat
Connecticut,CT,2012,58.1,40.7,17.3,Democrat
Connecticut,CT,2016,54.6,40.9,13.6,Democrat
District of Columbia,DC,1976,81.6,16.5,65.1,Democrat
District of Columbia,DC,1980,74.9,13.4,61.5,Democrat
District of Columbia,DC,1984,85.4,13.7,71.7,Democrat
District of Columbia,DC,1988,82.6,14.3,68.3,Democrat
District of Columbia,DC,1992,84.6,9.1,75.5,Democrat
District of Columbia,DC,1996,85.2,9.3,75.9,Democrat
District of Columbia,DC,2000,85.2,9,76.2,Democrat
District of Columbia,DC,2004,89.2,9.3,79.8,Democrat
District of Columbia,DC,2008,92.5,6.5,85.9,Democrat
District of Columbia,DC,2012,90.9,7.3,83.6,Democrat
District of Columbia,DC,2016,90.5,4.1,86.4,Democrat
Delaware,DE,1976,52,46.6,5.4,Democrat
Delaware,DE,1980,44.9,47.2,-2.3,Republican
Delaware,DE,1984,39.9,59.8,-19.9,Republican
Delaware,DE,1988,43.5,55.9,-12.4,Republican
Delaware,DE,1992,43.5,35.3,8.2,Democrat
Delaware,DE,1996,51.8,36.6,15.2,Democrat
Delaware,DE,2000,55,41.9,13.1,Democrat
Delaware,DE,2004,53.3,45.8,7.6,Democrat
Delaware,DE,2008,61.9,36.9,25,Democrat
Delaware,DE,2012,58.6,40,18.6,Democrat
Delaware,DE,2016,53.4,41.9,11.4,Democrat
Florida,FL,1976,51.9,46.6,5.3,Democrat
Florida,FL,1980,38.5,55.5,-17,Republican
Florida,FL,1984,34.7,65.3,-30.7,Republican
Florida,FL,1988,38.5,60.9,-22.4,Republican
Florida,FL,1992,39,40.9,-1.9,Republican
Florida,FL,1996,48,42.3,5.7,Democrat
Florida,FL,2000,48.8,48.8,0,Republican
Florida,FL,2004,47.1,52.1,-5,Republican
Florida,FL,2008,51,48.2,2.8,Democrat
Florida,FL,2012,50,49.1,0.9,Democrat
Florida,FL,2016,47.8,49,-1.2,Republican
Georgia,GA,1976,66.9,33.1,33.9,Democrat
Georgia,GA,1980,55.8,41,14.8,Democrat
Georgia,GA,1984,39.8,60.2,-20.4,Republican
Georgia,GA,1988,39.5,59.8,-20.3,Republican
Georgia,GA,1992,43.5,42.9,0.6,Democrat
Georgia,GA,1996,45.8,47,-1.2,Republican
Georgia,GA,2000,43.2,55,-11.7,Republican
Georgia,GA,2004,41.4,58,-16.6,Republican
Georgia,GA,2008,47,52.2,-5.2,Republican
Georgia,GA,2012,45.5,53.3,-7.8,Republican
Georgia,GA,2016,45.6,50.8,-5.1,Republican
Hawaii,HI,1976,50.6,48.1,2.5,Democrat
Hawaii,HI,1980,44.8,42.9,1.9,Democrat
Hawaii,HI,1984,43.8,55.1,-11.3,Republican
Hawaii,HI,1988,54.3,44.8,9.5,Democrat
Hawaii,HI,1992,48.1,36.7,11.4,Democrat
Hawaii,HI,1996,56.9,31.6,25.3,Democrat
Hawaii,HI,2000,55.8,37.5,18.3,Democrat
Hawaii,HI,2004,54,45.3,8.7,Democrat
Hawaii,HI,2008,71.5,26.4,45,Democrat
Hawaii,HI,2012,70.1,27.7,42.5,Democrat
Hawaii,HI,2016,61,29.4,31.5,Democrat
Iowa,IA,1976,48.5,49.5,-1,Republican
Iowa,IA,1980,38.6,51.3,-12.7,Republican
Iowa,IA,1984,45.9,53.3,-7.4,Republican
Iowa,IA,1988,54.7,44.5,10.2,Democrat
Iowa,IA,1992,43.3,37.3,6,Democrat
Iowa,IA,1996,50.3,39.9,10.3,Democrat
Iowa,IA,2000,47.2,46.9,0.3,Democrat
Iowa,IA,2004,49.2,49.9,-0.7,Republican
Iowa,IA,2008,53.9,44.4,9.5,Democrat
Iowa,IA,2012,52,46.2,5.8,Democrat
Iowa,IA,2016,41.8,51.2,-9.4,Republican
Idaho,ID,1976,37.1,59.9,-22.8,Republican
Idaho,ID,1980,25.2,66.5,-41.3,Republican
Idaho,ID,1984,26.4,72.4,-46,Republican
Idaho,ID,1988,36,62.1,-26.1,Republican
Idaho,ID,1992,28.4,42,-13.6,Republican
Idaho,ID,1996,33.6,52.2,-18.5,Republican
Idaho,ID,2000,27.6,67.2,-39.5,Republican
Idaho,ID,2004,30.3,68.4,-38.1,Republican
Idaho,ID,2008,36.1,61.5,-25.4,Republican
Idaho,ID,2012,32.6,64.5,-31.9,Republican
Idaho,ID,2016,27.5,59.3,-31.8,Republican
Illinois,IL,1976,48.1,50.1,-2,Republican
Illinois,IL,1980,41.7,49.6,-7.9,Republican
Illinois,IL,1984,43.3,56.2,-12.9,Republican
Illinois,IL,1988,48.6,50.7,-2.1,Republican
Illinois,IL,1992,48.6,34.3,14.2,Democrat
Illinois,IL,1996,54.3,36.8,17.5,Democrat
Illinois,IL,2000,54.6,42.6,12,Democrat
Illinois,IL,2004,54.8,44.5,10.3,Democrat
Illinois,IL,2008,61.9,36.8,25.1,Democrat
Illinois,IL,2012,57.6,40.7,16.9,Democrat
Illinois,IL,2016,55.8,38.8,17.1,Democrat
Indiana,IN,1976,45.7,53.3,-7.6,Republican
Indiana,IN,1980,37.7,56,-18.4,Republican
Indiana,IN,1984,37.7,61.7,-24,Republican
Indiana,IN,1988,39.7,59.8,-20.2,Republican
Indiana,IN,1992,36.8,42.9,-6.1,Republican
Indiana,IN,1996,41.6,47.1,-5.6,Republican
Indiana,IN,2000,41,56.6,-15.6,Republican
Indiana,IN,2004,39.3,59.9,-20.7,Republican
Indiana,IN,2008,49.9,48.9,1,Democrat
Indiana,IN,2012,43.9,54.1,-10.2,Republican
Indiana,IN,2016,37.8,56.9,-19.2,Republican
Kansas,KS,1976,44.9,52.5,-7.6,Republican
Kansas,KS,1980,33.3,57.9,-24.6,Republican
Kansas,KS,1984,32.6,66.3,-33.7,Republican
Kansas,KS,1988,42.6,55.8,-13.2,Republican
Kansas,KS,1992,33.7,38.9,-5.1,Republican
Kansas,KS,1996,36.1,54.3,-18.2,Republican
Kansas,KS,2000,37.2,58,-20.8,Republican
Kansas,KS,2004,36.6,62,-25.4,Republican
Kansas,KS,2008,41.7,56.6,-15,Republican
Kansas,KS,2012,38,59.7,-21.7,Republican
Kansas,KS,2016,36.1,56.7,-20.6,Republican
Kentucky,KY,1976,52.8,45.6,7.2,Democrat
Kentucky,KY,1980,47.7,49,-1.4,Republican
Kentucky,KY,1984,39.4,60,-20.6,Republican
Kentucky,KY,1988,43.9,55.5,-11.6,Republican
Kentucky,KY,1992,44.6,41.3,3.2,Democrat
Kentucky,KY,1996,45.8,44.9,1,Democrat
Kentucky,KY,2000,41.4,56.5,-15.1,Republican
Kentucky,KY,2004,39.7,59.5,-19.9,Republican
Kentucky,KY,2008,41.2,57.4,-16.2,Republican
Kentucky,KY,2012,37.8,60.5,-22.7,Republican
Kentucky,KY,2016,32.7,62.5,-29.8,Republican
Louisiana,LA,1976,51.8,46,5.8,Democrat
Louisiana,LA,1980,45.7,51.2,-5.5,Republican
Louisiana,LA,1984,38.2,60.8,-22.6,Republican
Louisiana,LA,1988,44.1,54.3,-10.2,Republican
Louisiana,LA,1992,45.6,41,4.6,Democrat
Louisiana,LA,1996,52,39.9,12.1,Democrat
Louisiana,LA,2000,44.9,52.6,-7.7,Republican
Louisiana,LA,2004,42.2,56.7,-14.5,Republican
Louisiana,LA,2008,39.9,58.6,-18.6,Republican
Louisiana,LA,2012,40.6,57.8,-17.2,Republican
Louisiana,LA,2016,38.4,58.1,-19.6,Republican
Massachusetts,MA,1976,56.1,40.4,15.7,Democrat
Massachusetts,MA,1980,41.7,41.9,-0.2,Republican
Massachusetts,MA,1984,48.4,51.2,-2.8,Republican
Massachusetts,MA,1988,53.2,45.4,7.9,Democrat
Massachusetts,MA,1992,47.5,29,18.5,Democrat
Massachusetts,MA,1996,61.5,28.1,33.4,Democrat
Massachusetts,MA,2000,59.1,32.1,27,Democrat
Massachusetts,MA,2004,61.6,36.6,25,Democrat
Massachusetts,MA,2008,61.4,35.7,25.6,Democrat
Massachusetts,MA,2012,60.3,37.3,23,Democrat
Massachusetts,MA,2016,59.1,32.3,26.8,Democrat
Maryland,MD,1976,53,47,6.1,Democrat
Maryland,MD,1980,47.1,44.2,3,Democrat
Maryland,MD,1984,47,52.5,-5.5,Republican
Maryland,MD,1988,48.2,51.1,-2.9,Republican
Maryland,MD,1992,49.8,35.6,14.2,Democrat
Maryland,MD,1996,54.3,38.3,16,Democrat
Maryland,MD,2000,56.5,40.2,16.3,Democrat
Maryland,MD,2004,56,43,13,Democrat
Maryland,MD,2008,61.9,36.5,25.4,Democrat
Maryland,MD,2012,62,35.9,26.1,Democrat
Maryland,MD,2016,60.3,33.9,26.4,Democrat
Maine,ME,1976,48.1,48.9,-0.8,Republican
Maine,ME,1980,42.3,45.6,-3.4,Republican
Maine,ME,1984,38.8,60.8,-22.1,Republican
Maine,ME,1988,43.9,55.3,-11.5,Republican
Maine,ME,1992,38.8,30.4,8.4,Democrat
Maine,ME,1996,51.6,30.8,20.9,Democrat
Maine,ME,2000,49.1,44,5.1,Democrat
Maine,ME,2004,53.6,44.6,9,Democrat
Maine,ME,2008,57.7,40.4,17.3,Democrat
Maine,ME,2012,55.4,40.3,15,Democrat
Maine,ME,2016,46.3,43.5,2.9,Democrat
Michigan,MI,1976,46.5,51.9,-5.4,Republican
Michigan,MI,1980,42.5,49,-6.5,Republican
Michigan,MI,1984,40.2,59.2,-19,Republican
Michigan,MI,1988,45.7,53.6,-7.9,Republican
Michigan,MI,1992,43.8,36.4,7.4,Democrat
Michigan,MI,1996,51.7,38.5,13.2,Democrat
Michigan,MI,2000,51.3,46.1,5.1,Democrat
Michigan,MI,2004,51.2,47.8,3.4,Democrat
Michigan,MI,2008,57.4,41,16.5,Democrat
Michigan,MI,2012,54.2,44.7,9.5,Democrat
Michigan,MI,2016,47.3,47.5,-0.2,Republican
Minnesota,MN,1976,54.9,42,12.9,Democrat
Minnesota,MN,1980,46.5,42.6,3.9,Democrat
Minnesota,MN,1984,49.7,49.5,0.2,Democrat
Minnesota,MN,1988,52.9,45.9,7,Democrat
Minnesota,MN,1992,43.5,31.9,11.6,Democrat
Minnesota,MN,1996,51.1,35,16.1,Democrat
Minnesota,MN,2000,47.9,45.5,2.4,Democrat
Minnesota,MN,2004,51.1,47.6,3.5,Democrat
Minnesota,MN,2008,54.1,43.8,10.2,Democrat
Minnesota,MN,2012,52.7,45,7.7,Democrat
Minnesota,MN,2016,46.4,44.9,1.5,Democrat
Missouri,MO,1976,51.1,47.5,3.6,Democrat
Missouri,MO,1980,44.3,51.2,-6.8,Republican
Missouri,MO,1984,40,60,-20,Republican
Missouri,MO,1988,47.9,51.8,-4,Republican
Missouri,MO,1992,44.1,33.9,10.2,Democrat
Missouri,MO,1996,47.5,41.2,6.3,Democrat
Missouri,MO,2000,47.1,50.4,-3.3,Republican
Missouri,MO,2004,46.1,53.3,-7.2,Republican
Missouri,MO,2008,49.3,49.4,-0.1,Republican
Missouri,MO,2012,44.4,53.8,-9.4,Republican
Missouri,MO,2016,38.1,56.8,-18.6,Republican
Mississippi,MS,1976,49.6,47.7,1.9,Democrat
Mississippi,MS,1980,48.1,49.5,-1.3,Republican
Mississippi,MS,1984,37.4,61.9,-24.5,Republican
Mississippi,MS,1988,39.1,59.9,-20.8,Republican
Mississippi,MS,1992,40.8,49.7,-8.9,Republican
Mississippi,MS,1996,44.1,49.2,-5.1,Republican
Mississippi,MS,2000,40.7,57.6,-16.9,Republican
Mississippi,MS,2004,40.2,59,-18.9,Republican
Mississippi,MS,2008,43,56.2,-13.2,Republican
Mississippi,MS,2012,43.8,55.3,-11.5,Republican
Mississippi,MS,2016,40.1,57.9,-17.8,Republican
Montana,MT,1976,45.4,52.8,-7.4,Republican
Montana,MT,1980,32.4,56.8,-24.4,Republican
Montana,MT,1984,38.2,60.5,-22.3,Republican
Montana,MT,1988,46.2,52.1,-5.9,Republican
Montana,MT,1992,37.6,35.1,2.5,Democrat
Montana,MT,1996,41.3,44.1,-2.9,Republican
Montana,MT,2000,33.4,58.4,-25.1,Republican
Montana,MT,2004,38.6,59.1,-20.5,Republican
Montana,MT,2008,47.3,49.5,-2.3,Republican
Montana,MT,2012,41.7,55.4,-13.7,Republican
Montana,MT,2016,35.9,56.5,-20.5,Republican
North Carolina,NC,1976,55.3,44.2,11,Democrat
North Carolina,NC,1980,47.2,49.3,-2.1,Republican
North Carolina,NC,1984,37.9,61.9,-24,Republican
North Carolina,NC,1988,41.7,58,-16.3,Republican
North Carolina,NC,1992,42.7,43.4,-0.8,Republican
North Carolina,NC,1996,44,48.7,-4.7,Republican
North Carolina,NC,2000,43.1,56,-12.8,Republican
North Carolina,NC,2004,43.6,56,-12.4,Republican
North Carolina,NC,2008,49.7,49.4,0.3,Democrat
North Carolina,NC,2012,48.4,50.4,-2,Republican
North Carolina,NC,2016,46.2,49.8,-3.7,Republican
North Dakota,ND,1976,45.8,51.7,-5.9,Republican
North Dakota,ND,1980,26.3,64.3,-38,Republican
North Dakota,ND,1984,33.8,64.8,-31,Republican
North Dakota,ND,1988,43,56,-13.1,Republican
North Dakota,ND,1992,32.2,44.2,-12,Republican
North Dakota,ND,1996,40.1,46.9,-6.8,Republican
North Dakota,ND,2000,33.1,60.7,-27.6,Republican
North Dakota,ND,2004,35.5,62.9,-27.4,Republican
North Dakota,ND,2008,44.6,53.3,-8.6,Republican
North Dakota,ND,2012,38.7,58.3,-19.6,Republican
North Dakota,ND,2016,27.2,63,-35.7,Republican
Nebraska,NE,1976,38.4,59.2,-20.8,Republican
Nebraska,NE,1980,26,65.6,-39.5,Republican
Nebraska,NE,1984,28.8,70.6,-41.7,Republican
Nebraska,NE,1988,39.2,60.2,-21,Republican
Nebraska,NE,1992,29.4,46.6,-17.2,Republican
Nebraska,NE,1996,35,53.7,-18.7,Republican
Nebraska,NE,2000,33.3,62.2,-29,Republican
Nebraska,NE,2004,32.7,65.9,-33.2,Republican
Nebraska,NE,2008,41.6,56.5,-14.9,Republican
Nebraska,NE,2012,38,59.8,-21.8,Republican
Nebraska,NE,2016,33.7,58.7,-25,Republican
New Hampshire,NH,1976,43.5,54.7,-11.3,Republican
New Hampshire,NH,1980,28.4,57.7,-29.4,Republican
New Hampshire,NH,1984,30.9,68.7,-37.7,Republican
New Hampshire,NH,1988,36.3,62.5,-26.2,Republican
New Hampshire,NH,1992,38.9,37.7,1.2,Democrat
New Hampshire,NH,1996,49.6,39.6,10,Democrat
New Hampshire,NH,2000,46.8,48.1,-1.3,Republican
New Hampshire,NH,2004,50.2,48.8,1.4,Democrat
New Hampshire,NH,2008,54.1,44.5,9.6,Democrat
New Hampshire,NH,2012,52,46.4,5.6,Democrat
New Hampshire,NH,2016,46.8,46.5,0.4,Democrat
New Jersey,NJ,1976,47.9,50.1,-2.2,Republican
New Jersey,NJ,1980,38.6,52,-13.4,Republican
New Jersey,NJ,1984,39.2,60.1,-20.9,Republican
New Jersey,NJ,1988,42.6,56.2,-13.6,Republican
New Jersey,NJ,1992,43,40.6,2.4,Democrat
New Jersey,NJ,1996,53.7,35.9,17.9,Democrat
New Jersey,NJ,2000,56.1,40.3,15.8,Democrat
New Jersey,NJ,2004,52.9,46.2,6.7,Democrat
New Jersey,NJ,2008,57.3,41.7,15.6,Democrat
New Jersey,NJ,2012,58.3,40.6,17.7,Democrat
New Jersey,NJ,2016,55.5,41.4,14.1,Democrat
New Mexico,NM,1976,48.3,50.7,-2.5,Republican
New Mexico,NM,1980,36.8,55,-18.2,Republican
New Mexico,NM,1984,39.2,59.7,-20.5,Republican
New Mexico,NM,1988,46.9,51.9,-5,Republican
New Mexico,NM,1992,45.9,37.3,8.6,Democrat
New Mexico,NM,1996,49.2,41.9,7.3,Democrat
New Mexico,NM,2000,47.9,47.8,0.1,Democrat
New Mexico,NM,2004,49,49.8,-0.8,Republican
New Mexico,NM,2008,56.9,41.8,15.1,Democrat
New Mexico,NM,2012,53,42.8,10.1,Democrat
New Mexico,NM,2016,48.3,40,8.2,Democrat
Nevada,NV,1976,45.8,50.2,-4.4,Republican
Nevada,NV,1980,27.4,63.6,-36.3,Republican
Nevada,NV,1984,32.4,66.8,-34.4,Republican
Nevada,NV,1988,38.7,60,-21.4,Republican
Nevada,NV,1992,37.4,34.7,2.6,Democrat
Nevada,NV,1996,43.9,42.9,1,Democrat
Nevada,NV,2000,45.9,49.5,-3.5,Republican
Nevada,NV,2004,47.9,50.5,-2.6,Republican
Nevada,NV,2008,55.1,42.7,12.5,Democrat
Nevada,NV,2012,52.4,45.7,6.7,Democrat
Nevada,NV,2016,47.9,45.5,2.4,Democrat
New York,NY,1976,48.7,42.4,6.3,Democrat
New York,NY,1980,44,42.5,1.5,Democrat
New York,NY,1984,44.1,49.6,-5.5,Republican
New York,NY,1988,50.2,43.8,6.4,Democrat
New York,NY,1992,47.3,28.8,18.4,Democrat
New York,NY,1996,56.7,27,29.7,Democrat
New York,NY,2000,56.6,32.4,24.2,Democrat
New York,NY,2004,56.1,37.7,18.4,Democrat
New York,NY,2008,60.2,31.3,28.8,Democrat
New York,NY,2012,60.8,31.2,29.5,Democrat
New York,NY,2016,56.1,32.4,23.7,Democrat
Ohio,OH,1976,48.9,48.7,0.2,Democrat
Ohio,OH,1980,40.9,51.5,-10.6,Republican
Ohio,OH,1984,40,58.7,-18.7,Republican
Ohio,OH,1988,44.1,55,-10.9,Republican
Ohio,OH,1992,40.2,38.3,1.8,Democrat
Ohio,OH,1996,47.4,41,6.4,Democrat
Ohio,OH,2000,46.4,50,-3.5,Republican
Ohio,OH,2004,48.7,50.8,-2.1,Republican
Ohio,OH,2008,51.5,46.9,4.6,Democrat
Ohio,OH,2012,50.7,47.7,3,Democrat
Ohio,OH,2016,43.6,51.7,-8.1,Republican
Oklahoma,OK,1976,48.7,50,-1.2,Republican
Oklahoma,OK,1980,35,60.5,-25.5,Republican
Oklahoma,OK,1984,30.7,68.6,-37.9,Republican
Oklahoma,OK,1988,41.3,57.9,-16.6,Republican
Oklahoma,OK,1992,34,42.6,-8.6,Republican
Oklahoma,OK,1996,40.4,48.3,-7.8,Republican
Oklahoma,OK,2000,38.4,60.3,-21.9,Republican
Oklahoma,OK,2004,34.4,65.6,-31.1,Republican
Oklahoma,OK,2008,34.4,65.6,-31.3,Republican
Oklahoma,OK,2012,33.2,66.8,-33.5,Republican
Oklahoma,OK,2016,28.9,65.3,-36.4,Republican
Oregon,OR,1976,47.6,47.8,-0.2,Republican
Oregon,OR,1980,38.7,48.3,-9.7,Republican
Oregon,OR,1984,43.7,55.9,-12.2,Republican
Oregon,OR,1988,51.3,46.6,4.7,Democrat
Oregon,OR,1992,42.5,32.5,10,Democrat
Oregon,OR,1996,47.2,39.1,8.1,Democrat
Oregon,OR,2000,47,46.5,0.4,Democrat
Oregon,OR,2004,51.3,47.2,4.2,Democrat
Oregon,OR,2008,56.7,40.4,16.3,Democrat
Oregon,OR,2012,54.2,42.1,12.1,Democrat
Oregon,OR,2016,50.1,39.1,11,Democrat
Pennsylvania,PA,1976,50.4,47.7,2.7,Democrat
Pennsylvania,PA,1980,42.5,49.6,-7.1,Republican
Pennsylvania,PA,1984,46,53.3,-7.4,Republican
Pennsylvania,PA,1988,48.4,50.7,-2.3,Republican
Pennsylvania,PA,1992,45.1,36.1,9,Democrat
Pennsylvania,PA,1996,49.2,40,9.2,Democrat
Pennsylvania,PA,2000,50.6,46.4,4.2,Democrat
Pennsylvania,PA,2004,50.9,48.4,2.5,Democrat
Pennsylvania,PA,2008,54.5,44.2,10.3,Democrat
Pennsylvania,PA,2012,52.1,46.7,5.4,Democrat
Pennsylvania,PA,2016,47.9,48.6,-0.7,Republican
Rhode Island,RI,1976,55.4,44.1,11.3,Democrat
Rhode Island,RI,1980,47.7,37.2,10.5,Democrat
Rhode Island,RI,1984,48,51.7,-3.6,Republican
Rhode Island,RI,1988,55.6,43.9,11.7,Democrat
Rhode Island,RI,1992,47,29,18,Democrat
Rhode Island,RI,1996,59.7,26.8,32.9,Democrat
Rhode Island,RI,2000,61,31.9,29.1,Democrat
Rhode Island,RI,2004,59.4,38.7,20.8,Democrat
Rhode Island,RI,2008,62.9,35.1,27.8,Democrat
Rhode Island,RI,2012,62.7,35.2,27.5,Democrat
Rhode Island,RI,2016,54.4,38.9,15.5,Democrat
South Carolina,SC,1976,56.2,43.1,13,Democrat
South Carolina,SC,1980,48.2,49.5,-1.2,Republican
South Carolina,SC,1984,35.6,63.6,-28,Republican
South Carolina,SC,1988,37.6,61.5,-23.9,Republican
South Carolina,SC,1992,42.8,47,-4.2,Republican
South Carolina,SC,1996,44,49.8,-5.8,Republican
South Carolina,SC,2000,40.9,56.9,-16,Republican
South Carolina,SC,2004,40.9,58,-17.1,Republican
South Carolina,SC,2008,44.9,53.9,-9,Republican
South Carolina,SC,2012,44.1,54.6,-10.5,Republican
South Carolina,SC,2016,40.7,54.9,-14.3,Republican
South Dakota,SD,1976,48.9,50.4,-1.5,Republican
South Dakota,SD,1980,31.7,60.5,-28.8,Republican
South Dakota,SD,1984,36.5,63,-26.5,Republican
South Dakota,SD,1988,46.5,52.8,-6.3,Republican
South Dakota,SD,1992,37.1,40.7,-3.5,Republican
South Dakota,SD,1996,43,46.5,-3.5,Republican
South Dakota,SD,2000,37.6,60.3,-22.7,Republican
South Dakota,SD,2004,38.4,59.9,-21.5,Republican
South Dakota,SD,2008,44.7,53.2,-8.4,Republican
South Dakota,SD,2012,39.9,57.9,-18,Republican
South Dakota,SD,2016,31.7,61.5,-29.8,Republican
Tennessee,TN,1976,55.9,42.9,13,Democrat
Tennessee,TN,1980,48.4,48.7,-0.3,Republican
Tennessee,TN,1984,41.6,57.8,-16.3,Republican
Tennessee,TN,1988,41.5,57.9,-16.3,Republican
Tennessee,TN,1992,47.1,42.4,4.7,Democrat
Tennessee,TN,1996,48,45.6,2.4,Democrat
Tennessee,TN,2000,47.3,51.1,-3.9,Republican
Tennessee,TN,2004,42.5,56.8,-14.3,Republican
Tennessee,TN,2008,41.8,56.9,-15.1,Republican
Tennessee,TN,2012,39.1,59.5,-20.4,Republican
Tennessee,TN,2016,34.7,60.7,-26,Republican
Texas,TX,1976,51.1,48,3.2,Democrat
Texas,TX,1980,41.4,55.3,-13.9,Republican
Texas,TX,1984,36.1,63.6,-27.5,Republican
Texas,TX,1988,43.3,56,-12.6,Republican
Texas,TX,1992,37.1,40.6,-3.5,Republican
Texas,TX,1996,43.8,48.8,-4.9,Republican
Texas,TX,2000,38,59.3,-21.3,Republican
Texas,TX,2004,38.2,61.1,-22.9,Republican
Texas,TX,2008,43.7,55.5,-11.8,Republican
Texas,TX,2012,41.4,57.2,-15.8,Republican
Texas,TX,2016,43.2,52.2,-9,Republican
Utah,UT,1976,33.6,62.4,-28.8,Republican
Utah,UT,1980,20.6,72.8,-52.2,Republican
Utah,UT,1984,24.7,74.5,-49.8,Republican
Utah,UT,1988,32,66.2,-34.2,Republican
Utah,UT,1992,24.7,43.4,-18.7,Republican
Utah,UT,1996,33.3,54.4,-21.1,Republican
Utah,UT,2000,26.3,66.8,-40.5,Republican
Utah,UT,2004,26,71.5,-45.5,Republican
Utah,UT,2008,34.4,62.6,-28.2,Republican
Utah,UT,2012,24.7,72.8,-48,Republican
Utah,UT,2016,27.5,45.5,-18.1,Republican
Virginia,VA,1976,48,49.3,-1.3,Republican
Virginia,VA,1980,40.3,53,-12.7,Republican
Virginia,VA,1984,37.1,62.3,-25.2,Republican
Virginia,VA,1988,39.2,59.7,-20.5,Republican
Virginia,VA,1992,40.6,45,-4.4,Republican
Virginia,VA,1996,45.1,47.1,-2,Republican
Virginia,VA,2000,44.4,52.5,-8,Republican
Virginia,VA,2004,45.5,53.7,-8.2,Republican
Virginia,VA,2008,52.6,46.3,6.3,Democrat
Virginia,VA,2012,51.2,47.3,3.9,Democrat
Virginia,VA,2016,49.8,44.4,5.3,Democrat
Vermont,VT,1976,42.3,54.6,-12.3,Republican
Vermont,VT,1980,38.4,44.4,-5.9,Republican
Vermont,VT,1984,40.8,57.9,-17.1,Republican
Vermont,VT,1988,47.6,51.1,-3.5,Republican
Vermont,VT,1992,46.1,30.4,15.7,Democrat
Vermont,VT,1996,53.4,31.1,22.3,Democrat
Vermont,VT,2000,50.6,40.7,9.9,Democrat
Vermont,VT,2004,58.9,38.8,20.1,Democrat
Vermont,VT,2008,67.5,30.4,37,Democrat
Vermont,VT,2012,66.6,31,35.6,Democrat
Vermont,VT,2016,55.7,29.8,26,Democrat
Washington,WA,1976,46.1,50,-3.9,Republican
Washington,WA,1980,37.3,49.7,-12.3,Republican
Washington,WA,1984,42.6,56.1,-13.5,Republican
Washington,WA,1988,50,48.5,1.6,Democrat
Washington,WA,1992,43.4,32,11.4,Democrat
Washington,WA,1996,49.8,37.3,12.5,Democrat
Washington,WA,2000,50.2,44.6,5.6,Democrat
Washington,WA,2004,52.8,45.6,7.2,Democrat
Washington,WA,2008,57.7,40.5,17.2,Democrat
Washington,WA,2012,56.2,41.3,14.9,Democrat
Washington,WA,2016,52.5,36.8,15.7,Democrat
Wisconsin,WI,1976,49.5,47.8,1.7,Democrat
Wisconsin,WI,1980,43.2,47.9,-4.7,Republican
Wisconsin,WI,1984,45,54.2,-9.2,Republican
Wisconsin,WI,1988,51.4,47.8,3.6,Democrat
Wisconsin,WI,1992,41.1,36.8,4.4,Democrat
Wisconsin,WI,1996,48.8,38.5,10.3,Democrat
Wisconsin,WI,2000,47.8,47.6,0.2,Democrat
Wisconsin,WI,2004,49.7,49.3,0.4,Democrat
Wisconsin,WI,2008,56.2,42.3,13.9,Democrat
Wisconsin,WI,2012,52.8,45.9,6.8,Democrat
Wisconsin,WI,2016,46.5,47.2,-0.8,Republican
West Virginia,WV,1976,58.1,41.9,16.1,Democrat
West Virginia,WV,1980,49.8,45.3,4.5,Democrat
West Virginia,WV,1984,44.6,55.1,-10.5,Republican
West Virginia,WV,1988,52.2,47.5,4.7,Democrat
West Virginia,WV,1992,48.4,35.4,13,Democrat
West Virginia,WV,1996,51.5,36.8,14.7,Democrat
West Virginia,WV,2000,45.6,51.9,-6.3,Republican
West Virginia,WV,2004,43.2,56.1,-12.9,Republican
West Virginia,WV,2008,42.6,55.7,-13.1,Republican
West Virginia,WV,2012,35.5,62.3,-26.8,Republican
West Virginia,WV,2016,26.5,68.6,-42.2,Republican
Wyoming,WY,1976,39.8,59.3,-19.5,Republican
Wyoming,WY,1980,28,62.6,-34.7,Republican
Wyoming,WY,1984,28.2,70.5,-42.3,Republican
Wyoming,WY,1988,38,60.5,-22.5,Republican
Wyoming,WY,1992,34.1,39.7,-5.6,Republican
Wyoming,WY,1996,36.8,49.8,-13,Republican
Wyoming,WY,2000,28.3,69.2,-40.9,Republican
Wyoming,WY,2004,29,68.7,-39.7,Republican
Wyoming,WY,2008,32.5,64.7,-32.2,Republican
Wyoming,WY,2012,27.6,68.2,-40.6,Republican
Wyoming,WY,2016,21.6,67.4,-45.8,Republican
