Topic,Order,Party,Share
"Spirituality, faith and religion",1,Dem/Lean Dem,8
"Spirituality, faith and religion",1,Rep/Lean Rep,22
"Freedom and independence",2,Dem/Lean Dem,6
"Freedom and independence",2,Rep/Lean Rep,12
"Hobbies and recreation",3,Dem/Lean Dem,13
"Hobbies and recreation",3,Rep/Lean Rep,7
"Physical and mental health",4,Dem/Lean Dem,13
"Physical and mental health",4,Rep/Lean Rep,9
"COVID-19",5,Dem/Lean Dem,8
"COVID-19",5,Rep/Lean Rep,5
"Pets",6,Dem/Lean Dem,5
"Pets",6,Rep/Lean Rep,2
"Nature and the outdoors",7,Dem/Lean Dem,5
"Nature and the outdoors",7,Rep/Lean Rep,3
