Order Date,Region,Channel,Category,Product,Customer Segment,Units,Unit Price,Discount,Revenue,Cost,Margin,Fulfilled,Returned,Delivery Days
2024-01-01,North,Web,Home,Desk Lamp,Consumer,2,31.90,,63.80,33.17,30.62,true,true,
2024-01-02,South,Store,Home,Storage Bin,Small Business,3,17.94,0.05,51.13,24.03,27.10,true,false,4
2024-01-03,East,Wholesale,Outdoors,Trail Bottle,Enterprise,2,23.89,0.10,43.01,18.92,24.08,true,false,6
2024-01-04,West,Web,Outdoors,Camp Chair,Consumer,11,71.08,0.20,625.51,362.80,262.72,true,false,2
2024-01-05,North,Store,Kitchen,Chef Pan,Small Business,1,44.78,0.00,44.78,24.63,20.15,true,false,2
2024-01-06,South,Wholesale,Electronics,USB Hub,Enterprise,7,28.97,0.05,192.66,121.38,71.28,true,false,5
2024-01-07,East,Web,Home,Desk Lamp,Consumer,20,31.95,0.10,575.10,299.05,276.05,true,false,6
2024-01-08,West,Store,Home,Storage Bin,Small Business,4,17.07,0.20,54.63,25.68,28.96,true,false,4
2024-01-09,North,Wholesale,Outdoors,Trail Bottle,Enterprise,2,24.46,0.00,48.93,21.53,27.40,true,false,2
2024-01-10,South,Web,Outdoors,Camp Chair,Consumer,1,75.09,0.05,71.34,41.37,29.96,false,false,5
2024-01-11,East,Store,Kitchen,Chef Pan,Small Business,3,48.57,0.10,131.13,72.12,59.01,true,false,2
2024-01-12,West,Wholesale,Electronics,USB Hub,Enterprise,6,26.53,0.20,127.32,80.21,47.11,true,false,4
2024-01-13,North,Web,Home,Desk Lamp,Consumer,6,31.42,0.00,188.53,98.03,90.49,true,false,5
2024-01-14,South,Store,Home,Storage Bin,Small Business,2,18.54,0.05,35.23,16.56,18.67,true,false,4
2024-01-15,East,Wholesale,Outdoors,Trail Bottle,Enterprise,1,25.19,0.10,22.68,9.98,12.70,true,false,2
2024-01-16,West,Web,Outdoors,Camp Chair,Consumer,16,71.82,0.20,919.34,533.22,386.12,true,false,5
2024-01-17,North,Store,Kitchen,Chef Pan,Small Business,4,47.21,0.00,188.84,103.86,84.98,true,false,2
2024-01-18,South,Wholesale,Electronics,USB Hub,Enterprise,2,28.47,0.05,54.08,34.07,20.01,true,false,6
2024-01-19,East,Web,Home,Desk Lamp,Consumer,2,31.00,0.10,55.80,29.01,26.78,true,false,1
2024-01-20,West,Store,Home,Storage Bin,Small Business,17,18.60,0.20,252.89,118.86,134.03,true,false,3
2024-01-21,North,Wholesale,Outdoors,Trail Bottle,Enterprise,11,24.52,0.00,269.67,118.66,151.02,true,false,1
2024-01-22,South,Web,Outdoors,Camp Chair,Consumer,2,78.31,0.05,148.79,86.30,62.49,true,false,5
2024-01-23,East,Store,Kitchen,Chef Pan,Small Business,15,45.91,0.10,619.81,340.90,278.91,true,false,5
2024-01-24,West,Wholesale,Electronics,USB Hub,Enterprise,17,26.77,0.20,364.03,229.34,134.69,true,true,9
2024-01-25,North,Web,Home,Desk Lamp,Consumer,14,31.00,0.00,433.98,225.67,208.31,true,false,6
2024-01-26,South,Store,Home,Storage Bin,Small Business,2,18.54,0.05,35.22,16.55,18.67,true,false,6
2024-01-27,East,Wholesale,Outdoors,Trail Bottle,Enterprise,5,24.88,0.10,111.94,49.25,62.69,true,false,4
2024-01-28,West,Web,Outdoors,Camp Chair,Consumer,6,75.00,0.20,359.98,208.79,151.19,true,false,6
2024-01-29,North,Store,Kitchen,Chef Pan,Small Business,2,48.47,0.00,96.93,53.31,43.62,true,false,5
2024-01-30,South,Wholesale,Electronics,USB Hub,Enterprise,20,26.72,0.05,507.61,319.79,187.81,true,false,2
2024-01-31,East,Web,Home,Desk Lamp,Consumer,11,33.23,0.10,329.00,171.08,157.92,true,false,6
2024-02-01,West,Store,Home,Storage Bin,Small Business,15,17.56,0.20,210.66,99.01,111.65,true,false,2
2024-02-02,North,Wholesale,Outdoors,Trail Bottle,Enterprise,13,24.20,0.00,314.55,138.40,176.15,true,false,1
2024-02-03,South,Web,Outdoors,Camp Chair,Consumer,13,70.83,0.05,874.79,507.38,367.41,true,false,4
2024-02-04,East,Store,Kitchen,Chef Pan,Small Business,16,43.78,0.10,630.46,346.75,283.71,true,false,1
2024-02-05,West,Wholesale,Electronics,USB Hub,Enterprise,1,27.18,0.20,21.75,13.70,8.05,true,false,5
2024-02-06,North,Web,Home,Desk Lamp,Consumer,21,33.34,0.00,700.19,364.10,336.09,true,false,2
2024-02-07,South,Store,Home,Storage Bin,Small Business,6,18.30,0.05,104.32,49.03,55.29,true,true,3
2024-02-08,East,Wholesale,Outdoors,Trail Bottle,Enterprise,1,24.93,0.10,22.44,9.87,12.57,true,false,6
2024-02-09,West,Web,Outdoors,Camp Chair,Consumer,1,74.01,0.20,59.21,34.34,24.87,true,false,3
2024-02-10,North,Store,Kitchen,Chef Pan,Small Business,12,47.75,0.00,573.04,315.17,257.87,true,false,5
2024-02-11,South,Wholesale,Electronics,USB Hub,Enterprise,18,28.22,0.05,482.60,304.04,178.56,true,false,2
2024-02-12,East,Web,Home,Desk Lamp,Consumer,2,31.38,0.10,56.48,29.37,27.11,true,false,5
2024-02-13,West,Store,Home,Storage Bin,Small Business,6,18.37,0.20,88.18,41.44,46.73,true,false,4
2024-02-14,North,Wholesale,Outdoors,Trail Bottle,Enterprise,9,22.56,0.00,203.05,89.34,113.71,true,false,5
2024-02-15,South,Web,Outdoors,Camp Chair,Consumer,20,74.29,0.05,1411.50,818.67,592.83,true,false,2
2024-02-16,East,Store,Kitchen,Chef Pan,Small Business,5,46.84,0.10,210.77,115.92,94.85,true,false,3
2024-02-17,West,Wholesale,Electronics,USB Hub,Enterprise,22,27.15,0.20,477.79,301.01,176.78,true,false,4
2024-02-18,North,Web,Home,Desk Lamp,Consumer,1,30.57,0.00,30.57,15.90,14.67,false,false,4
2024-02-19,South,Store,Home,Storage Bin,Small Business,21,16.95,0.05,338.14,158.93,179.22,true,false,4
2024-02-20,East,Wholesale,Outdoors,Trail Bottle,Enterprise,10,24.22,0.10,217.95,95.90,122.05,true,false,2
2024-02-21,West,Web,Outdoors,Camp Chair,Consumer,18,75.04,0.20,1080.52,626.70,453.82,true,false,2
2024-02-22,North,Store,Kitchen,Chef Pan,Small Business,1,48.32,0.00,48.32,26.57,21.74,true,false,4
2024-02-23,South,Wholesale,Electronics,USB Hub,Enterprise,6,28.82,0.05,164.28,103.50,60.78,true,false,2
2024-02-24,East,Web,Home,Desk Lamp,Consumer,3,31.85,0.10,86.00,44.72,41.28,true,false,2
2024-02-25,West,Store,Home,Storage Bin,Small Business,2,17.83,0.20,28.52,13.41,15.12,true,false,1
2024-02-26,North,Wholesale,Outdoors,Trail Bottle,Enterprise,4,24.60,0.00,98.41,43.30,55.11,true,false,2
2024-02-27,South,Web,Outdoors,Camp Chair,Consumer,1,73.13,0.05,69.48,40.30,29.18,true,false,3
2024-02-28,East,Store,Kitchen,Chef Pan,Small Business,1,44.72,0.10,40.25,22.14,18.11,true,false,3
2024-02-29,West,Wholesale,Electronics,USB Hub,Enterprise,10,26.35,0.20,210.79,132.80,77.99,true,false,6
2024-03-01,North,Web,Home,Desk Lamp,Consumer,5,32.13,0.00,160.66,83.55,77.12,true,false,2
2024-03-02,South,Store,Home,Storage Bin,Small Business,1,17.94,0.05,17.04,8.01,9.03,true,false,
2024-03-03,East,Wholesale,Outdoors,Trail Bottle,Enterprise,1,25.01,0.10,22.51,9.90,12.61,true,false,5
2024-03-04,West,Web,Outdoors,Camp Chair,Consumer,11,74.96,0.20,659.63,382.59,277.05,false,false,1
2024-03-05,North,Store,Kitchen,Chef Pan,Small Business,4,48.34,0.00,193.35,106.34,87.01,true,false,6
2024-03-06,South,Wholesale,Electronics,USB Hub,Enterprise,13,29.60,0.05,365.59,230.32,135.27,true,false,4
2024-03-07,East,Web,Home,Desk Lamp,Consumer,5,33.36,0.10,150.12,78.06,72.06,true,false,3
2024-03-08,West,Store,Home,Storage Bin,Small Business,24,17.30,0.20,332.16,156.12,176.05,true,false,5
2024-03-09,North,Wholesale,Outdoors,Trail Bottle,Enterprise,3,23.16,0.00,69.49,30.58,38.92,true,false,4
2024-03-10,South,Web,Outdoors,Camp Chair,Consumer,7,72.87,0.05,484.62,281.08,203.54,true,false,2
2024-03-11,East,Store,Kitchen,Chef Pan,Small Business,1,43.47,0.10,39.12,21.52,17.60,true,false,2
2024-03-12,West,Wholesale,Electronics,USB Hub,Enterprise,5,26.64,0.20,106.58,67.14,39.43,true,false,4
2024-03-13,North,Web,Home,Desk Lamp,Consumer,13,32.56,0.00,423.30,220.12,203.19,true,false,4
2024-03-14,South,Store,Home,Storage Bin,Small Business,19,18.16,0.05,327.82,154.08,173.74,true,false,1
2024-03-15,East,Wholesale,Outdoors,Trail Bottle,Enterprise,13,22.80,0.10,266.74,117.37,149.38,true,true,5
2024-03-16,West,Web,Outdoors,Camp Chair,Consumer,16,73.48,0.20,940.50,545.49,395.01,true,false,6
2024-03-17,North,Store,Kitchen,Chef Pan,Small Business,4,46.66,0.00,186.65,102.66,83.99,true,false,1
2024-03-18,South,Wholesale,Electronics,USB Hub,Enterprise,7,28.03,0.05,186.42,117.45,68.98,true,false,6
2024-03-19,East,Web,Home,Desk Lamp,Consumer,13,33.92,0.10,396.85,206.36,190.49,true,false,3
2024-03-20,West,Store,Home,Storage Bin,Small Business,25,17.80,,444.99,209.15,235.85,true,false,6
2024-03-21,North,Wholesale,Outdoors,Trail Bottle,Enterprise,2,23.05,0.00,46.10,20.28,25.82,true,false,6
2024-03-22,South,Web,Outdoors,Camp Chair,Consumer,3,69.87,0.05,199.12,115.49,83.63,true,false,5
2024-03-23,East,Store,Kitchen,Chef Pan,Small Business,4,46.47,0.10,167.30,92.02,75.29,true,false,2
2024-03-24,West,Wholesale,Electronics,USB Hub,Enterprise,24,27.43,0.20,526.58,331.74,194.83,true,false,6
2024-03-25,North,Web,Home,Desk Lamp,Consumer,7,33.88,0.00,237.14,123.31,113.82,true,false,2
2024-03-26,South,Store,Home,Storage Bin,Small Business,13,17.12,0.05,211.37,99.35,112.03,true,false,1
2024-03-27,East,Wholesale,Outdoors,Trail Bottle,Enterprise,4,23.71,0.10,85.36,37.56,47.80,true,false,4
2024-03-28,West,Web,Outdoors,Camp Chair,Consumer,5,69.65,0.20,278.60,161.59,117.01,false,false,4
2024-03-29,North,Store,Kitchen,Chef Pan,Small Business,17,45.18,0.00,768.04,422.42,345.62,false,false,3
2024-03-30,South,Wholesale,Electronics,USB Hub,Enterprise,1,28.17,0.05,26.76,16.86,9.90,true,false,3
2024-03-31,East,Web,Home,Desk Lamp,Consumer,14,31.02,0.10,390.80,203.22,187.58,true,false,1
2024-04-01,West,Store,Home,Storage Bin,Small Business,5,18.67,0.20,74.68,35.10,39.58,false,false,5
2024-04-02,North,Wholesale,Outdoors,Trail Bottle,Enterprise,17,25.34,0.00,430.80,189.55,241.25,true,false,5
2024-04-03,South,Web,Outdoors,Camp Chair,Consumer,2,72.20,0.05,137.19,79.57,57.62,false,false,1
2024-04-04,East,Store,Kitchen,Chef Pan,Small Business,9,44.57,0.10,360.98,198.54,162.44,false,false,4
2024-04-05,West,Wholesale,Electronics,USB Hub,Enterprise,2,28.40,0.20,45.45,28.63,16.82,true,false,3
2024-04-06,North,Web,Home,Desk Lamp,Consumer,4,33.35,0.00,133.41,69.37,64.04,true,false,6
2024-04-07,South,Store,Home,Storage Bin,Small Business,7,16.94,0.05,112.65,52.95,59.70,true,false,6
2024-04-08,East,Wholesale,Outdoors,Trail Bottle,Enterprise,1,22.99,0.10,20.69,9.10,11.59,true,false,2
2024-04-09,West,Web,Outdoors,Camp Chair,Consumer,17,71.19,0.20,968.24,561.58,406.66,false,false,5
2024-04-10,North,Store,Kitchen,Chef Pan,Small Business,5,48.72,0.00,243.62,133.99,109.63,true,false,1
2024-04-11,South,Wholesale,Electronics,USB Hub,Enterprise,14,28.81,0.05,383.21,241.42,141.79,true,false,3
2024-04-12,East,Web,Home,Desk Lamp,Consumer,8,32.56,0.10,234.41,121.89,112.52,true,false,4
2024-04-13,West,Store,Home,Storage Bin,Small Business,6,17.10,0.20,82.07,38.57,43.50,true,false,4
2024-04-14,North,Wholesale,Outdoors,Trail Bottle,Enterprise,6,22.77,0.00,136.60,60.10,76.50,true,false,5
2024-04-15,South,Web,Outdoors,Camp Chair,Consumer,19,73.81,0.05,1332.29,772.73,559.56,true,false,4
2024-04-16,East,Store,Kitchen,Chef Pan,Small Business,1,47.03,0.10,42.33,23.28,19.05,true,false,6
2024-04-17,West,Wholesale,Electronics,USB Hub,Enterprise,10,28.53,0.20,228.27,143.81,84.46,true,false,2
2024-04-18,North,Web,Home,Desk Lamp,Consumer,19,30.64,0.00,582.25,302.77,279.48,true,false,6
2024-04-19,South,Store,Home,Storage Bin,Small Business,4,17.12,0.05,65.05,30.58,34.48,true,false,4
2024-04-20,East,Wholesale,Outdoors,Trail Bottle,Enterprise,2,23.23,0.10,41.82,18.40,23.42,true,false,3
2024-04-21,West,Web,Outdoors,Camp Chair,Consumer,180,71.31,0.20,10268.47,5955.71,4312.76,true,true,6
2024-04-22,North,Store,Kitchen,Chef Pan,Small Business,5,47.48,0.00,237.40,130.57,106.83,true,false,3
2024-04-23,South,Wholesale,Electronics,USB Hub,Enterprise,28,29.51,0.05,785.07,494.59,290.48,true,false,5
2024-04-24,East,Web,Home,Desk Lamp,Consumer,1,33.25,0.10,29.92,15.56,14.36,true,false,1
2024-04-25,West,Store,Home,Storage Bin,Small Business,28,18.62,0.20,417.04,196.01,221.03,true,false,6
2024-04-26,North,Wholesale,Outdoors,Trail Bottle,Enterprise,21,25.10,0.00,527.19,231.96,295.23,true,false,1
2024-04-27,South,Web,Outdoors,Camp Chair,Consumer,8,74.76,0.05,568.19,329.55,238.64,true,false,6
2024-04-28,East,Store,Kitchen,Chef Pan,Small Business,1,47.09,0.10,42.38,23.31,19.07,true,false,1
2024-04-29,West,Wholesale,Electronics,USB Hub,Enterprise,11,28.31,0.20,249.16,156.97,92.19,true,false,1
2024-04-30,North,Web,Home,Desk Lamp,Consumer,1,32.92,0.00,32.92,17.12,15.80,true,false,2
2024-05-01,South,Store,Home,Storage Bin,Small Business,6,19.08,0.05,108.73,51.10,57.63,true,false,3
2024-05-02,East,Wholesale,Outdoors,Trail Bottle,Enterprise,3,24.97,0.10,67.41,29.66,37.75,true,false,
2024-05-03,West,Web,Outdoors,Camp Chair,Consumer,1,73.87,0.20,59.10,34.28,24.82,true,false,1
2024-05-04,North,Store,Kitchen,Chef Pan,Small Business,2,43.79,0.00,87.59,48.17,39.41,true,false,4
2024-05-05,South,Wholesale,Electronics,USB Hub,Enterprise,1,26.72,0.05,25.39,15.99,9.39,true,false,1
2024-05-06,East,Web,Home,Desk Lamp,Consumer,13,31.06,0.10,363.35,188.94,174.41,true,false,2
2024-05-07,West,Store,Home,Storage Bin,Small Business,1,17.58,0.20,14.06,6.61,7.45,false,false,1
2024-05-08,North,Wholesale,Outdoors,Trail Bottle,Enterprise,1,23.53,0.00,23.53,10.35,13.18,true,false,5
2024-05-09,South,Web,Outdoors,Camp Chair,Consumer,8,73.75,0.05,560.47,325.07,235.40,true,false,6
2024-05-10,East,Store,Kitchen,Chef Pan,Small Business,10,43.42,0.10,390.74,214.90,175.83,true,false,1
2024-05-11,West,Wholesale,Electronics,USB Hub,Enterprise,19,29.17,0.20,443.35,279.31,164.04,true,false,1
2024-05-12,North,Web,Home,Desk Lamp,Consumer,23,30.55,0.00,702.58,365.34,337.24,true,false,2
2024-05-13,South,Store,Home,Storage Bin,Small Business,1,17.52,0.05,16.65,7.82,8.82,true,false,3
2024-05-14,East,Wholesale,Outdoors,Trail Bottle,Enterprise,3,24.48,0.10,66.08,29.08,37.01,true,false,3
2024-05-15,West,Web,Outdoors,Camp Chair,Consumer,7,73.84,0.20,413.51,239.84,173.67,true,false,4
2024-05-16,North,Store,Kitchen,Chef Pan,Small Business,30,46.51,0.00,1395.45,767.50,627.95,true,false,1
2024-05-17,South,Wholesale,Electronics,USB Hub,Enterprise,31,29.14,0.05,858.22,540.68,317.54,true,false,4
2024-05-18,East,Web,Home,Desk Lamp,Consumer,7,32.26,0.10,203.26,105.70,97.57,true,false,6
2024-05-19,West,Store,Home,Storage Bin,Small Business,2,18.42,0.20,29.47,13.85,15.62,true,false,3
2024-05-20,North,Wholesale,Outdoors,Trail Bottle,Enterprise,1,24.39,0.00,24.39,10.73,13.66,true,false,3
2024-05-21,South,Web,Outdoors,Camp Chair,Consumer,8,72.99,0.05,554.73,321.74,232.98,true,false,3
2024-05-22,East,Store,Kitchen,Chef Pan,Small Business,29,46.31,0.10,1208.59,664.73,543.87,true,false,2
2024-05-23,West,Wholesale,Electronics,USB Hub,Enterprise,1,29.30,0.20,23.44,14.77,8.67,true,false,2
2024-05-24,North,Web,Home,Desk Lamp,Consumer,9,30.81,0.00,277.30,144.20,133.10,true,false,3
2024-05-25,South,Store,Home,Storage Bin,Small Business,1,17.12,0.05,16.27,7.65,8.62,true,false,6
2024-05-26,East,Wholesale,Outdoors,Trail Bottle,Enterprise,11,25.39,0.10,251.33,110.58,140.74,true,false,2
2024-05-27,West,Web,Outdoors,Camp Chair,Consumer,2,73.11,0.20,116.98,67.85,49.13,true,false,6
2024-05-28,North,Store,Kitchen,Chef Pan,Small Business,2,43.92,0.00,87.84,48.31,39.53,true,true,5
2024-05-29,South,Wholesale,Electronics,USB Hub,Enterprise,10,27.65,0.05,262.66,165.48,97.18,true,false,5
2024-05-30,East,Web,Home,Desk Lamp,Consumer,1,32.65,0.10,29.39,15.28,14.11,true,false,2
2024-05-31,West,Store,Home,Storage Bin,Small Business,14,18.55,0.20,207.77,97.65,110.12,false,false,6
2024-06-01,North,Wholesale,Outdoors,Trail Bottle,Enterprise,1,24.97,0.00,24.97,10.99,13.98,true,false,1
2024-06-02,South,Web,Outdoors,Camp Chair,Consumer,10,73.76,0.05,700.72,406.42,294.30,false,false,6
2024-06-03,East,Store,Kitchen,Chef Pan,Small Business,6,47.23,0.10,255.05,140.28,114.77,false,false,4
2024-06-04,West,Wholesale,Electronics,USB Hub,Enterprise,14,26.78,0.20,299.92,188.95,110.97,true,false,5
2024-06-05,North,Web,Home,Desk Lamp,Consumer,22,33.40,0.00,734.81,382.10,352.71,true,false,2
2024-06-06,South,Store,Home,Storage Bin,Small Business,1,16.99,0.05,16.14,7.58,8.55,true,false,1
2024-06-07,East,Wholesale,Outdoors,Trail Bottle,Enterprise,22,25.02,,550.42,242.19,308.24,true,false,4
2024-06-08,West,Web,Outdoors,Camp Chair,Consumer,10,70.76,0.20,566.05,328.31,237.74,true,false,3
2024-06-09,North,Store,Kitchen,Chef Pan,Small Business,21,45.78,0.00,961.32,528.73,432.60,true,false,5
2024-06-10,South,Wholesale,Electronics,USB Hub,Enterprise,28,29.07,0.05,773.22,487.13,286.09,true,false,1
2024-06-11,East,Web,Home,Desk Lamp,Consumer,14,32.60,0.10,410.79,213.61,197.18,true,false,4
2024-06-12,West,Store,Home,Storage Bin,Small Business,6,17.68,0.20,84.85,39.88,44.97,true,false,2
2024-06-13,North,Wholesale,Outdoors,Trail Bottle,Enterprise,3,23.79,0.00,71.37,31.40,39.97,true,false,6
2024-06-14,South,Web,Outdoors,Camp Chair,Consumer,12,70.09,0.05,799.07,463.46,335.61,true,false,5
2024-06-15,East,Store,Kitchen,Chef Pan,Small Business,9,48.73,0.10,394.71,217.09,177.62,true,false,6
2024-06-16,West,Wholesale,Electronics,USB Hub,Enterprise,14,27.57,0.20,308.78,194.53,114.25,true,false,4
2024-06-17,North,Web,Home,Desk Lamp,Consumer,1,32.96,0.00,32.96,17.14,15.82,true,false,4
2024-06-18,South,Store,Home,Storage Bin,Small Business,16,17.55,0.05,266.77,125.38,141.39,true,false,1
2024-06-19,East,Wholesale,Outdoors,Trail Bottle,Enterprise,17,24.49,0.10,374.66,164.85,209.81,true,false,2
2024-06-20,West,Web,Outdoors,Camp Chair,Consumer,32,78.37,0.20,2006.19,1163.59,842.60,true,false,6
2024-06-21,North,Store,Kitchen,Chef Pan,Small Business,7,47.43,0.00,332.03,182.62,149.41,true,false,1
2024-06-22,South,Wholesale,Electronics,USB Hub,Enterprise,1,26.46,0.05,25.13,15.83,9.30,true,false,3
2024-06-23,East,Web,Home,Desk Lamp,Consumer,1,30.97,0.10,27.87,14.49,13.38,false,false,4
2024-06-24,West,Store,Home,Storage Bin,Small Business,25,18.97,0.20,379.41,178.32,201.09,true,false,1
2024-06-25,North,Wholesale,Outdoors,Trail Bottle,Enterprise,1,24.68,0.00,24.68,10.86,13.82,true,false,1
2024-06-26,South,Web,Outdoors,Camp Chair,Consumer,6,77.41,0.05,441.26,255.93,185.33,true,false,1
2024-06-27,East,Store,Kitchen,Chef Pan,Small Business,7,48.03,0.10,302.60,166.43,136.17,true,false,6
2024-06-28,West,Wholesale,Electronics,USB Hub,Enterprise,17,28.53,0.20,388.05,244.47,143.58,true,false,4
2024-06-29,North,Web,Home,Desk Lamp,Consumer,31,33.80,0.00,1047.73,544.82,502.91,true,false,2
2024-06-30,South,Store,Home,Storage Bin,Small Business,6,17.20,0.05,98.02,46.07,51.95,true,false,2
2024-07-01,East,Wholesale,Outdoors,Trail Bottle,Enterprise,28,22.82,0.10,575.16,253.07,322.09,true,false,4
2024-07-02,West,Web,Outdoors,Camp Chair,Consumer,25,71.38,0.20,1427.54,827.98,599.57,true,false,
2024-07-03,North,Store,Kitchen,Chef Pan,Small Business,18,47.04,0.00,846.71,465.69,381.02,true,false,2
2024-07-04,South,Wholesale,Electronics,USB Hub,Enterprise,9,26.96,0.05,230.53,145.24,85.30,true,true,2
2024-07-05,East,Web,Home,Desk Lamp,Consumer,21,30.75,0.10,581.19,302.22,278.97,true,false,6
2024-07-06,West,Store,Home,Storage Bin,Small Business,19,17.88,0.20,271.75,127.72,144.03,true,false,3
2024-07-07,North,Wholesale,Outdoors,Trail Bottle,Enterprise,5,25.10,0.00,125.50,55.22,70.28,true,false,5
2024-07-08,South,Web,Outdoors,Camp Chair,Consumer,4,70.91,0.05,269.48,156.30,113.18,true,false,3
2024-07-09,East,Store,Kitchen,Chef Pan,Small Business,8,47.72,0.10,343.59,188.97,154.61,true,false,2
2024-07-10,West,Wholesale,Electronics,USB Hub,Enterprise,33,27.62,0.20,729.20,459.39,269.80,false,false,6
2024-07-11,North,Web,Home,Desk Lamp,Consumer,4,33.83,0.00,135.33,70.37,64.96,true,false,4
2024-07-12,South,Store,Home,Storage Bin,Small Business,13,17.04,0.05,210.41,98.89,111.52,true,false,2
2024-07-13,East,Wholesale,Outdoors,Trail Bottle,Enterprise,16,25.09,0.10,361.36,159.00,202.36,true,false,2
2024-07-14,West,Web,Outdoors,Camp Chair,Consumer,1,76.93,0.20,61.54,35.69,25.85,true,false,2
2024-07-15,North,Store,Kitchen,Chef Pan,Small Business,8,46.08,0.00,368.68,202.77,165.91,true,false,6
2024-07-16,South,Wholesale,Electronics,USB Hub,Enterprise,16,28.96,0.05,440.12,277.28,162.84,true,false,5
2024-07-17,East,Web,Home,Desk Lamp,Consumer,3,31.95,0.10,86.26,44.85,41.40,true,false,1
2024-07-18,West,Store,Home,Storage Bin,Small Business,28,17.33,0.20,388.19,182.45,205.74,true,false,4
2024-07-19,North,Wholesale,Outdoors,Trail Bottle,Enterprise,24,24.87,0.00,596.79,262.59,334.20,true,false,6
2024-07-20,South,Web,Outdoors,Camp Chair,Consumer,5,71.76,0.05,340.86,197.70,143.16,false,false,2
2024-07-21,East,Store,Kitchen,Chef Pan,Small Business,6,43.28,0.10,233.69,128.53,105.16,false,false,3
2024-07-22,West,Wholesale,Electronics,USB Hub,Enterprise,28,26.78,0.20,599.83,377.89,221.94,true,false,1
2024-07-23,North,Web,Home,Desk Lamp,Consumer,14,32.83,0.00,459.56,238.97,220.59,true,true,4
2024-07-24,South,Store,Home,Storage Bin,Small Business,8,17.78,0.05,135.16,63.52,71.63,true,false,5
2024-07-25,East,Wholesale,Outdoors,Trail Bottle,Enterprise,6,23.22,0.10,125.39,55.17,70.22,true,false,5
2024-07-26,West,Web,Outdoors,Camp Chair,Consumer,23,69.91,0.20,1286.32,746.07,540.25,true,false,4
2024-07-27,North,Store,Kitchen,Chef Pan,Small Business,1,46.03,0.00,46.03,25.32,20.71,false,false,4
2024-07-28,South,Wholesale,Electronics,USB Hub,Enterprise,15,28.65,0.05,408.32,257.24,151.08,true,false,1
2024-07-29,East,Web,Home,Desk Lamp,Consumer,13,32.28,0.10,377.72,196.42,181.31,true,false,2
2024-07-30,West,Store,Home,Storage Bin,Small Business,15,18.38,0.20,220.60,103.68,116.92,true,false,3
2024-07-31,North,Wholesale,Outdoors,Trail Bottle,Enterprise,20,23.02,0.00,460.31,202.53,257.77,true,false,4
2024-08-01,South,Web,Outdoors,Camp Chair,Consumer,20,76.20,0.05,1447.88,839.77,608.11,true,false,2
2024-08-02,East,Store,Kitchen,Chef Pan,Small Business,12,47.27,0.10,510.48,280.76,229.72,true,false,3
2024-08-03,West,Wholesale,Electronics,USB Hub,Enterprise,19,28.75,0.20,436.96,275.28,161.68,true,false,1
2024-08-04,North,Web,Home,Desk Lamp,Consumer,6,32.57,0.00,195.43,101.62,93.81,true,false,4
2024-08-05,South,Store,Home,Storage Bin,Small Business,1,18.96,0.05,18.02,8.47,9.55,true,false,5
2024-08-06,East,Wholesale,Outdoors,Trail Bottle,Enterprise,12,23.30,0.10,251.64,110.72,140.92,false,false,1
2024-08-07,West,Web,Outdoors,Camp Chair,Consumer,7,72.22,0.20,404.44,234.57,169.86,true,false,4
2024-08-08,North,Store,Kitchen,Chef Pan,Small Business,12,45.18,0.00,542.12,298.17,243.95,true,false,4
2024-08-09,South,Wholesale,Electronics,USB Hub,Enterprise,17,28.31,0.05,457.26,288.07,169.18,true,false,5
2024-08-10,East,Web,Home,Desk Lamp,Consumer,17,33.29,0.10,509.30,264.84,244.46,true,true,6
2024-08-11,West,Store,Home,Storage Bin,Small Business,34,19.03,0.20,517.64,243.29,274.35,true,false,3
2024-08-12,North,Wholesale,Outdoors,Trail Bottle,Enterprise,13,22.87,0.00,297.26,130.79,166.46,true,false,4
2024-08-13,South,Web,Outdoors,Camp Chair,Consumer,1,74.95,0.05,71.20,41.30,29.90,true,false,4
2024-08-14,East,Store,Kitchen,Chef Pan,Small Business,31,44.73,0.10,1247.98,686.39,561.59,true,false,1
2024-08-15,West,Wholesale,Electronics,USB Hub,Enterprise,14,28.16,0.20,315.34,198.66,116.68,true,false,6
2024-08-16,North,Web,Home,Desk Lamp,Consumer,18,30.10,0.00,541.83,281.75,260.08,true,false,2
2024-08-17,South,Store,Home,Storage Bin,Small Business,29,17.23,0.05,474.75,223.13,251.62,true,false,4
2024-08-18,East,Wholesale,Outdoors,Trail Bottle,Enterprise,7,24.41,0.10,153.76,67.66,86.11,true,false,4
2024-08-19,West,Web,Outdoors,Camp Chair,Consumer,4,73.01,0.20,233.64,135.51,98.13,true,false,6
2024-08-20,North,Store,Kitchen,Chef Pan,Small Business,22,43.71,0.00,961.72,528.94,432.77,true,false,5
2024-08-21,South,Wholesale,Electronics,USB Hub,Enterprise,5,27.80,0.05,132.05,83.19,48.86,true,false,1
2024-08-22,East,Web,Home,Desk Lamp,Consumer,12,31.27,0.10,337.68,175.59,162.09,true,false,2
2024-08-23,West,Store,Home,Storage Bin,Small Business,17,18.60,0.20,252.95,118.88,134.06,true,false,4
2024-08-24,North,Wholesale,Outdoors,Trail Bottle,Enterprise,17,22.60,0.00,384.13,169.02,215.11,true,false,4
2024-08-25,South,Web,Outdoors,Camp Chair,Consumer,8,73.60,,588.77,341.49,247.28,true,false,4
2024-08-26,East,Store,Kitchen,Chef Pan,Small Business,2,47.20,0.10,84.96,46.73,38.23,true,false,3
2024-08-27,West,Wholesale,Electronics,USB Hub,Enterprise,1,28.56,0.20,22.85,14.40,8.46,true,false,6
2024-08-28,North,Web,Home,Desk Lamp,Consumer,1,30.56,0.00,30.56,15.89,14.67,true,false,3
2024-08-29,South,Store,Home,Storage Bin,Small Business,14,18.06,0.05,240.24,112.91,127.33,true,false,6
2024-08-30,East,Wholesale,Outdoors,Trail Bottle,Enterprise,22,23.05,0.10,456.30,200.77,255.53,true,false,1
2024-08-31,West,Web,Outdoors,Camp Chair,Consumer,13,71.55,0.20,744.07,431.56,312.51,true,false,4
2024-09-01,North,Store,Kitchen,Chef Pan,Small Business,11,47.90,0.00,526.85,289.77,237.08,true,false,
2024-09-02,South,Wholesale,Electronics,USB Hub,Enterprise,2,29.17,0.05,55.43,34.92,20.51,true,false,1
2024-09-03,East,Web,Home,Desk Lamp,Consumer,17,30.29,0.10,463.51,241.02,222.48,false,false,4
2024-09-04,West,Store,Home,Storage Bin,Small Business,17,18.87,0.20,256.59,120.60,135.99,true,false,4
2024-09-05,North,Wholesale,Outdoors,Trail Bottle,Enterprise,5,24.37,0.00,121.83,53.60,68.22,true,false,1
2024-09-06,South,Web,Outdoors,Camp Chair,Consumer,5,74.70,0.05,354.83,205.80,149.03,true,false,3
2024-09-07,East,Store,Kitchen,Chef Pan,Small Business,4,48.32,0.10,173.97,95.68,78.29,false,false,2
2024-09-08,West,Wholesale,Electronics,USB Hub,Enterprise,14,27.57,0.20,308.77,194.52,114.24,true,false,3
2024-09-09,North,Web,Home,Desk Lamp,Consumer,6,31.54,0.00,189.27,98.42,90.85,true,false,6
2024-09-10,South,Store,Home,Storage Bin,Small Business,1,18.51,0.05,17.59,8.27,9.32,true,false,3
2024-09-11,East,Wholesale,Outdoors,Trail Bottle,Enterprise,2,24.39,0.10,43.91,19.32,24.59,true,false,2
2024-09-12,West,Web,Outdoors,Camp Chair,Consumer,15,72.65,0.20,871.82,505.66,366.17,false,false,4
2024-09-13,North,Store,Kitchen,Chef Pan,Small Business,15,45.76,0.00,686.44,377.54,308.90,true,false,4
2024-09-14,South,Wholesale,Electronics,USB Hub,Enterprise,1,28.97,0.05,27.52,17.34,10.18,true,true,5
2024-09-15,East,Web,Home,Desk Lamp,Consumer,2,32.57,0.10,58.62,30.48,28.14,true,false,1
2024-09-16,West,Store,Home,Storage Bin,Small Business,9,18.33,0.20,131.99,62.04,69.96,true,true,5
2024-09-17,North,Wholesale,Outdoors,Trail Bottle,Enterprise,5,24.24,0.00,121.20,53.33,67.87,true,false,3
2024-09-18,South,Web,Outdoors,Camp Chair,Consumer,2,73.03,0.05,138.76,80.48,58.28,true,false,2
2024-09-19,East,Store,Kitchen,Chef Pan,Small Business,8,46.44,0.10,334.38,183.91,150.47,true,false,1
2024-09-20,West,Wholesale,Electronics,USB Hub,Enterprise,9,26.68,0.20,192.08,121.01,71.07,true,false,6
2024-09-21,North,Web,Home,Desk Lamp,Consumer,6,30.26,0.00,181.56,94.41,87.15,true,false,6
2024-09-22,South,Store,Home,Storage Bin,Small Business,13,18.00,0.05,222.27,104.47,117.80,true,false,4
2024-09-23,East,Wholesale,Outdoors,Trail Bottle,Enterprise,6,24.50,0.10,132.32,58.22,74.10,true,false,3
2024-09-24,West,Web,Outdoors,Camp Chair,Consumer,1,71.92,0.20,57.53,33.37,24.16,true,false,6
2024-09-25,North,Store,Kitchen,Chef Pan,Small Business,12,45.14,0.00,541.66,297.91,243.75,true,false,6
2024-09-26,South,Wholesale,Electronics,USB Hub,Enterprise,1,28.11,0.05,26.70,16.82,9.88,true,false,6
2024-09-27,East,Web,Home,Desk Lamp,Consumer,11,30.33,0.10,300.28,156.15,144.13,true,false,5
2024-09-28,West,Store,Home,Storage Bin,Small Business,8,17.88,0.20,114.42,53.78,60.64,true,false,4
2024-09-29,North,Wholesale,Outdoors,Trail Bottle,Enterprise,26,23.25,0.00,604.44,265.96,338.49,true,false,6
2024-09-30,South,Web,Outdoors,Camp Chair,Consumer,1,77.97,0.05,74.07,42.96,31.11,true,false,5
2024-10-01,East,Store,Kitchen,Chef Pan,Small Business,9,46.03,0.10,372.86,205.07,167.78,true,false,4
2024-10-02,West,Wholesale,Electronics,USB Hub,Enterprise,4,27.57,0.20,88.23,55.58,32.64,false,false,6
2024-10-03,North,Web,Home,Desk Lamp,Consumer,11,30.55,0.00,336.06,174.75,161.31,false,false,3
2024-10-04,South,Store,Home,Storage Bin,Small Business,2,18.15,0.05,34.48,16.21,18.27,true,false,5
2024-10-05,East,Wholesale,Outdoors,Trail Bottle,Enterprise,1,23.07,0.10,20.76,9.13,11.63,true,false,2
2024-10-06,West,Web,Outdoors,Camp Chair,Consumer,18,74.28,0.20,1069.69,620.42,449.27,true,false,5
2024-10-07,North,Store,Kitchen,Chef Pan,Small Business,1,46.03,0.00,46.03,25.32,20.71,false,false,5
2024-10-08,South,Wholesale,Electronics,USB Hub,Enterprise,10,29.47,0.05,279.94,176.36,103.58,false,false,1
2024-10-09,East,Web,Home,Desk Lamp,Consumer,1,31.23,0.10,28.11,14.61,13.49,true,false,3
2024-10-10,West,Store,Home,Storage Bin,Small Business,18,18.20,0.20,262.01,123.15,138.87,true,false,3
2024-10-11,North,Wholesale,Outdoors,Trail Bottle,Enterprise,4,23.65,0.00,94.61,41.63,52.98,true,false,3
2024-10-12,South,Web,Outdoors,Camp Chair,Consumer,10,73.65,0.05,699.66,405.80,293.86,true,false,3
2024-10-13,East,Store,Kitchen,Chef Pan,Small Business,13,47.16,0.10,551.73,303.45,248.28,true,false,4
2024-10-14,West,Wholesale,Electronics,USB Hub,Enterprise,12,27.22,0.20,261.29,164.61,96.68,true,false,2
2024-10-15,North,Web,Home,Desk Lamp,Consumer,8,30.21,0.00,241.70,125.68,116.02,true,false,3
2024-10-16,South,Store,Home,Storage Bin,Small Business,8,17.96,0.05,136.47,64.14,72.33,true,false,4
2024-10-17,East,Wholesale,Outdoors,Trail Bottle,Enterprise,1,24.15,0.10,21.73,9.56,12.17,true,false,4
2024-10-18,West,Web,Outdoors,Camp Chair,Consumer,1,77.56,0.20,62.05,35.99,26.06,true,false,3
2024-10-19,North,Store,Kitchen,Chef Pan,Small Business,10,47.05,0.00,470.51,258.78,211.73,true,false,2
2024-10-20,South,Wholesale,Electronics,USB Hub,Enterprise,12,27.55,0.05,314.04,197.84,116.19,true,false,4
2024-10-21,East,Web,Home,Desk Lamp,Consumer,14,31.81,0.10,400.82,208.43,192.39,true,false,5
2024-10-22,West,Store,Home,Storage Bin,Small Business,4,18.89,0.20,60.44,28.41,32.03,true,false,3
2024-10-23,North,Wholesale,Outdoors,Trail Bottle,Enterprise,15,24.09,0.00,361.32,158.98,202.34,true,true,4
2024-10-24,South,Web,Outdoors,Camp Chair,Consumer,1,72.45,0.05,68.82,39.92,28.91,true,false,6
2024-10-25,East,Store,Kitchen,Chef Pan,Small Business,27,44.42,0.10,1079.37,593.65,485.72,true,false,2
2024-10-26,West,Wholesale,Electronics,USB Hub,Enterprise,7,27.66,0.20,154.91,97.59,57.32,true,false,2
2024-10-27,North,Web,Home,Desk Lamp,Consumer,27,32.18,0.00,868.74,451.75,417.00,true,false,2
2024-10-28,South,Store,Home,Storage Bin,Small Business,1,18.90,0.05,17.96,8.44,9.52,true,false,1
2024-10-29,East,Wholesale,Outdoors,Trail Bottle,Enterprise,7,23.58,0.10,148.55,65.36,83.19,true,true,8
2024-10-30,West,Web,Outdoors,Camp Chair,Consumer,25,76.20,0.20,1524.02,883.93,640.09,true,false,5
2024-10-31,North,Store,Kitchen,Chef Pan,Small Business,3,47.75,0.00,143.24,78.78,64.46,true,false,3
2024-11-01,South,Wholesale,Electronics,USB Hub,Enterprise,1,28.82,0.05,27.38,17.25,10.13,true,false,
2024-11-02,East,Web,Home,Desk Lamp,Consumer,1,32.00,0.10,28.80,14.98,13.83,true,false,5
2024-11-03,West,Store,Home,Storage Bin,Small Business,15,18.61,0.20,223.35,104.97,118.37,true,false,4
2024-11-04,North,Wholesale,Outdoors,Trail Bottle,Enterprise,20,23.90,0.00,478.01,210.32,267.68,true,false,2
2024-11-05,South,Web,Outdoors,Camp Chair,Consumer,3,70.45,0.05,200.79,116.46,84.33,true,false,4
2024-11-06,East,Store,Kitchen,Chef Pan,Small Business,16,45.17,0.10,650.45,357.75,292.70,true,false,2
2024-11-07,West,Wholesale,Electronics,USB Hub,Enterprise,1,28.90,0.20,23.12,14.56,8.55,true,false,3
2024-11-08,North,Web,Home,Desk Lamp,Consumer,1,30.99,0.00,30.99,16.11,14.87,true,false,2
2024-11-09,South,Store,Home,Storage Bin,Small Business,1,17.97,0.05,17.08,8.03,9.05,true,false,3
2024-11-10,East,Wholesale,Outdoors,Trail Bottle,Enterprise,17,23.72,0.10,362.89,159.67,203.22,true,false,1
2024-11-11,West,Web,Outdoors,Camp Chair,Consumer,5,71.08,0.20,284.33,164.91,119.42,true,false,4
2024-11-12,North,Store,Kitchen,Chef Pan,Small Business,12,48.16,,577.89,317.84,260.05,true,false,2
2024-11-13,South,Wholesale,Electronics,USB Hub,Enterprise,3,28.27,0.05,80.56,50.75,29.81,false,false,5
2024-11-14,East,Web,Home,Desk Lamp,Consumer,2,32.44,0.10,58.39,30.36,28.03,true,false,2
2024-11-15,West,Store,Home,Storage Bin,Small Business,1,18.09,0.20,14.47,6.80,7.67,true,false,2
2024-11-16,North,Wholesale,Outdoors,Trail Bottle,Enterprise,17,22.66,0.00,385.16,169.47,215.69,false,false,1
2024-11-17,South,Web,Outdoors,Camp Chair,Consumer,1,76.77,0.05,72.93,42.30,30.63,true,false,2
2024-11-18,East,Store,Kitchen,Chef Pan,Small Business,21,44.27,0.10,836.61,460.13,376.47,true,false,3
2024-11-19,West,Wholesale,Electronics,USB Hub,Enterprise,2,26.56,0.20,42.49,26.77,15.72,true,false,2
2024-11-20,North,Web,Home,Desk Lamp,Consumer,2,30.73,0.00,61.46,31.96,29.50,false,false,5
2024-11-21,South,Store,Home,Storage Bin,Small Business,1,18.00,0.05,17.10,8.04,9.06,true,false,2
2024-11-22,East,Wholesale,Outdoors,Trail Bottle,Enterprise,6,23.60,0.10,127.41,56.06,71.35,true,false,2
2024-11-23,West,Web,Outdoors,Camp Chair,Consumer,8,73.36,0.20,469.51,272.32,197.20,true,false,1
2024-11-24,North,Store,Kitchen,Chef Pan,Small Business,6,44.74,0.00,268.46,147.66,120.81,true,false,5
2024-11-25,South,Wholesale,Electronics,USB Hub,Enterprise,3,29.06,0.05,82.83,52.18,30.65,true,false,4
2024-11-26,East,Web,Home,Desk Lamp,Consumer,12,31.01,0.10,334.89,174.14,160.74,true,false,1
2024-11-27,West,Store,Home,Storage Bin,Small Business,22,17.50,0.20,308.05,144.78,163.27,true,true,9
2024-11-28,North,Wholesale,Outdoors,Trail Bottle,Enterprise,4,24.57,0.00,98.27,43.24,55.03,true,false,2
2024-11-29,South,Web,Outdoors,Camp Chair,Consumer,402,70.57,0.05,26950.81,15631.47,11319.34,true,true,1
2024-11-30,East,Store,Kitchen,Chef Pan,Small Business,3,45.26,0.10,122.20,67.21,54.99,true,false,2
2024-12-01,West,Wholesale,Electronics,USB Hub,Enterprise,8,26.48,0.20,169.47,106.77,62.71,true,true,2
2024-12-02,North,Web,Home,Desk Lamp,Consumer,1,30.66,0.00,30.66,15.94,14.72,true,false,3
2024-12-03,South,Store,Home,Storage Bin,Small Business,2,17.61,0.05,33.47,15.73,17.74,true,false,4
2024-12-04,East,Wholesale,Outdoors,Trail Bottle,Enterprise,2,24.79,0.10,44.62,19.63,24.99,true,false,3
2024-12-05,West,Web,Outdoors,Camp Chair,Consumer,1,71.25,0.20,57.00,33.06,23.94,true,false,5
2024-12-06,North,Store,Kitchen,Chef Pan,Small Business,5,43.80,0.00,218.98,120.44,98.54,true,false,6
2024-12-07,South,Wholesale,Electronics,USB Hub,Enterprise,11,28.32,0.05,295.91,186.43,109.49,true,false,1
2024-12-08,East,Web,Home,Desk Lamp,Consumer,2,32.55,0.10,58.59,30.47,28.12,false,false,6
2024-12-09,West,Store,Home,Storage Bin,Small Business,11,18.26,0.20,160.70,75.53,85.17,true,false,4
2024-12-10,North,Wholesale,Outdoors,Trail Bottle,Enterprise,15,24.10,0.00,361.53,159.07,202.46,true,false,5
2024-12-11,South,Web,Outdoors,Camp Chair,Consumer,12,70.06,0.05,798.68,463.23,335.44,true,false,4
2024-12-12,East,Store,Kitchen,Chef Pan,Small Business,2,47.69,0.10,85.85,47.22,38.63,true,false,3
2024-12-13,West,Wholesale,Electronics,USB Hub,Enterprise,5,27.32,0.20,109.29,68.85,40.44,true,false,3
2024-12-14,North,Web,Home,Desk Lamp,Consumer,6,30.23,0.00,181.36,94.31,87.05,true,false,6
2024-12-15,South,Store,Home,Storage Bin,Small Business,1,18.00,0.05,17.10,8.04,9.06,true,false,2
2024-12-16,East,Wholesale,Outdoors,Trail Bottle,Enterprise,6,22.74,0.10,122.79,54.03,68.76,true,false,6
2024-12-17,West,Web,Outdoors,Camp Chair,Consumer,2,76.51,0.20,122.41,71.00,51.41,true,false,1
2024-12-18,North,Store,Kitchen,Chef Pan,Small Business,2,46.16,0.00,92.33,50.78,41.55,true,false,1
2024-12-19,South,Wholesale,Electronics,USB Hub,Enterprise,1,26.90,0.05,25.56,16.10,9.46,false,false,2
2024-12-20,East,Web,Home,Desk Lamp,Consumer,14,33.23,0.10,418.69,217.72,200.97,true,false,5
2024-12-21,West,Store,Home,Storage Bin,Small Business,10,17.46,0.20,139.69,65.65,74.04,true,false,1
2024-12-22,North,Wholesale,Outdoors,Trail Bottle,Enterprise,17,24.02,0.00,408.30,179.65,228.65,true,false,5
2024-12-23,South,Web,Outdoors,Camp Chair,Consumer,10,71.43,0.05,678.59,393.58,285.01,true,false,6
2024-12-24,East,Store,Kitchen,Chef Pan,Small Business,1,43.55,0.10,39.19,21.56,17.64,true,false,3
2024-12-25,West,Wholesale,Electronics,USB Hub,Enterprise,1,28.82,0.20,23.05,14.52,8.53,true,false,2
2024-12-26,North,Web,Home,Desk Lamp,Consumer,10,33.46,0.00,334.62,174.00,160.62,true,true,7
2024-12-27,South,Store,Home,Storage Bin,Small Business,1,18.58,0.05,17.65,8.30,9.35,false,false,2
2024-12-28,East,Wholesale,Outdoors,Trail Bottle,Enterprise,8,24.16,0.10,173.93,76.53,97.40,false,false,4
2024-12-29,West,Web,Outdoors,Camp Chair,Consumer,2,74.22,0.20,118.76,68.88,49.88,true,false,3
2024-12-30,North,Store,Kitchen,Chef Pan,Small Business,1,48.24,0.00,48.24,26.53,21.71,true,false,4
2024-12-31,South,Wholesale,Electronics,USB Hub,Enterprise,7,29.25,0.05,194.54,122.56,71.98,false,false,6
2024-01-01,East,Web,Home,Desk Lamp,Consumer,4,30.26,0.10,108.93,56.64,52.29,true,false,
2024-01-02,West,Store,Home,Storage Bin,Small Business,14,17.38,0.20,194.66,91.49,103.17,true,false,5
2024-01-03,North,Wholesale,Outdoors,Trail Bottle,Enterprise,6,24.84,0.00,149.02,65.57,83.45,true,false,3
2024-01-04,South,Web,Outdoors,Camp Chair,Consumer,1,75.36,0.05,71.59,41.52,30.07,true,false,1
2024-01-05,East,Store,Kitchen,Chef Pan,Small Business,14,47.81,0.10,602.40,331.32,271.08,true,true,9
2024-01-06,West,Wholesale,Electronics,USB Hub,Enterprise,4,28.72,0.20,91.91,57.90,34.01,true,false,6
2024-01-07,North,Web,Home,Desk Lamp,Consumer,1,30.16,0.00,30.16,15.68,14.48,true,false,1
2024-01-08,South,Store,Home,Storage Bin,Small Business,11,17.17,0.05,179.45,84.34,95.11,true,false,1
2024-01-09,East,Wholesale,Outdoors,Trail Bottle,Enterprise,1,23.57,0.10,21.21,9.33,11.88,true,true,8
2024-01-10,West,Web,Outdoors,Camp Chair,Consumer,4,71.71,0.20,229.49,133.10,96.38,true,false,3
2024-01-11,North,Store,Kitchen,Chef Pan,Small Business,5,45.22,0.00,226.11,124.36,101.75,true,false,4
2024-01-12,South,Wholesale,Electronics,USB Hub,Enterprise,1,29.20,0.05,27.74,17.48,10.26,true,false,6
2024-01-13,East,Web,Home,Desk Lamp,Consumer,2,33.90,0.10,61.02,31.73,29.29,true,false,3
2024-01-14,West,Store,Home,Storage Bin,Small Business,9,19.04,0.20,137.10,64.44,72.66,true,false,6
2024-01-15,North,Wholesale,Outdoors,Trail Bottle,Enterprise,1,24.03,0.00,24.03,10.57,13.46,true,false,4
2024-01-16,South,Web,Outdoors,Camp Chair,Consumer,3,77.90,0.05,222.00,128.76,93.24,true,false,1
2024-01-17,East,Store,Kitchen,Chef Pan,Small Business,15,48.48,0.10,654.43,359.94,294.49,true,false,1
2024-01-18,West,Wholesale,Electronics,USB Hub,Enterprise,1,29.21,0.20,23.37,14.72,8.65,true,false,3
2024-01-19,North,Web,Home,Desk Lamp,Consumer,2,32.77,0.00,65.54,34.08,31.46,true,false,4
2024-01-20,South,Store,Home,Storage Bin,Small Business,11,17.80,0.05,186.03,87.43,98.59,false,false,5
2024-01-21,East,Wholesale,Outdoors,Trail Bottle,Enterprise,1,25.02,0.10,22.52,9.91,12.61,true,false,3
2024-01-22,West,Web,Outdoors,Camp Chair,Consumer,1,71.70,0.20,57.36,33.27,24.09,true,false,2
2024-01-23,North,Store,Kitchen,Chef Pan,Small Business,6,44.43,0.00,266.60,146.63,119.97,true,false,6
2024-01-24,South,Wholesale,Electronics,USB Hub,Enterprise,10,27.83,0.05,264.36,166.55,97.81,true,false,3
2024-01-25,East,Web,Home,Desk Lamp,Consumer,3,30.86,0.10,83.33,43.33,40.00,false,false,1
2024-01-26,West,Store,Home,Storage Bin,Small Business,4,17.79,0.20,56.94,26.76,30.18,true,false,1
2024-01-27,North,Wholesale,Outdoors,Trail Bottle,Enterprise,6,24.87,0.00,149.21,65.65,83.56,true,false,6
2024-01-28,South,Web,Outdoors,Camp Chair,Consumer,2,76.74,0.05,145.80,84.57,61.24,true,false,5
2024-01-29,East,Store,Kitchen,Chef Pan,Small Business,20,45.59,0.10,820.67,451.37,369.30,false,false,2
2024-01-30,West,Wholesale,Electronics,USB Hub,Enterprise,11,29.47,,324.18,204.23,119.95,true,false,1
2024-01-31,North,Web,Home,Desk Lamp,Consumer,1,33.56,0.00,33.56,17.45,16.11,true,false,3
2024-02-01,South,Store,Home,Storage Bin,Small Business,18,17.22,0.05,294.53,138.43,156.10,true,false,5
2024-02-02,East,Wholesale,Outdoors,Trail Bottle,Enterprise,7,24.43,0.10,153.88,67.71,86.17,true,false,2
2024-02-03,West,Web,Outdoors,Camp Chair,Consumer,9,75.95,0.20,546.85,317.17,229.68,true,false,4
2024-02-04,North,Store,Kitchen,Chef Pan,Small Business,3,45.40,0.00,136.21,74.92,61.29,true,false,3
2024-02-05,South,Wholesale,Electronics,USB Hub,Enterprise,5,27.87,0.05,132.37,83.39,48.98,true,false,1
2024-02-06,East,Web,Home,Desk Lamp,Consumer,2,31.09,0.10,55.96,29.10,26.86,true,false,2
2024-02-07,West,Store,Home,Storage Bin,Small Business,14,18.14,0.20,203.17,95.49,107.68,true,false,1
2024-02-08,North,Wholesale,Outdoors,Trail Bottle,Enterprise,1,22.92,0.00,22.92,10.09,12.84,true,false,3
2024-02-09,South,Web,Outdoors,Camp Chair,Consumer,5,72.53,0.05,344.49,199.81,144.69,true,false,3
2024-02-10,East,Store,Kitchen,Chef Pan,Small Business,3,48.71,0.10,131.51,72.33,59.18,true,false,4
2024-02-11,West,Wholesale,Electronics,USB Hub,Enterprise,19,29.39,0.20,446.71,281.43,165.28,true,true,3
2024-02-12,North,Web,Home,Desk Lamp,Consumer,1,32.46,0.00,32.46,16.88,15.58,true,false,3
2024-02-13,South,Store,Home,Storage Bin,Small Business,2,18.19,0.05,34.56,16.24,18.32,true,false,3
2024-02-14,East,Wholesale,Outdoors,Trail Bottle,Enterprise,7,24.03,0.10,151.40,66.62,84.79,true,false,5
2024-02-15,West,Web,Outdoors,Camp Chair,Consumer,14,76.87,0.20,860.97,499.36,361.61,true,false,5
2024-02-16,North,Store,Kitchen,Chef Pan,Small Business,5,47.32,0.00,236.59,130.12,106.47,false,false,4
2024-02-17,South,Wholesale,Electronics,USB Hub,Enterprise,4,27.10,0.05,102.98,64.88,38.10,true,false,3
2024-02-18,East,Web,Home,Desk Lamp,Consumer,6,33.80,0.10,182.52,94.91,87.61,true,false,4
2024-02-19,West,Store,Home,Storage Bin,Small Business,5,18.34,0.20,73.36,34.48,38.88,true,false,5
2024-02-20,North,Wholesale,Outdoors,Trail Bottle,Enterprise,9,23.70,0.00,213.29,93.85,119.44,true,false,1
2024-02-21,South,Web,Outdoors,Camp Chair,Consumer,2,76.78,0.05,145.88,84.61,61.27,true,false,2
2024-02-22,East,Store,Kitchen,Chef Pan,Small Business,9,45.83,0.10,371.22,204.17,167.05,true,false,2
2024-02-23,West,Wholesale,Electronics,USB Hub,Enterprise,2,27.66,0.20,44.26,27.88,16.38,true,false,3
2024-02-24,North,Web,Home,Desk Lamp,Consumer,12,30.71,0.00,368.54,191.64,176.90,true,false,2
2024-02-25,South,Store,Home,Storage Bin,Small Business,13,18.32,0.05,226.28,106.35,119.93,true,false,1
2024-02-26,East,Wholesale,Outdoors,Trail Bottle,Enterprise,3,23.81,0.10,64.28,28.28,36.00,true,false,6
2024-02-27,West,Web,Outdoors,Camp Chair,Consumer,1,73.99,0.20,59.19,34.33,24.86,true,false,3
2024-02-28,North,Store,Kitchen,Chef Pan,Small Business,1,48.09,0.00,48.09,26.45,21.64,true,false,3
2024-02-29,South,Wholesale,Electronics,USB Hub,Enterprise,5,27.31,0.05,129.73,81.73,48.00,true,false,5
2024-03-01,East,Web,Home,Desk Lamp,Consumer,14,31.96,0.10,402.69,209.40,193.29,true,false,5
2024-03-02,West,Store,Home,Storage Bin,Small Business,6,16.93,0.20,81.27,38.20,43.07,false,false,
2024-03-03,North,Wholesale,Outdoors,Trail Bottle,Enterprise,10,25.10,0.00,251.02,110.45,140.57,true,false,2
2024-03-04,South,Web,Outdoors,Camp Chair,Consumer,3,74.25,0.05,211.60,122.73,88.87,true,false,6
2024-03-05,East,Store,Kitchen,Chef Pan,Small Business,22,45.80,0.10,906.85,498.77,408.08,true,false,6
2024-03-06,West,Wholesale,Electronics,USB Hub,Enterprise,7,28.77,0.20,161.10,101.49,59.61,true,false,6
2024-03-07,North,Web,Home,Desk Lamp,Consumer,5,31.11,0.00,155.56,80.89,74.67,true,false,4
2024-03-08,South,Store,Home,Storage Bin,Small Business,25,17.40,0.05,413.15,194.18,218.97,true,false,6
2024-03-09,East,Wholesale,Outdoors,Trail Bottle,Enterprise,1,24.03,0.10,21.63,9.52,12.11,true,false,5
2024-03-10,West,Web,Outdoors,Camp Chair,Consumer,3,72.27,0.20,173.46,100.60,72.85,true,false,5
2024-03-11,North,Store,Kitchen,Chef Pan,Small Business,5,48.11,0.00,240.57,132.32,108.26,true,false,4
2024-03-12,South,Wholesale,Electronics,USB Hub,Enterprise,5,29.22,0.05,138.79,87.44,51.35,true,false,5
2024-03-13,East,Web,Home,Desk Lamp,Consumer,5,31.54,0.10,141.94,73.81,68.13,true,false,5
2024-03-14,West,Store,Home,Storage Bin,Small Business,24,16.99,0.20,326.25,153.34,172.91,false,false,4
2024-03-15,North,Wholesale,Outdoors,Trail Bottle,Enterprise,4,25.19,0.00,100.77,44.34,56.43,true,false,4
2024-03-16,South,Web,Outdoors,Camp Chair,Consumer,18,70.43,0.05,1204.33,698.51,505.82,true,false,4
2024-03-17,East,Store,Kitchen,Chef Pan,Small Business,20,43.97,0.10,791.48,435.31,356.16,false,false,6
2024-03-18,West,Wholesale,Electronics,USB Hub,Enterprise,11,26.64,0.20,234.44,147.69,86.74,true,false,5
2024-03-19,North,Web,Home,Desk Lamp,Consumer,8,32.33,0.00,258.66,134.51,124.16,true,true,8
2024-03-20,South,Store,Home,Storage Bin,Small Business,2,18.31,0.05,34.79,16.35,18.44,true,false,5
2024-03-21,East,Wholesale,Outdoors,Trail Bottle,Enterprise,20,25.13,0.10,452.36,199.04,253.32,true,true,8
2024-03-22,West,Web,Outdoors,Camp Chair,Consumer,14,73.25,0.20,820.39,475.82,344.56,true,false,4
2024-03-23,North,Store,Kitchen,Chef Pan,Small Business,1,45.74,0.00,45.74,25.16,20.58,true,false,2
2024-03-24,South,Wholesale,Electronics,USB Hub,Enterprise,2,29.45,0.05,55.96,35.25,20.70,true,false,3
2024-03-25,East,Web,Home,Desk Lamp,Consumer,8,33.41,0.10,240.55,125.09,115.46,true,false,4
2024-03-26,West,Store,Home,Storage Bin,Small Business,17,17.62,0.20,239.67,112.65,127.03,true,false,5
2024-03-27,North,Wholesale,Outdoors,Trail Bottle,Enterprise,2,24.97,0.00,49.95,21.98,27.97,true,false,4
2024-03-28,South,Web,Outdoors,Camp Chair,Consumer,1,74.19,0.05,70.48,40.88,29.60,true,false,6
2024-03-29,East,Store,Kitchen,Chef Pan,Small Business,17,46.49,0.10,711.31,391.22,320.09,true,false,1
2024-03-30,West,Wholesale,Electronics,USB Hub,Enterprise,6,27.02,0.20,129.68,81.70,47.98,true,false,4
2024-03-31,North,Web,Home,Desk Lamp,Consumer,20,33.14,0.00,662.86,344.69,318.17,true,false,5
2024-04-01,South,Store,Home,Storage Bin,Small Business,1,17.09,0.05,16.23,7.63,8.60,true,false,1
2024-04-02,East,Wholesale,Outdoors,Trail Bottle,Enterprise,27,23.58,0.10,572.93,252.09,320.84,true,false,4
2024-04-03,West,Web,Outdoors,Camp Chair,Consumer,10,76.32,0.20,610.56,354.12,256.43,true,false,5
2024-04-04,North,Store,Kitchen,Chef Pan,Small Business,13,45.10,0.00,586.36,322.50,263.86,true,true,8
2024-04-05,South,Wholesale,Electronics,USB Hub,Enterprise,1,26.57,0.05,25.24,15.90,9.34,true,false,2
2024-04-06,East,Web,Home,Desk Lamp,Consumer,3,32.69,0.10,88.27,45.90,42.37,true,false,6
2024-04-07,West,Store,Home,Storage Bin,Small Business,1,17.40,0.20,13.92,6.54,7.38,true,false,2
2024-04-08,North,Wholesale,Outdoors,Trail Bottle,Enterprise,9,23.04,0.00,207.32,91.22,116.10,true,false,1
2024-04-09,South,Web,Outdoors,Camp Chair,Consumer,1,75.19,0.05,71.43,41.43,30.00,true,false,6
2024-04-10,East,Store,Kitchen,Chef Pan,Small Business,5,48.09,0.10,216.39,119.02,97.38,true,false,2
2024-04-11,West,Wholesale,Electronics,USB Hub,Enterprise,9,26.70,0.20,192.22,121.10,71.12,true,false,6
2024-04-12,North,Web,Home,Desk Lamp,Consumer,13,33.82,0.00,439.62,228.60,211.02,true,false,3
2024-04-13,South,Store,Home,Storage Bin,Small Business,1,17.07,0.05,16.22,7.62,8.59,false,false,5
2024-04-14,East,Wholesale,Outdoors,Trail Bottle,Enterprise,1,24.23,0.10,21.81,9.60,12.21,true,false,3
2024-04-15,West,Web,Outdoors,Camp Chair,Consumer,20,75.11,0.20,1201.80,697.05,504.76,true,false,5
2024-04-16,North,Store,Kitchen,Chef Pan,Small Business,25,46.17,0.00,1154.26,634.84,519.42,true,false,3
2024-04-17,South,Wholesale,Electronics,USB Hub,Enterprise,1,29.04,0.05,27.59,17.38,10.21,true,false,3
2024-04-18,East,Web,Home,Desk Lamp,Consumer,28,33.80,,946.36,492.11,454.25,true,false,2
2024-04-19,West,Store,Home,Storage Bin,Small Business,2,18.68,0.20,29.89,14.05,15.84,true,false,4
2024-04-20,North,Wholesale,Outdoors,Trail Bottle,Enterprise,7,24.97,0.00,174.82,76.92,97.90,true,false,4
2024-04-21,South,Web,Outdoors,Camp Chair,Consumer,27,75.01,0.05,1923.96,1115.90,808.06,true,false,2
2024-04-22,East,Store,Kitchen,Chef Pan,Small Business,1,47.83,0.10,43.05,23.68,19.37,true,false,4
2024-04-23,West,Wholesale,Electronics,USB Hub,Enterprise,1,29.57,0.20,23.66,14.90,8.75,true,false,2
2024-04-24,North,Web,Home,Desk Lamp,Consumer,14,33.76,0.00,472.71,245.81,226.90,true,true,6
2024-04-25,South,Store,Home,Storage Bin,Small Business,8,18.54,0.05,140.87,66.21,74.66,true,true,5
2024-04-26,East,Wholesale,Outdoors,Trail Bottle,Enterprise,11,23.07,0.10,228.39,100.49,127.90,true,false,2
2024-04-27,West,Web,Outdoors,Camp Chair,Consumer,12,76.44,0.20,733.80,425.61,308.20,true,false,5
2024-04-28,North,Store,Kitchen,Chef Pan,Small Business,7,47.17,0.00,330.19,181.60,148.58,true,false,5
2024-04-29,South,Wholesale,Electronics,USB Hub,Enterprise,10,28.50,0.05,270.77,170.59,100.19,true,false,1
2024-04-30,East,Web,Home,Desk Lamp,Consumer,14,32.33,0.10,407.37,211.83,195.54,true,false,2
2024-05-01,West,Store,Home,Storage Bin,Small Business,17,18.35,0.20,249.56,117.30,132.27,true,false,6
2024-05-02,North,Wholesale,Outdoors,Trail Bottle,Enterprise,28,25.40,0.00,711.16,312.91,398.25,true,false,
2024-05-03,South,Web,Outdoors,Camp Chair,Consumer,14,70.56,0.05,938.50,544.33,394.17,true,false,5
2024-05-04,East,Store,Kitchen,Chef Pan,Small Business,23,47.15,0.10,975.98,536.79,439.19,true,false,2
2024-05-05,West,Wholesale,Electronics,USB Hub,Enterprise,1,27.26,0.20,21.81,13.74,8.07,true,false,6
2024-05-06,North,Web,Home,Desk Lamp,Consumer,1,30.12,0.00,30.12,15.66,14.46,true,false,3
2024-05-07,South,Store,Home,Storage Bin,Small Business,2,16.97,0.05,32.25,15.16,17.09,true,false,4
2024-05-08,East,Wholesale,Outdoors,Trail Bottle,Enterprise,1,24.65,0.10,22.19,9.76,12.42,true,false,2
2024-05-09,West,Web,Outdoors,Camp Chair,Consumer,6,75.28,0.20,361.33,209.57,151.76,true,false,2
2024-05-10,North,Store,Kitchen,Chef Pan,Small Business,21,45.52,0.00,955.98,525.79,430.19,true,false,3
2024-05-11,South,Wholesale,Electronics,USB Hub,Enterprise,7,29.61,0.05,196.88,124.04,72.85,false,false,2
2024-05-12,East,Web,Home,Desk Lamp,Consumer,7,32.81,0.10,206.69,107.48,99.21,true,false,2
2024-05-13,West,Store,Home,Storage Bin,Small Business,23,17.21,0.20,316.72,148.86,167.86,true,false,2
