requirement_id,decision,gap_kind,current_support,remaining_gap,intent_strength,source_ids,suggested_browser_scenarios
DATA-01,Accept with scope and evidence limits,capability and verification,"One in-memory scalar table through host rows, CSV or flattened JSON; data import and full-analysis reopen are wired in the host.",No import-time schema preflight; flattening does not preserve rich collections as semantic cells.,Core,T01 T09 T13 INV HOST,BT01 BT22
DATA-02,Refine after direct source review,verification,Profiles and inspectors exist. Rows always shows header distributions. Table charts show them by default and can disable them.,The old missing-inline-distribution claim is closed. Population scope and constant/all-invalid fields need current browser proof. Import preflight remains DATA-03.,Core,T02 T09 T13 TABLE THDR NUM,BT01 BT02 BT03
DATA-03,Accept with scope and evidence limits,capability and verification,"The inventory describes type overrides, null tokens, date presets, preview and Apply with raw rows preserved.",Import-time preview and durable source-schema binding are separate gaps; re-test conversions and dependent filters rather than infer correctness from settings existence.,Specific,T09 INV BASE,BT02 BT22
DATA-04,Accept with scope and evidence limits,capability and verification,Raw/effective rows and positional __ID support inspection within a loaded snapshot.,"No durable source key, row-grain description, source fingerprint/version or recorded flattening lineage is established. Reordering can change identity.",Core,T11 T13 T15 INV,BT23
DATA-05,Accept with scope and evidence limits,parked or task-dependent capability,One analytical source table remains the declared workspace boundary. Region Map joins that table to geometry.,"Geometry joins are not a general multi-source catalogue, relational joins, key diagnostics or analysis-grain selection.",Core / parked,T11 T13 T15 INV CHART,BT30
DATA-06,Accept with scope and evidence limits,capability and verification,"Full loaded, globally filtered and peer-filtered populations are described and counts are exposed.","No remote available population or stable working-set layer. All source means the loaded in-memory source, not all possible records.",Core / remote scope parked,T12 T13 INV FILTER,BT03 BT11
DATA-07,Accept with scope and evidence limits,parked or task-dependent capability,The host fetches whole examples and accepts complete local data arrays.,"No dependency-driven projection, server aggregation pushdown or incremental loading protocol is established.",Candidate / parked,T13 INV HOST,BT31
DATA-08,Accept with scope and evidence limits,capability and verification,Named grouped summaries provide a reusable definition. Many newer chart transforms retain contributor information.,"Traceable internal arrays and shared reducers are not arbitrary named, composable intermediate sources. Pivot/model output reuse remains a distinct extension.",Core / architecture open,T11 T13 T15 T16 T17 INV CHART ROLL,BT19 BT26
DATA-09,Accept with scope and evidence limits,parked or task-dependent capability,Existing profiles identify missing cells in present records; time views can reveal empty periods visually.,"Expected key sets, sampling plans and missing-observation reconciliation are not established. A blank cell and an absent record have different denominators.",Specific,T13 INV CHART,BT32
DASH-01,Refine after direct source review,capability and verification,"Without saved settings, the current default opens Summary and a source table. Saved layouts take precedence. Fields offers chart creation and quick previews.",Default role selection and chart eligibility explanations remain uneven. A quick preview must not create a chart or alter saved layout.,Core,T09 T12 T13 INV,BT01 BT17
DASH-02,Accept with scope and evidence limits,parked or task-dependent capability,"Charts, Rows and Calculations are modes within one workspace, with panel state retained.","These are not named dashboard tabs, independent analysis sessions, dirty-state indicators or navigation history.",Specific,T12 INV HOST,BT22
DASH-03,Accept with scope and evidence limits,verification,"Settings/full-analysis JSON, applied formulas, layout, field settings and Rows settings are described; the host captures emitted state.","Draft formulas remain local. Source rows belong to the full bundle, not settings-only JSON. New modes and geometry assets need current end-to-end roundtrip proof.",Core,T08 T12 INV HOST CHART,BT22 BT29
DASH-04,Accept with scope and evidence limits,capability and verification,The host parses and validates full-analysis JSON before replacing data and settings; settings-only restore is the embedding path.,"Manual JSON restore is not durable named storage, autosave or recovery after closing the browser. Keep the host/package ownership distinction.",Core,T08 HOST INV,BT22
DASH-05,Accept with scope and evidence limits,parked or task-dependent capability,URLs select examples; storage-neutral package state can be owned by a host.,Live layout/filter state is not shown as a shareable URL contract. Dataset/project ownership and named view catalogues remain outside the reviewed host.,Candidate,T08 HOST INV,BT22
DASH-06,Accept with scope and evidence limits,capability and verification,Applied filters are included in saved chart settings.,"No explicit filter-free template save, workspace undo, checkpoint history or restored-state diff is established.",Specific / candidate,T08 T12 INV BASE CHART,BT22 BT33
DASH-07,Accept with scope and evidence limits,capability and verification,Field distributions and typed table controls are near the data; calculation and field inspectors have draft previews.,General chart settings and advanced model/density controls do not have a uniform live editing contract. Planned DSL authoring does not count as delivered editing.,Core preference,T08 T17 TABLE THDR INV PLAN,BT02 BT18
DASH-08,Accept with scope and evidence limits,capability and verification,"Panels move, resize, duplicate and expand; facets have focus/paging; filter owners now have navigation/highlighting.",Per-facet pinning and clear duplicate-filter ownership remain separate concerns. Current focus/scroll geometry has not been browser-verified here.,Core,T12 T14 INV FILTER PLOT,BT11 BT17
FILT-01,Accept with scope and evidence limits,capability and verification,"Active counts, local Rows/search labels and owner navigation are active. Chart traces describe additional populations and exclusions.",No universal row-exclusion explanation or ordered filter funnel is established. Peer-filtered mark totals can legitimately differ from global row totals.,Core,T06 T12 FILTER INV CHART,BT03 BT11
FILT-02,Accept with scope and evidence limits,capability and verification,The workspace model intersects independent chart predicates; selected categorical pairs are two intersected field filters.,"Arbitrary unions of category pairs need pair predicates, not independent lists. Effective intersection counts and contradiction explanations remain verification/product gaps.",Core,T12 INV CHART,BT03 BT07 BT11
FILT-03,Accept with scope and evidence limits,verification,"FilterChip labels invoke onShowChart, pointer/focus invokes highlight, and PlotManager wires the callback in Charts and Rows. X alone removes the filter.","Do not build a second jump-to-owner feature. Prove focus, overflow popovers, expanded panels and keyboard navigation in the real browser.",Specific,T12 FILTER PLOT,BT11
FILT-04,Accept with scope and evidence limits,verification,"Clear all is wired to the provider and explicitly labels chart filters, table searches and Rows filters.",Reset is scoped to loaded data; it is not a reset of a future remote working set. Verify all scopes and new chart predicates together.,Core,T06 T12 FILTER BASE,BT03 BT11
FILT-05,Accept with scope and evidence limits,parked or task-dependent capability,Independent workspace instances are a host composition option.,No in-workspace filter islands or stable base-filter layer is established. Do not interpret peer filtering as independent filter groups.,Candidate / parked,T12 T15 INV,BT31
FILT-06,Accept with scope and evidence limits,capability and verification,"Range settings, typed column controls and exact-bound disclosure in filter tooltips are present; numeric cell menus create exact or one-sided filters.",Not every brush has adjacent manual inputs. Display rounding and exact comparison need a documented common contract.,Core,T06 T12 FILTER THDR TMENU,BT03 BT04
FILT-07,Accept with scope and evidence limits,capability and verification,Filter labels and numeric cell actions support at-or-above/at-or-below intervals with omitted bounds.,A one-sided filter control is not evidence that dragging to a brush edge saves an unbounded interval that remains open after new data arrives.,Specific,T06 FILTER TMENU BASE,BT04
FILT-08,Accept with scope and evidence limits,capability and verification,"Row charts now expose searchable/paged Other members and select actual typed values, not a displayed Other label.","Prove stable saved membership after resize, rank changes and restore. This does not establish one universal category picker across all controls.",Core,T06 T09 CHART NUM,BT05 BT07
FILT-09,Refine after direct source review,capability and verification,The table search reads every resolved row field except __ID. Hidden source fields therefore participate. Calculated fields join resolved rows.,"No visible-field-only search option or match highlighting was found in the reviewed table paths. This is a missing option, not evidence that current substring search is broken.",Core,T06 T09 BASE TABLE INV,BT06
FILT-10,Accept with scope and evidence limits,parked or task-dependent capability,Substring and typed controls form the baseline.,"Fuzzy matching, token queries and a unified language remain optional design choices, not necessary failures of the scalar explorer.",Candidate,T06 T09 BASE INV,BT06
FILT-11,Accept with scope and evidence limits,capability and verification,"UTC daily Calendar views, day/week/month line rollups, period/series selection and date controls now exist.","Relative rolling versus completed periods, quarter/year presets and calendar stepping are not supplied by those additions. Freeze or encode the reference time for any future relative filter.",Core,T07 CHART ROLL,BT08 BT09
FILT-12,Accept with scope and evidence limits,capability and verification,"Inline table/header graphics, field inspection and Calendar views provide substantial distribution-guided interaction. Re-clicking a header mark can clear its filter.",No-inline-histogram is stale. More domain-specific natural-break or calendar-density pickers remain narrower optional scope; verify population counts now.,Specific / candidate,T06 T07 TABLE THDR CHART,BT02 BT03 BT08
TABLE-01,Accept with scope and evidence limits,capability and verification,"The active table mounts a header drag hook and context menu with hide, show hidden, move left/right/first and selected-column settings.",Named column sets and broader durable view ownership remain absent from the reviewed slice. Keyboard access and width/order restore require current proof.,Core,T02 TABLE THDR TMENU,BT12 BT22
TABLE-02,Accept with scope and evidence limits,capability and verification,"Name-based default width, pointer resize, keyboard resize and Reset width are active.","No content-aware auto-fit or double-click fit is present in the reviewed header/menu paths. Reset width returns a name-based default, not a content fit.",Core,T02 TABLE THDR TMENU,BT12
TABLE-03,Accept with scope and evidence limits,capability and verification,Clear sort is active in the context menu. The header itself toggles ascending/descending. Natural sorting is described in the inventory.,Do not say source-order reset is missing. A third header-click reset remains a preference gap; null ordering and natural-order accuracy need independent fixture proof.,Core,T09 THDR TMENU INV,BT12
TABLE-04,Accept with scope and evidence limits,capability and verification,Field settings provide display labels/descriptions and filter chips use shared labels.,"Automatic prefix cleanup and alias history are optional follow-ups; verify header, copied canonical names and exported field identity remain distinct.",Core,T02 T09 FILTER TMENU INV,BT02 BT12
TABLE-05,Accept with scope and evidence limits,capability and verification,"Shared chip formatting includes extra exact-bound disclosure; R19 is recorded fixed for details, counts and variance units.","Do not repeat the old currency-count bug as current fact. Test axes, new trace dialogs and every aggregate's units; a single table example is insufficient.",Core,T02 T08 T09 FILTER BASE INV,BT02 BT07 BT18
TABLE-06,Accept with scope and evidence limits,capability and verification,Compact scalar cells and raw-value access are described; copy-value and copy-row actions now exist.,"Wrapping, chosen truncation side, code/newline presentation, persistent row detail and configurable row heights are not established. Copying is not rich in-place reading.",Specific,T04 TMENU INV BASE,BT13
TABLE-07,Accept with scope and evidence limits,parked or task-dependent capability,The declared data model remains scalar; JSON flattens nested objects/arrays.,No typed rich-cell extension contract is established. Indexed tag columns do not preserve a collection as one semantic field.,Specific / parked,T04 T05 INV,BT13 BT30
TABLE-08,Accept with scope and evidence limits,parked or task-dependent capability,The table remains the common record presentation.,"Transpose, record cards and automatic small-record layouts are not established. A generic templating DSL is neither a prerequisite nor a delivered substitute.",Candidate,T01 T19 INV PLAN,BT13
TABLE-09,Accept with scope and evidence limits,capability and verification,Active chart filters can describe a temporary subset and saved JSON can retain them.,"Stable row bookmarks, tags and a named cohort collection are not established. Durable source identity is a dependency, not a reason to add a bookmark icon alone.",Specific,T01 T08 INV,BT23 BT33
TABLE-10,Accept with scope and evidence limits,verification,"DataTable merges calculated column values into resolvedRows, then passes them into filtering and the displayed body; calculation inspectors are described.","Current correctness across edit, filter, sort, search, copy and export must be re-proved together. Scalar inspection is not an aggregate computation graph.",Core,T11 T13 T15 TABLE BASE INV,BT18 BT22
TABLE-11,Accept with scope and evidence limits,verification,"The active table supplies filteredRows to the toolbar; the baseline records CSV escaping, ordering and derived-value repairs.","Browser download inspection was previously incomplete and is blocked here. Prove exported IDs/order/values, quoting, and field names against the visible scope.",Specific,T11 T15 TABLE BASE,BT21
TABLE-12,Accept with scope and evidence limits,parked or task-dependent capability,Display formatting and copy/filter cell actions are present; they are not edits.,"Inline mutation, typed validation/undo and a general conditional-rule engine are not established. These remain task-dependent, not universal EDA obligations.",Candidate,T02 T04 T09 TMENU INV,BT13
CALC-01,Accept with scope and evidence limits,verification,"The recorded evaluator supports arithmetic, comparisons, conditional logic, functions and bracketed field references.",Scalar expressions are not grouped/window calculations. Current formula execution is not freshly tested in this audit.,Core,T11 T13 BASE INV,BT18
CALC-02,Accept with scope and evidence limits,verification,"The recorded workflow validates syntax, dependencies, cycles and source rows before Apply; October 2 tested an invalid draft.","One invalid syntax case does not cover unknown functions, cycles, dependent edits or full-analysis import atomicity.",Core,T09 T15 BASE REVIEW HOST,BT18 BT22
CALC-03,Accept with scope and evidence limits,capability and verification,"Saved/draft row previews, source inputs and row failure reasons are described.","Evidence is session/dataset-specific rather than a durable execution history. Distinguish missing input, conversion failure and calculation failure.",Core,T09 T15 BASE INV,BT18
CALC-04,Accept with scope and evidence limits,verification,The baseline records a shared searchable function registry and cursor insertion.,No general group or array-expression grammar is established. Revalidate help against exports before adding more function names.,Specific,T11 T17 BASE INV,BT18
CALC-05,Accept with scope and evidence limits,capability and verification,"Dependency previews and explicit Apply are described, with protected in-use rename/delete and preserved filter thresholds.","Saved drafts, automatic consumer rewrites and a durable edit history remain separate gaps. New chart consumers need integration proof.",Core,T11 T15 BASE INV,BT18 BT22
CALC-06,Accept with scope and evidence limits,capability and verification,Tables resolve shared scalar columns; grouped summaries and UTC rollups reuse definitions/reducers; newer traces retain source inputs.,Shared function code is not proof of one execution or cached shared result. Cross-view arithmetic and eligible-ID agreement were waived for newer charts.,Core,T11 T15 TABLE ROLL CHART CLOSE,BT07 BT19
CALC-07,Accept with scope and evidence limits,capability and verification,Scalar formulas and named count/sum/average groups are different controls; calendar rollups add explicit period scope.,"Window/rank expressions and arbitrary grouped formula composition are not established. Row sum(x,y) must not be presented as a dataset sum.",Core,T11 T16 T17 BASE CHART,BT19 BT26
CALC-08,Accept with scope and evidence limits,capability and verification,Named grouped summaries are reusable; pivot and many new chart families now expose contributors.,"Inspection is wider than reuse. Pivot outputs, density samples and modeled tables are not established as named downstream sources.",Core / architecture open,T11 T13 T15 T16 T17 CHART INV,BT19 BT26
CALC-09,Accept with scope and evidence limits,capability and verification,"Box/violin density and rectangular scatter count bins exist. PR136 adds scoped plans for regression, LOESS, hexagons and 2D contours.","The merged PR explicitly changes no application code. Fits, confidence layers, marginals and contour density must remain planned-only until implementation and browser proof exist.",Specific / now planned,T15 T17 CHART PLAN,BT26 BT27
CALC-10,Accept with scope and evidence limits,capability and verification,"Shared numeric rules, UTC calendar arithmetic and chart-specific trace contracts improve determinism.","Stable source IDs across reload, durable source versions and a renderer-independent replay contract are not established; deterministic layout is narrower than deterministic analysis history.",Core,T15 T18 NUM ROLL CHART INV,BT23 BT29
CALC-11,Accept with scope and evidence limits,verification,"The calculation workflow exposes markers, row inputs/results, upstream/downstream dependencies and affected consumers.",Preserve the boundary between scalar dependency inspection and whole-chart provenance. Verify deep-chain edits in a real mounted workspace.,Core,T08 T15 BASE INV,BT18
FACET-01,Accept with scope and evidence limits,parked or task-dependent capability,Wrap/grid layouts exist for the supported 2D families; current catalogue breadth is larger than facet eligibility.,"No requirement to facet every view type. Explicit-list repetition, deeper nesting and repeat outside grouping remain separate design candidates.",Core,T14 T16 INV BASE,BT17
FACET-02,Accept with scope and evidence limits,verification,The baseline describes full-source domains/order; October 2 reports matching regional x/y ticks.,"Proof covers one comparison, not every changed-field, empty-cell, scale type or new mode combination.",Core,T14 BASE REVIEW,BT17
FACET-03,Accept with scope and evidence limits,parked or task-dependent capability,The reviewed model applies chart selection across facets and labels its scope.,"Facet-key-bounded XY selection is a separate missing option, not a bug in the approved global-coordinate default.",Specific,T14 BASE INV,BT17
FACET-04,Accept with scope and evidence limits,verification,The baseline records typed wrap/grid header filters and keyboard selection.,"Do not retain an old missing-header-action claim. Verify owner identity, clear behavior and source counts after combined facet/chart selections.",Specific,T14 BASE INV,BT17
FACET-05,Accept with scope and evidence limits,capability and verification,"Ordered visibleFacetIds, paging and focus are recorded.","Top-group selection, nested repeats and a durable pin workflow are not established. Visibility is not membership filtering.",Specific,T14 BASE INV,BT17
FACET-06,Accept with scope and evidence limits,verification,"Paging, focus and ordered visibility are recorded as the chosen layout solution.","Current browser evidence is needed for full labels, page changes and dense/empty layouts. Absence of a scrollbar alone does not prove legibility.",Explicit preference,T14 BASE REVIEW,BT17 BT34
FACET-07,Accept with scope and evidence limits,verification,"Typed tuple keys and missing-group policies are recorded, avoiding separator-splitting keys.","Test 1 versus string 1, missing values and separator-containing labels with new mode combinations; durable row identity remains DATA-04.",Core correctness,T14 T15 T16 BASE,BT05 BT17
SCALE-01,Accept with scope and evidence limits,capability and verification,Full-source facet domains and additional chart traces make some scale choices inspectable.,No uniform full/working/visible population switch is established. Preserve stable domains under own brushing and disclose exceptions.,Core,T12 T15 INV CHART,BT10 BT17
SCALE-02,Accept with scope and evidence limits,parked or task-dependent capability,Map viewport/camera behavior is distinct from analytical filters; common 2D brushes select rows.,No universal 2D axis zoom/reset contract is established. Do not confuse saved axis options or map pan with common chart zoom.,Specific,T14 INV CHART BASE,BT10 BT29
SCALE-03,Accept with scope and evidence limits,capability and verification,"The manifest now supports UTC time specifically for Line Chart calendar summaries, alongside linear, band and symlog.",True log remains explicitly unsupported. Raw numeric days are not dates; calendar support must not be generalized to all date-like axes.,Specific,T07 T11 T14 T18 COV CHART ROLL,BT08 BT10
SCALE-04,Accept with scope and evidence limits,capability and verification,"Field defaults, labels and exact filter-bound disclosure exist.","Uniform axis tick units, override origin and generated-versus-explicit values are not established across all 18 families and new modes.",Core,T08 T15 FILTER INV,BT02 BT10
COLOR-01,Accept with scope and evidence limits,capability and verification,"Shared scale IDs, field bindings and editing are described; historical category keys have reviewed examples.",Line series and specialized chart color paths need fresh cross-view comparison; source-field and renamed-scale identity must be checked rather than inferred.,Core,T08 T14 INV BASE REVIEW,BT17 BT20
COLOR-02,Accept with scope and evidence limits,capability and verification,"Automatic and dedicated legends exist; new maps, sizes and density add more encodings.",The manifest's universal wording exceeds one reviewed categorical legend. Numeric density/area/projection/series legends require independent checks.,Explicit preference,T14 COV INV CHART,BT10 BT20 BT29
COLOR-03,Accept with scope and evidence limits,capability and verification,Typed categorical legend filtering is described.,Continuous legend brushing and linked hover emphasis are not established as general contracts. A visible color ramp is not interactive numerical selection.,Specific,T14 INV BASE,BT20
CHART-01,Accept with scope and evidence limits,capability and verification,"Counts, histograms, grouped count/sum/average measures, grouped series and stacks are delivered.",Arbitrary supplied-measure glyph grammar and repeated raw labels remain broader authoring scope. A new mode is not proof of denominator correctness.,Core distinction,T11 T18 CHART,BT07 BT14
CHART-02,Accept with scope and evidence limits,capability and verification,"Scatter now has row tracing, point/range selection, bubble area and rectangular density bins.","Regression/uncertainty/hexagons/marginals/contours are planned, not delivered. Overlap, size provenance and exclusion visibility need current browser proof.",Core inspection / specific extras,T11 T14 T15 CHART PLAN,BT10 BT15 BT27
CHART-03,Accept with scope and evidence limits,capability and verification,Raw lines and UTC day/week/month category series exist; calendar series support area and stacked area; Parallel Coordinates covers a distinct per-row topology.,"Do not claim date lines, grouped series or parallel coordinates are wholly missing. Arbitrary repeated-line/slope grammars and general layer composition remain separate.",Specific,T16 T18 CHART ROLL,BT08 BT14 BT28
CHART-04,Accept with scope and evidence limits,capability and verification,"Box/violin/observations/beeswarm traces now explain statistics, density inputs, exclusions and source observations.",The old missing-box-contributor backlog is stale. Reusable density outputs and live local bandwidth editing remain narrower follow-ups.,Core / richer layers specific,T14 T15 T17 CHART,BT16 BT26
CHART-05,Accept with scope and evidence limits,capability and verification,Pivot contributors and reusable grouped summaries exist; newer stacks/cards/time views expose more aggregate semantics.,"Pivot-as-source, subtotal hierarchies, percentages and prior-period calculations are not generally established. New generic charts do not close every pivot outcome.",Core / derived measures specific,T11 T13 T15 CHART INV BASE,BT07 BT19
CHART-06,Accept with scope and evidence limits,parked or task-dependent capability,3D receives filters and has saved camera/size/omission behavior; historical Lorenz proof is available as a report.,"Point picking, complete data-scale labeling and per-point provenance are not established. 2D selection driving 3D is not 3D-originated selection.",Exploratory broader grammar,T12 T15 CHART INV REVIEW,BT28
CHART-07,Accept with scope and evidence limits,capability and verification,"Summary, source tables, legends, rich explanation and now Metric Card support the workflow; inline table distributions are active.",Static text is not live data-bound narrative; metric all-source comparison is not a frozen baseline; every supporting view needs a clear population label.,Core supporting views,T09 T13 T14 T19 TABLE CHART,BT01 BT07 BT33
CHART-08,Accept with scope and evidence limits,capability and verification,"Grouped bars, absolute/percentage stacks, area and stacked area are explicitly delivered chart modes.","Do not list the whole family as missing. Streamgraph and generalized stacking/dodging output reuse remain unestablished, lower-priority architecture extensions.",Exploratory examples / later delivered scope,T18 CHART,BT14 BT26
CHART-09,Accept with scope and evidence limits,parked or task-dependent capability,Parallel Coordinates is active and registered.,Hierarchy-aware treemap/packing remains outside the delivered catalogue. Separate the delivered multivariate slice from uncommitted hierarchy examples.,Exploratory,T18 REG CHART,BT28 BT32
CHART-10,Accept with scope and evidence limits,parked or task-dependent capability,"Stack bounds, density-bin intervals, bubble area, map projection and parallel vertices appear in chart-specific traces/contracts.",There is no established general inspectable geometry pipeline whose output can be substituted or reused independently of a chart renderer.,Core explainability / architecture open,T18 CHART,BT10 BT14 BT15 BT29
TRACE-01,Accept with scope and evidence limits,capability and verification,"Current chart contracts extend beyond scalar/pivot/named groups to bins, distributions, scatter, time, stacks, maps, flows and ECDF.","The old histogram/box/scatter contributor absence is stale. Trace reachability, selected mark identity, exclusions and roundtrip consistency are not freshly verified.",Core,T11 T15 CHART,BT07 BT15 BT16 BT24
TRACE-02,Accept with scope and evidence limits,capability and verification,Named group results and many chart-specific trace stages are described.,"Broad inspection does not establish every intermediate as a named reusable table. Reduced lines, density/model outputs and general transform composition remain uneven.",Core,T11 T13 T15 CHART INV,BT19 BT26
TRACE-03,Accept with scope and evidence limits,capability and verification,"New traces include stack bands, numeric exclusions, date bounds, projections, ECDF denominators and source inputs.","No universal every-property provenance contract is established. Test parameter origins, own-versus-peer filtering and overridden settings instead of counting trace dialogs.",Core,T15 CHART INV,BT10 BT14 BT24
TRACE-04,Accept with scope and evidence limits,capability and verification,Chart settings and chart-spec inspection provide bounded configuration; PR136 plans compact dashboard authoring.,A settings inspector is not an interchangeable source/transform/filter/scale/glyph compiler. The DSL PR is documentation-only and not runtime support.,Candidate / now planned,T16 T17 PLAN INV,BT26 BT27
TRACE-05,Accept with scope and evidence limits,parked or task-dependent capability,Settings restore and full-analysis bundles preserve applied application state with source rows.,"No renderer-neutral scene, stable source version or headless semantic evaluation contract is established. Restoring React is not independent analytical reproduction.",Specific / architecture parked,T15 T16 INV HOST,BT22 BT23 BT26
TRACE-06,Accept with scope and evidence limits,capability and verification,Facets and grouped/calendar definitions cover bounded repetition; new advanced scatter plans specify grouping/facet behavior.,"General explicit-list repeat, model-layer inheritance and common group-object outputs remain unresolved or planned, not delivered.",Candidate,T16 T17 PLAN CHART INV,BT26 BT27
TRACE-07,Accept with scope and evidence limits,capability and verification,"A transcript audit, feature inventory, matrix, historical review and retirement records all exist. Tests enforce useful catalogue invariants.",Mixed-age documents conflict; reviews lack revision-bound artifacts in the manifest; October 2 screenshot links point to absent tmp-root files. Add a verifiable claim-to-proof chain.,Core process,T10 T20 BASE INV COV COVTEST REVIEW TMP CLOSE,BT35
PERF-01,Accept with scope and evidence limits,verification,"Virtual rows and 10,000-row examples exist; deployed artifact contains the representative data.",No current load/filter/Apply/scroll latency or heap measurement. A fixture row count and a successful build are not a capacity envelope.,Core,T01 T13 TABLE INV DEPLOY,BT34
PERF-02,Accept with scope and evidence limits,verification,Shared numeric and UTC reducers improve semantic consistency; scalar caching and named definitions are described.,A reused reducer/definition is not proof of shared execution or invalidation correctness. The baseline notes grouped consumers recompute; re-profile current paths before adding cache infrastructure.,Core,T11 T13 T17 NUM ROLL BASE,BT19 BT34
PERF-03,Accept with scope and evidence limits,parked or task-dependent capability,One in-memory source is explicit; local examples are whole-file fetches.,No projected/streamed server protocol or loaded-versus-total disclosure is established. Do not silently turn performance wishes into a backend rewrite.,Candidate / parked,T13 INV HOST,BT31
PERF-04,Accept with scope and evidence limits,capability and verification,"The host fetch path has loading, error, retry and stale-request abort handling.","Local parse progress/cancellation, worker execution and long calculation progress are not established. No current responsiveness measurements were possible.",Specific,T13 HOST INV,BT31 BT34
PERF-05,Accept with scope and evidence limits,verification,Repository review reports and deterministic examples give useful starting points.,No current repeatable browser performance benchmark was run here; no claim can be made about 100k or million-row usability.,Core method,T20 INV DEPLOY,BT34
UX-01,Accept with scope and evidence limits,verification,"Shared numeric code excludes blank, boolean and nonfinite measurements; conversion/calculation errors and many chart trace exclusions exist.",The old no-common-numeric-policy claim is stale. Error reachability and agreement across all new consumers need browser proof.,Core,T09 T15 NUM CHART INV,BT02 BT07
UX-02,Accept with scope and evidence limits,verification,An unmatched search was historically reviewed; newer charts document valid-zero versus empty versus no-valid-number distinctions.,"One empty-table case is not every chart's empty-state proof. Test date gaps, all-invalid groups, maps and normalized denominators explicitly.",Core,T06 T07 CHART REVIEW,BT02 BT07 BT09 BT29
UX-03,Accept with scope and evidence limits,verification,"Named actions, keyboard width control, menu handling, chip focus/highlight and Alt-Enter trace contracts exist.","Naming alone is not full accessibility. Canvas/WebGL marks, brushing, focus return, virtual rows and screen-reader outcomes remain unverified here.",Core baseline,T02 T09 T20 FILTER THDR TABLE CHART REVIEW,BT12 BT24 BT34
UX-04,Accept with scope and evidence limits,verification,"The stated workspace minimum is 1024 CSS pixels. Selected historical examples were checked at 1280/1024, with limited narrower flows.","Do not infer mobile support from 390-pixel spot checks. New modes, floating inspectors, menu collisions and long labels need current desktop proof.",Specific / desktop baseline,T01 T14 T19 INV REVIEW,BT17 BT24 BT34
