test_id,scenario,fixture,steps,expected_result_or_question,requirement_ids,status,evidence_to_capture
BT01,First inspection loop,analytical-edge-cases.json,Import JSON; inspect fields; open Rows; create a distribution from value; return to the table.,Six records remain available. Source names and inferred/effective types are visible. Opening Fields/inspectors does not silently replace saved layout. Header distributions are present by default.,DATA-01 DATA-02 DASH-01,NOT EXECUTED: application navigation blocked,before/after screenshot; accessibility/focus notes; canonical settings; source keys/counts; console; browser/version/viewport/revision
BT02,Numeric eligibility and formatting,analytical-edge-cases.json plus host nonfinite values,"Compare Summary, inline distribution, histogram, box, grouped average and Metric Card. Apply a value alias, USD and two decimals; inspect count units and exact thresholds.","Base fixture eligible keys are r1,r2,r4,r6; sum 25, average 6.25. Blank and null are not zeros. Nonfinite and boolean additions are excluded as measurements. Count is not formatted as currency.",DATA-02 TABLE-05 UX-01,NOT EXECUTED: application navigation blocked,before/after screenshot; accessibility/focus notes; canonical settings; source keys/counts; console; browser/version/viewport/revision
BT03,Local versus global filtering,analytical-edge-cases.json,"Select region A in a chart. Add a table-local search, then Rows-local range. Compare global count, table counts and peer context; use Clear all.",Global region A is 3 records; each local restriction affects only its declared table. Clear all returns the loaded six without retaining a hidden row restriction. Peer context is not misreported as global selection.,FILT-01 FILT-02 FILT-04,NOT EXECUTED: application navigation blocked,before/after screenshot; accessibility/focus notes; canonical settings; source keys/counts; console; browser/version/viewport/revision
BT04,Exact and unbounded range,analytical-edge-cases.json,Use a numeric cell's at-or-above action. Inspect saved bound. Add a new row above the previous maximum in a controlled host fixture. Separately drag a brush to its edge.,An omitted upper bound admits new higher eligible values; a finite brush bound remains finite unless explicitly converted. Exact thresholds survive rounding. Do not demand unbounded brush semantics unless that contract is implemented.,FILT-06 FILT-07,NOT EXECUTED: application navigation blocked,before/after screenshot; accessibility/focus notes; canonical settings; source keys/counts; console; browser/version/viewport/revision
BT05,Typed values and Other,typed-categories.json plus 60 named categories,"Select numeric 1, then string 1 and missing. Search and select a rare Other member; resize, change top ranks and restore settings.","Selections retain actual typed values. Other is a presentation grouping, not a saved category literal. Selected rare membership survives rank and size changes.",FILT-08 FACET-07,NOT EXECUTED: application navigation blocked,before/after screenshot; accessibility/focus notes; canonical settings; source keys/counts; console; browser/version/viewport/revision
BT06,Search scope and explanation,analytical-edge-cases.json,"Hide text, search needle, search a calculated field, then clear. Check any match highlighting and search scope controls.","Record which fields actually participate. A hidden-field match should be explainable. Missing scope/highlight features are observations to record, not assumed failing assertions of existing behavior.",FILT-09 FILT-10,NOT EXECUTED: application navigation blocked,before/after screenshot; accessibility/focus notes; canonical settings; source keys/counts; console; browser/version/viewport/revision
BT07,Cross-view aggregate and contributor agreement,analytical-edge-cases.json,"Create count/sum/average by region in grouped summary, bar, pivot, heatmap and card. Alt-open traces and compare source keys, eligible keys and values under the same explicitly recorded scope.","A: 3 source rows, 2 numeric contributors, sum 30, average 15. B: 3 source rows, 2 contributors, sum -5, average -2.5. Distinguish global from own-filter-excluded peer populations.",CALC-06 TRACE-01 UX-02,NOT EXECUTED: application navigation blocked,before/after screenshot; accessibility/focus notes; canonical settings; source keys/counts; console; browser/version/viewport/revision
BT08,UTC boundaries and rollups,analytical-edge-cases.json,Compare Calendar days to monthly Line Chart summaries. Inspect r1; change week start; filter February and restore.,"r1 belongs to February 1 UTC, not January 31. Leap day is retained. February valid numeric values total 25 over 3 eligible records; invalid-date r5 is separately disclosed. Period upper bounds agree across filter and trace.",FILT-11 SCALE-03 CHART-03,NOT EXECUTED: application navigation blocked,before/after screenshot; accessibility/focus notes; canonical settings; source keys/counts; console; browser/version/viewport/revision
BT09,Empty versus invalid dates,analytical-edge-cases.json plus empty month,"Select an absent month, a period with records but invalid numeric values, and a valid zero day.","The UI distinguishes no source rows, no eligible measurements and valid zero. Missing periods do not silently become observed zero or interpolate without disclosure.",FILT-11 UX-02,NOT EXECUTED: application navigation blocked,before/after screenshot; accessibility/focus notes; canonical settings; source keys/counts; console; browser/version/viewport/revision
BT10,Scale and bubble semantics,analytical-edge-cases.json,"Inspect linear/symlog axes and bubble size; filter peers, brush own chart, resize, and reopen settings. Record raw versus calendar line eligibility.",Domain-population rules and area encoding are explicit. Zero size is not silently a positive measurement. True log is not offered as implemented through symlog. Own filtering does not accidentally redefine a promised full-source size scale.,SCALE-01 SCALE-02 SCALE-03 CHART-02,NOT EXECUTED: application navigation blocked,before/after screenshot; accessibility/focus notes; canonical settings; source keys/counts; console; browser/version/viewport/revision
BT11,Owner navigation and reset,shop-operations and two same-field filters,"Activate several filters until the overflow popover appears. Click/focus chip labels, use Rows-mode chips, remove one X, and clear all.",Labels reveal the correct owner without removing its filter; hover/focus highlights it. X removes only the intended predicate. Keyboard focus reaches the owner and escape returns appropriately.,FILT-03 FILT-04 DASH-08,NOT EXECUTED: application navigation blocked,before/after screenshot; accessibility/focus notes; canonical settings; source keys/counts; console; browser/version/viewport/revision
BT12,Table controls and source-order recovery,analytical-edge-cases.json,"Drag a header, use move/hide/show hidden, resize by pointer and keyboard, Reset width, sort twice then Clear sort; exercise keyboard context menu.","Order, widths and visibility update the same saved table settings. Clear sort restores source order. Header click currently toggles asc/desc; absence of a third click is a preference distinction. Reset width is not content auto-fit.",TABLE-01 TABLE-02 TABLE-03 UX-03,NOT EXECUTED: application navigation blocked,before/after screenshot; accessibility/focus notes; canonical settings; source keys/counts; console; browser/version/viewport/revision
BT13,Long text and rich-cell boundary,analytical-edge-cases.json plus tag/image/history JSON,Read/copy multiline text; import a tag array and related object. Inspect loss of structure and available cell-detail controls.,"Record scalar flattening explicitly. Confirm quoted/newline content is not corrupted in export. Rich rendering, editing and card view are not assumed supported merely because JSON import succeeds.",TABLE-06 TABLE-07 TABLE-08 TABLE-12,NOT EXECUTED: application navigation blocked,before/after screenshot; accessibility/focus notes; canonical settings; source keys/counts; console; browser/version/viewport/revision
BT14,"Grouped, stacked and percentage bars / areas","positive variant values 10,20,5,0,missing","Inspect category-series pairs, stack bounds and percentage denominators. Add a negative measurement and an all-invalid group. Switch to UTC area/stacked area with an absent period.",Stack absolute data before pixel scaling; positive group 10+20 has total 30 and shares one-third/two-thirds. Reject or explicitly exclude invalid stack inputs by contract. Do not stack averages or bridge absent observations silently.,CHART-01 CHART-08 TRACE-03,NOT EXECUTED: application navigation blocked,before/after screenshot; accessibility/focus notes; canonical settings; source keys/counts; console; browser/version/viewport/revision
BT15,Density-bin membership,boundary points plus duplicate coordinates,"Create rectangular density, click a boundary bin, Alt-inspect it, brush and resize. Compare source IDs with independent interval predicates.","Each eligible point belongs to the intended bin exactly once, including maximum edges. Bin counts and traces agree; bounds are defined in data units. Rectangular counts are not claimed as KDE or hex bins.",CHART-02 TRACE-01,NOT EXECUTED: application navigation blocked,before/after screenshot; accessibility/focus notes; canonical settings; source keys/counts; console; browser/version/viewport/revision
BT16,"Box, violin and beeswarm contributors","values 1,2,3,4,100 plus blank","Inspect the box trace and outlier, compare displayed source IDs, scale values by 100000 and compare beeswarm screen distances.",The five eligible observations are retained; observed Tukey whiskers and 100 outlier follow the documented rule. Density inputs and exclusions are inspectable. Screen-space collision behavior remains legible under unit changes.,CHART-04 TRACE-01,NOT EXECUTED: application navigation blocked,before/after screenshot; accessibility/focus notes; canonical settings; source keys/counts; console; browser/version/viewport/revision
BT17,Facet comparison and navigation,typed categories with empty and very different ranges,Compare full-source ticks; change fields; reorder visible facets; page and Focus; select headers and brush. Resize to 1024.,"Typed groups retain identity, domains follow current fields, labels are not cut off and visibility is not a row filter. Existing global XY selection remains distinct from unimplemented facet-local selection.",FACET-01 FACET-02 FACET-03 FACET-04 FACET-05 FACET-06,NOT EXECUTED: application navigation blocked,before/after screenshot; accessibility/focus notes; canonical settings; source keys/counts; console; browser/version/viewport/revision
BT18,Calculation edit and failure atomicity,analytical-edge-cases.json,"Add net=value*2 and margin=net-1; filter net>=20; preview an edit; Apply; attempt a cycle, unknown field and invalid function. Inspect dependencies and export.","On the base fixture net>=20 selects r1,r2. A valid edit recomputes dependent consumers while retaining intended thresholds. Invalid edits never replace the saved analysis. Inputs, eligible failures and dependency paths remain inspectable.",CALC-01 CALC-02 CALC-03 CALC-04 CALC-05 CALC-11,NOT EXECUTED: application navigation blocked,before/after screenshot; accessibility/focus notes; canonical settings; source keys/counts; console; browser/version/viewport/revision
BT19,Reusable grouped result,analytical-edge-cases.json,Create one named region sum used by a bar and table; edit once; filter peers; inspect all contributors; attempt referenced deletion.,Both consumers reference the same definition and return the correct scoped result. Dangling references are rejected. Measure whether execution is reused; do not infer caching from equal numbers.,DATA-08 CALC-07 CALC-08 PERF-02,NOT EXECUTED: application navigation blocked,before/after screenshot; accessibility/focus notes; canonical settings; source keys/counts; console; browser/version/viewport/revision
BT20,Shared color and legend behavior,typed-categories.json plus numeric color field,Bind the same shared color scale in multiple views; rename and edit categories; inspect automatic/dedicated legends; restore.,Typed categories and colors stay aligned across views. Record which legends really filter and which only display values. All non-obvious size/density/color encodings have an explanation in their supported scope.,COLOR-01 COLOR-02 COLOR-03,NOT EXECUTED: application navigation blocked,before/after screenshot; accessibility/focus notes; canonical settings; source keys/counts; console; browser/version/viewport/revision
BT21,CSV download roundtrip,analytical-edge-cases.json,"Sort, hide/reorder columns, apply search/filter and a calculated column; download CSV; parse the actual downloaded bytes.","Exported keys, row order, selected fields and derived values match the table scope. Quotes, commas, tabs and newlines are escaped without changing data. Browser download completion is recorded separately from unit helper success.",TABLE-10 TABLE-11,NOT EXECUTED: application navigation blocked,before/after screenshot; accessibility/focus notes; canonical settings; source keys/counts; console; browser/version/viewport/revision
BT22,Settings and full-analysis restore,analytical-edge-cases.json plus mixed current chart modes,"Edit formulas, filters, order, widths, layout and field formats. Export settings and full bundle; remount/reopen; submit invalid JSON and invalid dependencies.",Full bundle restores source values and applied state. Settings-only restores against supplied host rows. Compare canonical state excluding snapshot timestamp; errors leave current analysis intact. Draft persistence and durable named saves are not implied.,DASH-03 DASH-04 DASH-05 DASH-06,NOT EXECUTED: application navigation blocked,before/after screenshot; accessibility/focus notes; canonical settings; source keys/counts; console; browser/version/viewport/revision
BT23,Source identity boundary,same records in a new order,Trace/select r1; save; reorder host rows; restore settings and then full analysis; compare stable key versus positional __ID.,Record positional identity limitations and avoid false stable-key claims. A future identity contract must reject mismatched source fingerprints or remap through declared keys rather than silently choose another record.,DATA-04 TABLE-09 CALC-10 TRACE-05,NOT EXECUTED: application navigation blocked,before/after screenshot; accessibility/focus notes; canonical settings; source keys/counts; console; browser/version/viewport/revision
BT24,Trace activation and accessibility,each delivered mark family,"Use normal click/Enter, Alt-click/Alt-Enter and header trace; navigate contributors and close; test keyboard and a real screen reader.","Normal activation follows selection contract; trace action inspects the intended mark without silently changing selection. Names, focus order, selected mark context and focus return are meaningful; names alone are not a pass.",TRACE-01 TRACE-03 UX-03,NOT EXECUTED: application navigation blocked,before/after screenshot; accessibility/focus notes; canonical settings; source keys/counts; console; browser/version/viewport/revision
BT25,Historical oracle replay,deployed shop-operations and lorenz_3d_small,"Open shop, select Web and toggle off. Open Lorenz preset; remove Time but keep Z.",Shop Web=167/500 then 500/500. Lorenz both ranges=164/1000; Z alone=489. Independent CSV oracle is included; actual UI interaction remains to be executed.,FILT-02 FILT-04,NOT EXECUTED: application navigation blocked,before/after screenshot; accessibility/focus notes; canonical settings; source keys/counts; console; browser/version/viewport/revision
BT26,General transform boundary,one explicit pivot-as-source or model consumer task,Attempt to reuse a pivot/density/model result as a named source through documented public controls; inspect available configuration and transform outputs.,"Distinguish actual capability, rejected operation and absent UI. A trace table does not prove a composable transform source. Use the failed task to define a bounded future design, not a universal graph rewrite.",DATA-08 CALC-08 TRACE-02 TRACE-04 TRACE-05 TRACE-06,NOT EXECUTED: application navigation blocked,before/after screenshot; accessibility/focus notes; canonical settings; source keys/counts; console; browser/version/viewport/revision
BT27,Planned-only scatter and DSL scope,PR136 intent versus shipped build,"Check available public controls for regression, LOESS, hexagons, marginals, contours and compact document authoring; compare to plans.","At this revision PR136 makes no application changes. Do not award implementation/review coverage for its plans. When implemented, fit scope must explicitly distinguish own versus peer filters.",CALC-09 CHART-02 TRACE-04 TRACE-06,NOT EXECUTED: application navigation blocked,before/after screenshot; accessibility/focus notes; canonical settings; source keys/counts; console; browser/version/viewport/revision
BT28,"Parallel Coordinates, ECDF and 3D boundaries",typed numeric/category fixture with ties and missing values,"Reorder/invert parallel axes, intersect two ranges, inspect excluded incomplete rows; verify ECDF both directions and ties; drive 3D from 2D.","Parallel selections remain in data units. For ECDF values 1,1,2, at-or-below 1=2/3 and at-or-above 1=1. 3D receiving a filter is not proof of 3D point selection.",CHART-06 CHART-09,NOT EXECUTED: application navigation blocked,before/after screenshot; accessibility/focus notes; canonical settings; source keys/counts; console; browser/version/viewport/revision
BT29,Map joins and saved geometry,typed region keys and coordinate edge cases,"Test point coordinates, invalid rows, duplicate region features, unmatched typed keys, pan/reset, selection, source trace and full-analysis reopen.",Invalid coordinates are disclosed; number/text region keys do not merge. Duplicate features follow declared region identity. Geometry assets and selections survive restore; maps use local geometry rather than requiring external tiles.,DATA-05 CHART-10 DASH-03,NOT EXECUTED: application navigation blocked,before/after screenshot; accessibility/focus notes; canonical settings; source keys/counts; console; browser/version/viewport/revision
BT30,Source grain and relationships,file records linked to event records,Try the documented source interface using one file with several events and a file-level cost.,Do not count duplicated file-level cost once per event without a declared grain decision. Region geometry joins do not establish relational analytical source support.,DATA-05 TABLE-07,NOT EXECUTED: application navigation blocked,before/after screenshot; accessibility/focus notes; canonical settings; source keys/counts; console; browser/version/viewport/revision
BT31,"Loading, cancellation and available population",whole-file local input and controlled slow example host,"Start and replace example requests, induce an error and retry; test a large local import while measuring responsiveness.",Stale fetches do not overwrite new input. Report actual loading progress and cancellation boundaries. Do not imply streaming/remote projection or total available count without a protocol.,DATA-06 DATA-07 FILT-05 PERF-03 PERF-04,NOT EXECUTED: application navigation blocked,before/after screenshot; accessibility/focus notes; canonical settings; source keys/counts; console; browser/version/viewport/revision
BT32,Expected observations and hierarchy semantics,"expected A/B by three dates, one absent combination",Compare null cell detection with missing record detection. Inspect any hierarchy or heatmap claims against the expected grid.,The six expected observations and five actual records imply one absent observation even with no null cells. A generic heatmap or map join does not supply that expectation model.,DATA-09 CHART-09,NOT EXECUTED: application navigation blocked,before/after screenshot; accessibility/focus notes; canonical settings; source keys/counts; console; browser/version/viewport/revision
BT33,Saved cohort and frozen baseline boundary,analytical-edge-cases.json with a saved region subset,"Save a subset, alter underlying data and compare the Metric Card all-source reference/ECDF overall curve to a frozen cohort expectation.","All-source comparison may change with the source; it is not a versioned baseline. Named saved cohorts, stable membership and undo remain distinct capabilities.",DASH-06 TABLE-09 CHART-07,NOT EXECUTED: application navigation blocked,before/after screenshot; accessibility/focus notes; canonical settings; source keys/counts; console; browser/version/viewport/revision
BT34,"Desktop, virtualization and performance","existing 500 and 10000 row examples, then controlled row/column/facet sweeps","Measure load/filter/Apply/scroll and heap at 1280 and 1024; record hardware/browser; inspect long labels, menus, virtual row semantics and keyboard access.","Report measured distributions and device conditions, not an arbitrary universal row limit. No page-level overflow or inaccessible critical control at supported widths. Optional narrow probes do not expand support policy.",PERF-01 PERF-02 PERF-05 UX-03 UX-04,NOT EXECUTED: application navigation blocked,before/after screenshot; accessibility/focus notes; canonical settings; source keys/counts; console; browser/version/viewport/revision
BT35,Coverage proof integrity,development build plus manifest and review artifacts,Open ?view=coverage in a dev build; compare summary to the included counts; follow each report/artifact; alter a source fingerprint in an isolated test of future validation.,"Expected catalogue counts are 52/51/30/22 as defined in the report. Every reviewed assignment should resolve to dated, revision-bound proof. Production omission of the matrix is intentional, not a failed dev-route check.",TRACE-07,NOT EXECUTED: application navigation blocked,before/after screenshot; accessibility/focus notes; canonical settings; source keys/counts; console; browser/version/viewport/revision
