feature_id,label,family,declared_implementation,required,explicit_gap_strings,comment,declared_example_count,historically_reviewed_example_count,declared_examples,historically_reviewed_examples,needs_attention,current_browser_status,source_url
chart:map,Map,Chart types,supported,True,0,"Point and region modes are delivered; split their different coordinate, join, omission, and geometry-restore contracts in the matrix.",2,0,region-map; point-map,,True,not-tested: navigation blocked,https://github.com/byronwall/explorEDA/blob/362db58082df9c1b57c2305a49823a1dae385081/apps/demo/src/demos/coverage.ts
chart:metric-card,Metric Card,Chart types,supported,True,0,A filtered versus all-source metric is useful growth; it is not a frozen comparison cohort. Check count versus eligible numeric contributors.,10,0,distribution-discovery; region-map; point-map; scatter-density; bubble-scatter; area-charts; stacked-bars; grouped-bars; calendar-series; shop-operations,,True,not-tested: navigation blocked,https://github.com/byronwall/explorEDA/blob/362db58082df9c1b57c2305a49823a1dae385081/apps/demo/src/demos/coverage.ts
chart:row,Row Chart,Chart types,supported,True,0,Ranked counts now include searchable Other members. A generic row-chart row does not prove exact member identity after resize or restore.,13,0,distribution-discovery; bubble-scatter; area-charts; stacked-bars; grouped-bars; calendar-series; shop-operations; palmer-penguins; categorical-charts; product-activity; scatter-trace; calculated-orders; shop-10000,,True,not-tested: navigation blocked,https://github.com/byronwall/explorEDA/blob/362db58082df9c1b57c2305a49823a1dae385081/apps/demo/src/demos/coverage.ts
chart:bar,Bar Chart,Chart types,supported,True,0,"Histogram, counts, grouped measures and multiple series modes coexist. Separate bin-boundary, selection, and denominator proof.",11,0,distribution-discovery; point-map; scatter-density; stacked-bars; grouped-bars; shop-operations; palmer-penguins; box-plot; product-activity; calculated-orders; shop-10000,,True,not-tested: navigation blocked,https://github.com/byronwall/explorEDA/blob/362db58082df9c1b57c2305a49823a1dae385081/apps/demo/src/demos/coverage.ts
chart:scatter,Scatter Plot,Chart types,supported,True,0,"An older scatter example is reviewed, but that cannot certify newly added bubble, density, or mark-trace behavior.",11,2,scatter-density; bubble-scatter; shop-operations; palmer-penguins; nba-stats; box-plot; product-activity; scatter-trace; calculated-orders; shop-10000; lorenz-3d,shop-operations; lorenz-3d,False,not-tested: navigation blocked,https://github.com/byronwall/explorEDA/blob/362db58082df9c1b57c2305a49823a1dae385081/apps/demo/src/demos/coverage.ts
chart:3d-scatter,3D Scatter,Chart types,supported,True,0,Historical Lorenz checks support receiving linked filters and visible color. They do not prove point picking or a full accessible selection path.,1,1,lorenz-3d,lorenz-3d,False,not-tested: navigation blocked,https://github.com/byronwall/explorEDA/blob/362db58082df9c1b57c2305a49823a1dae385081/apps/demo/src/demos/coverage.ts
chart:pivot,Pivot Table,Chart types,supported,True,0,"Position summaries are historically reviewed; arbitrary aggregate error handling, contributor inspection and output reuse need separate rows.",4,1,region-map; nba-stats; categorical-charts; calculated-orders,nba-stats,False,not-tested: navigation blocked,https://github.com/byronwall/explorEDA/blob/362db58082df9c1b57c2305a49823a1dae385081/apps/demo/src/demos/coverage.ts
chart:data-table,Data Table,Chart types,supported,True,0,"Listing records is reviewed. New header distributions, dragging, context menus, calculated cells and export roundtrips deserve independent proof.",17,1,distribution-discovery; region-map; point-map; scatter-density; bubble-scatter; area-charts; stacked-bars; grouped-bars; calendar-series; shop-operations; palmer-penguins; nba-stats; categorical-charts; product-activity; scatter-trace; calculated-orders; shop-10000,nba-stats,False,not-tested: navigation blocked,https://github.com/byronwall/explorEDA/blob/362db58082df9c1b57c2305a49823a1dae385081/apps/demo/src/demos/coverage.ts
chart:summary,Summary,Chart types,supported,True,0,"Historical field counts are credited; inference corrections, blank/nonfinite policies and filtered distributions require explicit scenarios.",2,1,nba-stats; box-plot,nba-stats,False,not-tested: navigation blocked,https://github.com/byronwall/explorEDA/blob/362db58082df9c1b57c2305a49823a1dae385081/apps/demo/src/demos/coverage.ts
chart:markdown,Markdown / explanation,Chart types,supported,True,0,Static rich explanation is shown. It is not data-bound narrative or the newly planned compact authoring DSL.,3,0,scatter-trace; calculated-orders; lorenz-3d,,True,not-tested: navigation blocked,https://github.com/byronwall/explorEDA/blob/362db58082df9c1b57c2305a49823a1dae385081/apps/demo/src/demos/coverage.ts
chart:boxplot,Distribution / Box Plot,Chart types,supported,True,0,"Box, violin, observations and beeswarm are materially different modes; contributor, density and geometry claims should not hide behind one cell.",6,0,distribution-discovery; shop-operations; palmer-penguins; box-plot; product-activity; shop-10000,,True,not-tested: navigation blocked,https://github.com/byronwall/explorEDA/blob/362db58082df9c1b57c2305a49823a1dae385081/apps/demo/src/demos/coverage.ts
chart:color-legend,Color Legend view,Chart types,supported,True,0,A dedicated legend view is distinct from automatic chart legends. Continuous-range interaction is not established by displaying a palette.,2,0,nba-stats; box-plot,,True,not-tested: navigation blocked,https://github.com/byronwall/explorEDA/blob/362db58082df9c1b57c2305a49823a1dae385081/apps/demo/src/demos/coverage.ts
chart:line,Line Chart,Chart types,supported,True,0,"The reviewed numeric-day line is not proof of new UTC rollups, long-format category series, area bands or missing-period policy.",5,1,area-charts; calendar-series; product-activity; calculated-orders; shop-10000,product-activity,False,not-tested: navigation blocked,https://github.com/byronwall/explorEDA/blob/362db58082df9c1b57c2305a49823a1dae385081/apps/demo/src/demos/coverage.ts
chart:sankey,Sankey,Chart types,supported,True,0,"Ordered-stage flows are delivered; an edge-list network is not. Check adjacent-stage pairs, stage identity, weight exclusions and Other nodes.",1,0,shop-operations,,True,not-tested: navigation blocked,https://github.com/byronwall/explorEDA/blob/362db58082df9c1b57c2305a49823a1dae385081/apps/demo/src/demos/coverage.ts
chart:parallel-coordinates,Parallel Coordinates,Chart types,supported,True,0,"This closes the earlier parallel-coordinate example gap. Reorder, inversion, brush intersection and complete-row exclusions need browser proof.",1,0,palmer-penguins,,True,not-tested: navigation blocked,https://github.com/byronwall/explorEDA/blob/362db58082df9c1b57c2305a49823a1dae385081/apps/demo/src/demos/coverage.ts
chart:calendar,Calendar,Chart types,supported,True,0,"UTC day/month presentation is delivered. This does not close relative periods, quarter controls or period stepping in generic field filters.",3,0,area-charts; calendar-series; shop-10000,,True,not-tested: navigation blocked,https://github.com/byronwall/explorEDA/blob/362db58082df9c1b57c2305a49823a1dae385081/apps/demo/src/demos/coverage.ts
chart:heatmap,Heatmap,Chart types,supported,True,0,Two-category aggregates are delivered. Correlation and missingness semantics are not supplied merely by a grid of colored cells.,1,0,shop-operations,,True,not-tested: navigation blocked,https://github.com/byronwall/explorEDA/blob/362db58082df9c1b57c2305a49823a1dae385081/apps/demo/src/demos/coverage.ts
chart:ecdf,ECDF,Chart types,supported,True,0,"Distribution thresholds add analytical depth. Check ties, denominator eligibility, both directions and grouped versus overall curves.",1,0,product-activity,,True,not-tested: navigation blocked,https://github.com/byronwall/explorEDA/blob/362db58082df9c1b57c2305a49823a1dae385081/apps/demo/src/demos/coverage.ts
mode:scatter-density,Scatter density,Chart modes,supported,True,0,Rectangular count bins are delivered. They are not hexagonal bins or two-dimensional KDE contours; those are newly planned scatter scope.,1,0,scatter-density,,True,not-tested: navigation blocked,https://github.com/byronwall/explorEDA/blob/362db58082df9c1b57c2305a49823a1dae385081/apps/demo/src/demos/coverage.ts
mode:bubble-scatter,Bubble scatter,Chart modes,supported,True,0,"Numeric size uses an area contract. Check zero, negative/invalid values, full-source stability and source-row selection under overlap.",1,0,bubble-scatter,,True,not-tested: navigation blocked,https://github.com/byronwall/explorEDA/blob/362db58082df9c1b57c2305a49823a1dae385081/apps/demo/src/demos/coverage.ts
mode:area,Area and stacked area,Chart modes,supported,True,0,A combined row hides two geometries. Check missing periods and cumulative bounds; stack averages must remain disallowed.,1,0,area-charts,,True,not-tested: navigation blocked,https://github.com/byronwall/explorEDA/blob/362db58082df9c1b57c2305a49823a1dae385081/apps/demo/src/demos/coverage.ts
mode:stacked-bars,Stacked and percentage bars,Chart modes,supported,True,0,A combined row hides absolute and normalized denominators. Show zero/no rows/no valid measurements separately.,1,0,stacked-bars,,True,not-tested: navigation blocked,https://github.com/byronwall/explorEDA/blob/362db58082df9c1b57c2305a49823a1dae385081/apps/demo/src/demos/coverage.ts
mode:grouped-bars,Grouped bars,Chart modes,supported,True,0,An exact category-series pair is supported. Arbitrary unions of pairs cannot be represented by independent field value sets.,1,0,grouped-bars,,True,not-tested: navigation blocked,https://github.com/byronwall/explorEDA/blob/362db58082df9c1b57c2305a49823a1dae385081/apps/demo/src/demos/coverage.ts
mode:calendar-series,Calendar series,Chart modes,supported,True,0,"Day/week/month grouping, week start, category series and source IDs are a genuine partial closure of line and date intent.",2,0,area-charts; calendar-series,,True,not-tested: navigation blocked,https://github.com/byronwall/explorEDA/blob/362db58082df9c1b57c2305a49823a1dae385081/apps/demo/src/demos/coverage.ts
labels:meaningful-title,Meaningful titles,Labels and guides,supported,True,0,Historical examples have useful questions. No guarantee that every newly created chart or changed metric retains a truthful title.,6,1,shop-operations; nba-stats; categorical-charts; product-activity; shop-10000; lorenz-3d,shop-operations,False,not-tested: navigation blocked,https://github.com/byronwall/explorEDA/blob/362db58082df9c1b57c2305a49823a1dae385081/apps/demo/src/demos/coverage.ts
labels:axes,Axis labels,Labels and guides,supported,True,0,Historical units and names are credited. Add generated-versus-overridden labels and derived units to acceptance criteria.,6,1,shop-operations; nba-stats; categorical-charts; product-activity; shop-10000; lorenz-3d,shop-operations,False,not-tested: navigation blocked,https://github.com/byronwall/explorEDA/blob/362db58082df9c1b57c2305a49823a1dae385081/apps/demo/src/demos/coverage.ts
guides:ticks,Ticks,Labels and guides,supported,True,0,"Reviewed at selected widths; test long labels, date boundaries and facet crowding rather than treating one readable axis as universal.",6,1,shop-operations; nba-stats; categorical-charts; product-activity; shop-10000; lorenz-3d,shop-operations,False,not-tested: navigation blocked,https://github.com/byronwall/explorEDA/blob/362db58082df9c1b57c2305a49823a1dae385081/apps/demo/src/demos/coverage.ts
guides:grids,Grid lines,Labels and guides,supported,True,0,Shown in scatter-trace but not reviewed. Test whether guides aid comparison without covering points or conflicting with facet scale policy.,1,0,scatter-trace,,True,not-tested: navigation blocked,https://github.com/byronwall/explorEDA/blob/362db58082df9c1b57c2305a49823a1dae385081/apps/demo/src/demos/coverage.ts
scale:linear,Linear scale,Scales,supported,True,0,"Numeric-day historical proof is appropriately narrow. Include constant, empty and all-invalid domains in a separate robustness dimension.",2,1,product-activity; lorenz-3d,product-activity,False,not-tested: navigation blocked,https://github.com/byronwall/explorEDA/blob/362db58082df9c1b57c2305a49823a1dae385081/apps/demo/src/demos/coverage.ts
scale:log,Log scale,Scales,not-supported,True,0,Correctly not supported. Symlog is not log. Zero explicit gap strings is not evidence that this unsupported capability is complete.,0,0,,,True,not-tested: navigation blocked,https://github.com/byronwall/explorEDA/blob/362db58082df9c1b57c2305a49823a1dae385081/apps/demo/src/demos/coverage.ts
scale:time,Time scale,Scales,supported,True,0,"New supported contract is specifically UTC Line Chart calendar summaries, not universal time axes across all chart modes.",1,0,calendar-series,,True,not-tested: navigation blocked,https://github.com/byronwall/explorEDA/blob/362db58082df9c1b57c2305a49823a1dae385081/apps/demo/src/demos/coverage.ts
scale:band,Band scale,Scales,supported,True,0,"Historical categorical positions are credited. Typed equal-looking values, ordering and omitted categories still need targeted checks.",1,1,categorical-charts,categorical-charts,False,not-tested: navigation blocked,https://github.com/byronwall/explorEDA/blob/362db58082df9c1b57c2305a49823a1dae385081/apps/demo/src/demos/coverage.ts
scale:symlog,Symmetric log scale,Scales,supported,True,0,"Correctly separated from log. Preserve that distinction in chart copy, exported settings and axis inspection.",2,1,shop-operations; shop-10000,shop-operations,False,not-tested: navigation blocked,https://github.com/byronwall/explorEDA/blob/362db58082df9c1b57c2305a49823a1dae385081/apps/demo/src/demos/coverage.ts
color:categorical,Categorical color,Color,supported,True,0,"Shared categorical colors have historical proof. Add typed keys, missing groups, source-field binding and rename consistency.",5,2,shop-operations; palmer-penguins; nba-stats; categorical-charts; scatter-trace,shop-operations; nba-stats,False,not-tested: navigation blocked,https://github.com/byronwall/explorEDA/blob/362db58082df9c1b57c2305a49823a1dae385081/apps/demo/src/demos/coverage.ts
color:numerical,Numerical color,Color,supported,True,0,"Historical Lorenz visibility is evidence for that palette and background, not for all domains or accessible continuous legends.",2,1,box-plot; lorenz-3d,lorenz-3d,False,not-tested: navigation blocked,https://github.com/byronwall/explorEDA/blob/362db58082df9c1b57c2305a49823a1dae385081/apps/demo/src/demos/coverage.ts
color:legend,Legends,Color,supported,True,0,Historical categories are named. The description every non-obvious encoding is broader than the finite set of reviewed examples.,5,2,shop-operations; nba-stats; box-plot; product-activity; scatter-trace,shop-operations; nba-stats,False,not-tested: navigation blocked,https://github.com/byronwall/explorEDA/blob/362db58082df9c1b57c2305a49823a1dae385081/apps/demo/src/demos/coverage.ts
facet:wrap,Wrap facets,Facets,supported,True,0,"Historical Lorenz layout is credited. Add ordered visibility, paging, focus and keyboard header actions; do not require all 18 types to facet.",3,1,calculated-orders; shop-10000; lorenz-3d,lorenz-3d,False,not-tested: navigation blocked,https://github.com/byronwall/explorEDA/blob/362db58082df9c1b57c2305a49823a1dae385081/apps/demo/src/demos/coverage.ts
facet:grid,Grid facets,Facets,supported,True,0,"Historical material-by-size layout is credited. Add empty cells, typed tuples, field changes and interaction scope.",1,1,categorical-charts,categorical-charts,False,not-tested: navigation blocked,https://github.com/byronwall/explorEDA/blob/362db58082df9c1b57c2305a49823a1dae385081/apps/demo/src/demos/coverage.ts
facet:shared-scales,Shared scales,Facets,supported,True,0,"One matching-tick comparison does not establish all field/type/scale combinations. Include position, color and size contracts.",1,1,shop-10000,shop-10000,False,not-tested: navigation blocked,https://github.com/byronwall/explorEDA/blob/362db58082df9c1b57c2305a49823a1dae385081/apps/demo/src/demos/coverage.ts
interaction:brushing,Brushing,Interaction,supported,True,0,"A historical range brush is checked. New density, parallel, time and stacked modes need their own filter-semantic checks.",4,1,palmer-penguins; box-plot; scatter-trace; lorenz-3d,lorenz-3d,False,not-tested: navigation blocked,https://github.com/byronwall/explorEDA/blob/362db58082df9c1b57c2305a49823a1dae385081/apps/demo/src/demos/coverage.ts
interaction:cross-filter,Cross-chart filtering,Interaction,supported,True,0,Web 167/500 and Lorenz historical counts are valuable oracles. Waived new cross-view comparisons remain unverified.,13,2,distribution-discovery; region-map; point-map; scatter-density; bubble-scatter; area-charts; stacked-bars; grouped-bars; calendar-series; shop-operations; palmer-penguins; scatter-trace; lorenz-3d,shop-operations; lorenz-3d,False,not-tested: navigation blocked,https://github.com/byronwall/explorEDA/blob/362db58082df9c1b57c2305a49823a1dae385081/apps/demo/src/demos/coverage.ts
interaction:active-filter,Active filter display,Interaction,supported,True,0,Owner navigation and highlighting are now active source behavior; the old reviewed Sports chip alone does not prove the new focus path.,1,1,categorical-charts,categorical-charts,False,not-tested: navigation blocked,https://github.com/byronwall/explorEDA/blob/362db58082df9c1b57c2305a49823a1dae385081/apps/demo/src/demos/coverage.ts
interaction:saved-filter-state,Saved filter state,Interaction,supported,True,0,The declared intent is opening a preset example. Rename or split it so it cannot be mistaken for edited-state export and restore.,1,1,lorenz-3d,lorenz-3d,False,not-tested: navigation blocked,https://github.com/byronwall/explorEDA/blob/362db58082df9c1b57c2305a49823a1dae385081/apps/demo/src/demos/coverage.ts
table:sorting,Table sorting,Tables,supported,True,0,Clear sort now exists in the context menu. Header clicks still toggle asc/desc; record outcome support separately from a preferred three-state gesture.,2,1,nba-stats; categorical-charts,nba-stats,False,not-tested: navigation blocked,https://github.com/byronwall/explorEDA/blob/362db58082df9c1b57c2305a49823a1dae385081/apps/demo/src/demos/coverage.ts
table:filtering,Table filtering,Tables,supported,True,0,Text search and a reversible empty result have historical proof. Add typed cell filters and local Rows versus chart-owned scopes.,1,1,categorical-charts,categorical-charts,False,not-tested: navigation blocked,https://github.com/byronwall/explorEDA/blob/362db58082df9c1b57c2305a49823a1dae385081/apps/demo/src/demos/coverage.ts
table:virtualization,Virtual table scrolling,Tables,supported,True,0,"Explicitly not covered by the October 2 table review. A shown 10,000-row example is not scroll, memory or screen-reader proof.",2,0,nba-stats; shop-10000,,True,not-tested: navigation blocked,https://github.com/byronwall/explorEDA/blob/362db58082df9c1b57c2305a49823a1dae385081/apps/demo/src/demos/coverage.ts
table:formatting,Table formatting,Tables,supported,True,0,"Historical grouped PTS values are narrower than the broad label. Add precision, currency, count units, aliases and exact-bound disclosure.",1,1,nba-stats,nba-stats,False,not-tested: navigation blocked,https://github.com/byronwall/explorEDA/blob/362db58082df9c1b57c2305a49823a1dae385081/apps/demo/src/demos/coverage.ts
layout:dashboard,Dashboard layout,Layout,supported,True,0,"Readability is historically checked; duplicate filter ownership, resize persistence and focused-view restoration are separate outcomes.",5,1,shop-operations; palmer-penguins; scatter-trace; shop-10000; lorenz-3d,shop-operations,False,not-tested: navigation blocked,https://github.com/byronwall/explorEDA/blob/362db58082df9c1b57c2305a49823a1dae385081/apps/demo/src/demos/coverage.ts
state:empty,Empty state,States,supported,True,0,"One unmatched search is reviewed. Add empty chart inputs, zero-valued groups, invalid measures, absent dates and unmatched map regions.",1,1,categorical-charts,categorical-charts,False,not-tested: navigation blocked,https://github.com/byronwall/explorEDA/blob/362db58082df9c1b57c2305a49823a1dae385081/apps/demo/src/demos/coverage.ts
state:invalid,Invalid state,States,supported,True,0,Invalid formula syntax is reviewed. It does not prove transactional rejection of malformed full-analysis imports or every new chart setting.,1,1,calculated-orders,calculated-orders,False,not-tested: navigation blocked,https://github.com/byronwall/explorEDA/blob/362db58082df9c1b57c2305a49823a1dae385081/apps/demo/src/demos/coverage.ts
accessibility:naming,Accessibility naming,Accessibility,supported,True,0,"Keep the narrow label. Useful names do not establish keyboard equivalence, screen-reader semantics or accessible Canvas/WebGL marks.",6,4,shop-operations; nba-stats; categorical-charts; product-activity; shop-10000; lorenz-3d,shop-operations; nba-stats; categorical-charts; lorenz-3d,False,not-tested: navigation blocked,https://github.com/byronwall/explorEDA/blob/362db58082df9c1b57c2305a49823a1dae385081/apps/demo/src/demos/coverage.ts
responsive:desktop-resize,Desktop resize,Responsive behavior,supported,True,0,Historical 1280/1024 checks support selected layouts. Narrow checks do not change the declared 1024 CSS-pixel workspace minimum.,1,1,shop-operations,shop-operations,False,not-tested: navigation blocked,https://github.com/byronwall/explorEDA/blob/362db58082df9c1b57c2305a49823a1dae385081/apps/demo/src/demos/coverage.ts
