feature_id,distribution-discovery,region-map,point-map,scatter-density,bubble-scatter,area-charts,stacked-bars,grouped-bars,calendar-series,shop-operations,palmer-penguins,nba-stats,categorical-charts,box-plot,product-activity,scatter-trace,calculated-orders,shop-10000,lorenz-3d
chart:map,not-used,shown,shown,not-used,not-used,not-used,not-used,not-used,not-used,not-used,not-used,not-used,not-used,not-used,not-used,not-used,not-used,not-used,not-used
chart:metric-card,shown,shown,shown,shown,shown,shown,shown,shown,shown,shown,not-used,not-used,not-used,not-used,not-used,not-used,not-used,not-used,not-used
chart:row,shown,not-used,not-used,not-used,shown,shown,shown,shown,shown,shown,shown,not-used,shown,not-used,shown,shown,shown,shown,not-used
chart:bar,shown,not-used,shown,shown,not-used,not-used,shown,shown,not-used,shown,shown,not-used,not-used,shown,shown,not-used,shown,shown,not-used
chart:scatter,not-used,not-used,not-used,shown,shown,not-used,not-used,not-used,not-used,reviewed,shown,shown,not-used,shown,shown,shown,shown,shown,reviewed
chart:3d-scatter,not-used,not-used,not-used,not-used,not-used,not-used,not-used,not-used,not-used,not-used,not-used,not-used,not-used,not-used,not-used,not-used,not-used,not-used,reviewed
chart:pivot,not-used,shown,not-used,not-used,not-used,not-used,not-used,not-used,not-used,not-used,not-used,reviewed,shown,not-used,not-used,not-used,shown,not-used,not-used
chart:data-table,shown,shown,shown,shown,shown,shown,shown,shown,shown,shown,shown,reviewed,shown,not-used,shown,shown,shown,shown,not-used
chart:summary,not-used,not-used,not-used,not-used,not-used,not-used,not-used,not-used,not-used,not-used,not-used,reviewed,not-used,shown,not-used,not-used,not-used,not-used,not-used
chart:markdown,not-used,not-used,not-used,not-used,not-used,not-used,not-used,not-used,not-used,not-used,not-used,not-used,not-used,not-used,not-used,shown,shown,not-used,shown
chart:boxplot,shown,not-used,not-used,not-used,not-used,not-used,not-used,not-used,not-used,shown,shown,not-used,not-used,shown,shown,not-used,not-used,shown,not-used
chart:color-legend,not-used,not-used,not-used,not-used,not-used,not-used,not-used,not-used,not-used,not-used,not-used,shown,not-used,shown,not-used,not-used,not-used,not-used,not-used
chart:line,not-used,not-used,not-used,not-used,not-used,shown,not-used,not-used,shown,not-used,not-used,not-used,not-used,not-used,reviewed,not-used,shown,shown,not-used
chart:sankey,not-used,not-used,not-used,not-used,not-used,not-used,not-used,not-used,not-used,shown,not-used,not-used,not-used,not-used,not-used,not-used,not-used,not-used,not-used
chart:parallel-coordinates,not-used,not-used,not-used,not-used,not-used,not-used,not-used,not-used,not-used,not-used,shown,not-used,not-used,not-used,not-used,not-used,not-used,not-used,not-used
chart:calendar,not-used,not-used,not-used,not-used,not-used,shown,not-used,not-used,shown,not-used,not-used,not-used,not-used,not-used,not-used,not-used,not-used,shown,not-used
chart:heatmap,not-used,not-used,not-used,not-used,not-used,not-used,not-used,not-used,not-used,shown,not-used,not-used,not-used,not-used,not-used,not-used,not-used,not-used,not-used
chart:ecdf,not-used,not-used,not-used,not-used,not-used,not-used,not-used,not-used,not-used,not-used,not-used,not-used,not-used,not-used,shown,not-used,not-used,not-used,not-used
mode:scatter-density,not-used,not-used,not-used,shown,not-used,not-used,not-used,not-used,not-used,not-used,not-used,not-used,not-used,not-used,not-used,not-used,not-used,not-used,not-used
mode:bubble-scatter,not-used,not-used,not-used,not-used,shown,not-used,not-used,not-used,not-used,not-used,not-used,not-used,not-used,not-used,not-used,not-used,not-used,not-used,not-used
mode:area,not-used,not-used,not-used,not-used,not-used,shown,not-used,not-used,not-used,not-used,not-used,not-used,not-used,not-used,not-used,not-used,not-used,not-used,not-used
mode:stacked-bars,not-used,not-used,not-used,not-used,not-used,not-used,shown,not-used,not-used,not-used,not-used,not-used,not-used,not-used,not-used,not-used,not-used,not-used,not-used
mode:grouped-bars,not-used,not-used,not-used,not-used,not-used,not-used,not-used,shown,not-used,not-used,not-used,not-used,not-used,not-used,not-used,not-used,not-used,not-used,not-used
mode:calendar-series,not-used,not-used,not-used,not-used,not-used,shown,not-used,not-used,shown,not-used,not-used,not-used,not-used,not-used,not-used,not-used,not-used,not-used,not-used
labels:meaningful-title,not-used,not-used,not-used,not-used,not-used,not-used,not-used,not-used,not-used,reviewed,not-used,shown,shown,not-used,shown,not-used,not-used,shown,shown
labels:axes,not-used,not-used,not-used,not-used,not-used,not-used,not-used,not-used,not-used,reviewed,not-used,shown,shown,not-used,shown,not-used,not-used,shown,shown
guides:ticks,not-used,not-used,not-used,not-used,not-used,not-used,not-used,not-used,not-used,reviewed,not-used,shown,shown,not-used,shown,not-used,not-used,shown,shown
guides:grids,not-used,not-used,not-used,not-used,not-used,not-used,not-used,not-used,not-used,not-used,not-used,not-used,not-used,not-used,not-used,shown,not-used,not-used,not-used
scale:linear,not-used,not-used,not-used,not-used,not-used,not-used,not-used,not-used,not-used,not-used,not-used,not-used,not-used,not-used,reviewed,not-used,not-used,not-used,shown
scale:log,not-used,not-used,not-used,not-used,not-used,not-used,not-used,not-used,not-used,not-used,not-used,not-used,not-used,not-used,not-used,not-used,not-used,not-used,not-used
scale:time,not-used,not-used,not-used,not-used,not-used,not-used,not-used,not-used,shown,not-used,not-used,not-used,not-used,not-used,not-used,not-used,not-used,not-used,not-used
scale:band,not-used,not-used,not-used,not-used,not-used,not-used,not-used,not-used,not-used,not-used,not-used,not-used,reviewed,not-used,not-used,not-used,not-used,not-used,not-used
scale:symlog,not-used,not-used,not-used,not-used,not-used,not-used,not-used,not-used,not-used,reviewed,not-used,not-used,not-used,not-used,not-used,not-used,not-used,shown,not-used
color:categorical,not-used,not-used,not-used,not-used,not-used,not-used,not-used,not-used,not-used,reviewed,shown,reviewed,shown,not-used,not-used,shown,not-used,not-used,not-used
color:numerical,not-used,not-used,not-used,not-used,not-used,not-used,not-used,not-used,not-used,not-used,not-used,not-used,not-used,shown,not-used,not-used,not-used,not-used,reviewed
color:legend,not-used,not-used,not-used,not-used,not-used,not-used,not-used,not-used,not-used,reviewed,not-used,reviewed,not-used,shown,shown,shown,not-used,not-used,not-used
facet:wrap,not-used,not-used,not-used,not-used,not-used,not-used,not-used,not-used,not-used,not-used,not-used,not-used,not-used,not-used,not-used,not-used,shown,shown,reviewed
facet:grid,not-used,not-used,not-used,not-used,not-used,not-used,not-used,not-used,not-used,not-used,not-used,not-used,reviewed,not-used,not-used,not-used,not-used,not-used,not-used
facet:shared-scales,not-used,not-used,not-used,not-used,not-used,not-used,not-used,not-used,not-used,not-used,not-used,not-used,not-used,not-used,not-used,not-used,not-used,reviewed,not-used
interaction:brushing,not-used,not-used,not-used,not-used,not-used,not-used,not-used,not-used,not-used,not-used,shown,not-used,not-used,shown,not-used,shown,not-used,not-used,reviewed
interaction:cross-filter,shown,shown,shown,shown,shown,shown,shown,shown,shown,reviewed,shown,not-used,not-used,not-used,not-used,shown,not-used,not-used,reviewed
interaction:active-filter,not-used,not-used,not-used,not-used,not-used,not-used,not-used,not-used,not-used,not-used,not-used,not-used,reviewed,not-used,not-used,not-used,not-used,not-used,not-used
interaction:saved-filter-state,not-used,not-used,not-used,not-used,not-used,not-used,not-used,not-used,not-used,not-used,not-used,not-used,not-used,not-used,not-used,not-used,not-used,not-used,reviewed
table:sorting,not-used,not-used,not-used,not-used,not-used,not-used,not-used,not-used,not-used,not-used,not-used,reviewed,shown,not-used,not-used,not-used,not-used,not-used,not-used
table:filtering,not-used,not-used,not-used,not-used,not-used,not-used,not-used,not-used,not-used,not-used,not-used,not-used,reviewed,not-used,not-used,not-used,not-used,not-used,not-used
table:virtualization,not-used,not-used,not-used,not-used,not-used,not-used,not-used,not-used,not-used,not-used,not-used,shown,not-used,not-used,not-used,not-used,not-used,shown,not-used
table:formatting,not-used,not-used,not-used,not-used,not-used,not-used,not-used,not-used,not-used,not-used,not-used,reviewed,not-used,not-used,not-used,not-used,not-used,not-used,not-used
layout:dashboard,not-used,not-used,not-used,not-used,not-used,not-used,not-used,not-used,not-used,reviewed,shown,not-used,not-used,not-used,not-used,shown,not-used,shown,shown
state:empty,not-used,not-used,not-used,not-used,not-used,not-used,not-used,not-used,not-used,not-used,not-used,not-used,reviewed,not-used,not-used,not-used,not-used,not-used,not-used
state:invalid,not-used,not-used,not-used,not-used,not-used,not-used,not-used,not-used,not-used,not-used,not-used,not-used,not-used,not-used,not-used,not-used,reviewed,not-used,not-used
accessibility:naming,not-used,not-used,not-used,not-used,not-used,not-used,not-used,not-used,not-used,reviewed,not-used,reviewed,reviewed,not-used,shown,not-used,not-used,shown,reviewed
responsive:desktop-resize,not-used,not-used,not-used,not-used,not-used,not-used,not-used,not-used,not-used,reviewed,not-used,not-used,not-used,not-used,not-used,not-used,not-used,not-used,not-used
