requirement_id,intent_strength,proposed_priority,change_from_old_report,desired_outcome,current_evidence_based_assessment,remaining_boundary_or_proof_gap,source_ids,suggested_browser_scenarios,current_browser_verification,revision,evidence_scope
DATA-01,Core,P2,Stable partial,Load an unknown table and begin useful inspection,"One in-memory scalar table through host rows, CSV or flattened JSON; data import and full-analysis reopen are wired in the host.",No import-time schema preflight; flattening does not preserve rich collections as semantic cells.,T01 T09 T13 INV HOST,BT01 BT22,not-tested: administrator blocks all navigation,362db58082df9c1b57c2305a49823a1dae385081,"Direct-source where linked; otherwise repository-reported implementation, not independently runtime-confirmed"
DATA-02,Core,P1,Expanded,"Know field types, missingness and distributions before charting",Profiles and inspectors are joined by inline header distributions. DataTable defaults distributions on and Rows always shows them.,Do not keep the old no-inline-distribution claim. Population scope and all-invalid/constant-field behavior need current browser proof.,T02 T09 T13 TABLE THDR NUM,BT01 BT02 BT03,not-tested: administrator blocks all navigation,362db58082df9c1b57c2305a49823a1dae385081,"Direct-source where linked; otherwise repository-reported implementation, not independently runtime-confirmed"
DATA-03,Specific,P2,Stable partial,Correct inference without losing source values,"The inventory describes type overrides, null tokens, date presets, preview and Apply with raw rows preserved.",Import-time preview and durable source-schema binding are separate gaps; re-test conversions and dependent filters rather than infer correctness from settings existence.,T09 INV BASE,BT02 BT22,not-tested: administrator blocks all navigation,362db58082df9c1b57c2305a49823a1dae385081,"Direct-source where linked; otherwise repository-reported implementation, not independently runtime-confirmed"
DATA-04,Core,P2,Still limited,Know source identity and the grain of one record,Raw/effective rows and positional __ID support inspection within a loaded snapshot.,"No durable source key, row-grain description, source fingerprint/version or recorded flattening lineage is established. Reordering can change identity.",T11 T13 T15 INV,BT23,not-tested: administrator blocks all navigation,362db58082df9c1b57c2305a49823a1dae385081,"Direct-source where linked; otherwise repository-reported implementation, not independently runtime-confirmed"
DATA-05,Core / parked,P3,Still outside slice,Analyze related tables at their correct grain,One analytical source table remains the declared workspace boundary. Region Map joins that table to geometry.,"Geometry joins are not a general multi-source catalogue, relational joins, key diagnostics or analysis-grain selection.",T11 T13 T15 INV CHART,BT30,not-tested: administrator blocks all navigation,362db58082df9c1b57c2305a49823a1dae385081,"Direct-source where linked; otherwise repository-reported implementation, not independently runtime-confirmed"
DATA-06,Core / remote scope parked,P2,Stable partial,"Distinguish available, loaded and visible data","Full loaded, globally filtered and peer-filtered populations are described and counts are exposed.","No remote available population or stable working-set layer. All source means the loaded in-memory source, not all possible records.",T12 T13 INV FILTER,BT03 BT11,not-tested: administrator blocks all navigation,362db58082df9c1b57c2305a49823a1dae385081,"Direct-source where linked; otherwise repository-reported implementation, not independently runtime-confirmed"
DATA-07,Candidate / parked,P3,Not found in reviewed scope,Load only needed fields and records while exposing availability,The host fetches whole examples and accepts complete local data arrays.,"No dependency-driven projection, server aggregation pushdown or incremental loading protocol is established.",T13 INV HOST,BT31,not-tested: administrator blocks all navigation,362db58082df9c1b57c2305a49823a1dae385081,"Direct-source where linked; otherwise repository-reported implementation, not independently runtime-confirmed"
DATA-08,Core / architecture open,P2,Expanded but not generalized,Reuse named transformed tables as analytical inputs,Named grouped summaries provide a reusable definition. Many newer chart transforms retain contributor information.,"Traceable internal arrays and shared reducers are not arbitrary named, composable intermediate sources. Pivot/model output reuse remains a distinct extension.",T11 T13 T15 T16 T17 INV CHART ROLL,BT19 BT26,not-tested: administrator blocks all navigation,362db58082df9c1b57c2305a49823a1dae385081,"Direct-source where linked; otherwise repository-reported implementation, not independently runtime-confirmed"
DATA-09,Specific,P3,Still limited,Find observations that should exist but are absent,Existing profiles identify missing cells in present records; time views can reveal empty periods visually.,"Expected key sets, sampling plans and missing-observation reconciliation are not established. A blank cell and an absent record have different denominators.",T13 INV CHART,BT32,not-tested: administrator blocks all navigation,362db58082df9c1b57c2305a49823a1dae385081,"Direct-source where linked; otherwise repository-reported implementation, not independently runtime-confirmed"
DASH-01,Core,P2,Expanded,Create useful views with few choices,"The inventory describes a floating Fields list with F shortcut, quick distributions, field-to-chart actions and menu/drag assignment.",Default role selection and eligibility explanations remain uneven; no evidence that every two-field action chooses the intended analytical grain.,T09 T12 T13 INV,BT01 BT17,not-tested: administrator blocks all navigation,362db58082df9c1b57c2305a49823a1dae385081,"Direct-source where linked; otherwise repository-reported implementation, not independently runtime-confirmed"
DASH-02,Specific,P3,Still limited,Keep several named analyses without losing state,"Charts, Rows and Calculations are modes within one workspace, with panel state retained.","These are not named dashboard tabs, independent analysis sessions, dirty-state indicators or navigation history.",T12 INV HOST,BT22,not-tested: administrator blocks all navigation,362db58082df9c1b57c2305a49823a1dae385081,"Direct-source where linked; otherwise repository-reported implementation, not independently runtime-confirmed"
DASH-03,Core,P1,Implemented slice,Preserve meaningful applied configuration,"Settings/full-analysis JSON, applied formulas, layout, field settings and Rows settings are described; the host captures emitted state.","Draft formulas remain local. Source rows belong to the full bundle, not settings-only JSON. New modes and geometry assets need current end-to-end roundtrip proof.",T08 T12 INV HOST CHART,BT22 BT29,not-tested: administrator blocks all navigation,362db58082df9c1b57c2305a49823a1dae385081,"Direct-source where linked; otherwise repository-reported implementation, not independently runtime-confirmed"
DASH-04,Core,P1,Implemented slice,Save and reopen an analysis,The host parses and validates full-analysis JSON before replacing data and settings; settings-only restore is the embedding path.,"Manual JSON restore is not durable named storage, autosave or recovery after closing the browser. Keep the host/package ownership distinction.",T08 HOST INV,BT22,not-tested: administrator blocks all navigation,362db58082df9c1b57c2305a49823a1dae385081,"Direct-source where linked; otherwise repository-reported implementation, not independently runtime-confirmed"
DASH-05,Candidate,P3,Still limited,Share small states by URL and organize larger saved views,URLs select examples; storage-neutral package state can be owned by a host.,Live layout/filter state is not shown as a shareable URL contract. Dataset/project ownership and named view catalogues remain outside the reviewed host.,T08 HOST INV,BT22,not-tested: administrator blocks all navigation,362db58082df9c1b57c2305a49823a1dae385081,"Direct-source where linked; otherwise repository-reported implementation, not independently runtime-confirmed"
DASH-06,Specific / candidate,P2,Still limited,Separate saved layout from temporary selection and recover decisions,Applied filters are included in saved chart settings.,"No explicit filter-free template save, workspace undo, checkpoint history or restored-state diff is established.",T08 T12 INV BASE CHART,BT22 BT33,not-tested: administrator blocks all navigation,362db58082df9c1b57c2305a49823a1dae385081,"Direct-source where linked; otherwise repository-reported implementation, not independently runtime-confirmed"
DASH-07,Core preference,P2,Expanded partial,Edit near the result and judge changes,Field distributions and typed table controls are near the data; calculation and field inspectors have draft previews.,General chart settings and advanced model/density controls do not have a uniform live editing contract. Planned DSL authoring does not count as delivered editing.,T08 T17 TABLE THDR INV PLAN,BT02 BT18,not-tested: administrator blocks all navigation,362db58082df9c1b57c2305a49823a1dae385081,"Direct-source where linked; otherwise repository-reported implementation, not independently runtime-confirmed"
DASH-08,Core,P2,Expanded partial,Rearrange and focus a dashboard without losing meaning,"Panels move, resize, duplicate and expand; facets have focus/paging; filter owners now have navigation/highlighting.",Per-facet pinning and clear duplicate-filter ownership remain separate concerns. Current focus/scroll geometry has not been browser-verified here.,T12 T14 INV FILTER PLOT,BT11 BT17,not-tested: administrator blocks all navigation,362db58082df9c1b57c2305a49823a1dae385081,"Direct-source where linked; otherwise repository-reported implementation, not independently runtime-confirmed"
FILT-01,Core,P1,Expanded partial,Explain exactly which population a view represents,"Active counts, local Rows/search labels and owner navigation are active. Chart traces describe additional populations and exclusions.",No universal row-exclusion explanation or ordered filter funnel is established. Peer-filtered mark totals can legitimately differ from global row totals.,T06 T12 FILTER INV CHART,BT03 BT11,not-tested: administrator blocks all navigation,362db58082df9c1b57c2305a49823a1dae385081,"Direct-source where linked; otherwise repository-reported implementation, not independently runtime-confirmed"
FILT-02,Core,P1,Implemented slice,"Compose filters predictably, including the same field twice",The workspace model intersects independent chart predicates; selected categorical pairs are two intersected field filters.,"Arbitrary unions of category pairs need pair predicates, not independent lists. Effective intersection counts and contradiction explanations remain verification/product gaps.",T12 INV CHART,BT03 BT07 BT11,not-tested: administrator blocks all navigation,362db58082df9c1b57c2305a49823a1dae385081,"Direct-source where linked; otherwise repository-reported implementation, not independently runtime-confirmed"
FILT-03,Specific,P1,Old gap substantially closed,Find the chart that owns an active filter,"FilterChip labels invoke onShowChart, pointer/focus invokes highlight, and PlotManager wires the callback in Charts and Rows. X alone removes the filter.","Do not build a second jump-to-owner feature. Prove focus, overflow popovers, expanded panels and keyboard navigation in the real browser.",T12 FILTER PLOT,BT11,not-tested: administrator blocks all navigation,362db58082df9c1b57c2305a49823a1dae385081,"Direct-source where linked; otherwise repository-reported implementation, not independently runtime-confirmed"
FILT-04,Core,P1,Implemented slice,Reset the current loaded-data subset reliably,"Clear all is wired to the provider and explicitly labels chart filters, table searches and Rows filters.",Reset is scoped to loaded data; it is not a reset of a future remote working set. Verify all scopes and new chart predicates together.,T06 T12 FILTER BASE,BT03 BT11,not-tested: administrator blocks all navigation,362db58082df9c1b57c2305a49823a1dae385081,"Direct-source where linked; otherwise repository-reported implementation, not independently runtime-confirmed"
FILT-05,Candidate / parked,P3,Still outside slice,Keep persistent base constraints and independent filter groups,Independent workspace instances are a host composition option.,No in-workspace filter islands or stable base-filter layer is established. Do not interpret peer filtering as independent filter groups.,T12 T15 INV,BT31,not-tested: administrator blocks all navigation,362db58082df9c1b57c2305a49823a1dae385081,"Direct-source where linked; otherwise repository-reported implementation, not independently runtime-confirmed"
FILT-06,Core,P2,Expanded partial,Combine graphical ranges with exact input,"Range settings, typed column controls and exact-bound disclosure in filter tooltips are present; numeric cell menus create exact or one-sided filters.",Not every brush has adjacent manual inputs. Display rounding and exact comparison need a documented common contract.,T06 T12 FILTER THDR TMENU,BT03 BT04,not-tested: administrator blocks all navigation,362db58082df9c1b57c2305a49823a1dae385081,"Direct-source where linked; otherwise repository-reported implementation, not independently runtime-confirmed"
FILT-07,Specific,P2,Expanded partial,Express unbounded threshold selections,Filter labels and numeric cell actions support at-or-above/at-or-below intervals with omitted bounds.,A one-sided filter control is not evidence that dragging to a brush edge saves an unbounded interval that remains open after new data arrives.,T06 FILTER TMENU BASE,BT04,not-tested: administrator blocks all navigation,362db58082df9c1b57c2305a49823a1dae385081,"Direct-source where linked; otherwise repository-reported implementation, not independently runtime-confirmed"
FILT-08,Core,P1,Old gap materially reduced,"Reach rare, missing and equal-looking category values","Row charts now expose searchable/paged Other members and select actual typed values, not a displayed Other label.","Prove stable saved membership after resize, rank changes and restore. This does not establish one universal category picker across all controls.",T06 T09 CHART NUM,BT05 BT07,not-tested: administrator blocks all navigation,362db58082df9c1b57c2305a49823a1dae385081,"Direct-source where linked; otherwise repository-reported implementation, not independently runtime-confirmed"
FILT-09,Core,P2,Stable partial,Search intended values and explain each match,Table search and calculated-value resolution exist. The old analysis says hidden fields participate.,Visible-only scope and match highlighting are not established in the reviewed paths. Recheck the actual search helper before treating absence as a confirmed defect.,T06 T09 BASE TABLE INV,BT06,not-tested: administrator blocks all navigation,362db58082df9c1b57c2305a49823a1dae385081,"Direct-source where linked; otherwise repository-reported implementation, not independently runtime-confirmed"
FILT-10,Candidate,P3,Not found / optional,Provide richer queries without harming simple search,Substring and typed controls form the baseline.,"Fuzzy matching, token queries and a unified language remain optional design choices, not necessary failures of the scalar explorer.",T06 T09 BASE INV,BT06,not-tested: administrator blocks all navigation,362db58082df9c1b57c2305a49823a1dae385081,"Direct-source where linked; otherwise repository-reported implementation, not independently runtime-confirmed"
FILT-11,Core,P2,Expanded partial,Select dates with explicit calendar semantics,"UTC daily Calendar views, day/week/month line rollups, period/series selection and date controls now exist.","Relative rolling versus completed periods, quarter/year presets and calendar stepping are not supplied by those additions. Freeze or encode the reference time for any future relative filter.",T07 CHART ROLL,BT08 BT09,not-tested: administrator blocks all navigation,362db58082df9c1b57c2305a49823a1dae385081,"Direct-source where linked; otherwise repository-reported implementation, not independently runtime-confirmed"
FILT-12,Specific / candidate,P1,Expanded,Use distributions to guide filters,"Inline table/header graphics, field inspection and Calendar views provide substantial distribution-guided interaction. Re-clicking a header mark can clear its filter.",No-inline-histogram is stale. More domain-specific natural-break or calendar-density pickers remain narrower optional scope; verify population counts now.,T06 T07 TABLE THDR CHART,BT02 BT03 BT08,not-tested: administrator blocks all navigation,362db58082df9c1b57c2305a49823a1dae385081,"Direct-source where linked; otherwise repository-reported implementation, not independently runtime-confirmed"
TABLE-01,Core,P1,Old gap substantially closed,"Hide, recover and reorder columns","The active table mounts a header drag hook and context menu with hide, show hidden, move left/right/first and selected-column settings.",Named column sets and broader durable view ownership remain absent from the reviewed slice. Keyboard access and width/order restore require current proof.,T02 TABLE THDR TMENU,BT12 BT22,not-tested: administrator blocks all navigation,362db58082df9c1b57c2305a49823a1dae385081,"Direct-source where linked; otherwise repository-reported implementation, not independently runtime-confirmed"
TABLE-02,Core,P2,Expanded partial,Choose useful widths and adjust them quickly,"Name-based default width, pointer resize, keyboard resize and Reset width are active.","No content-aware auto-fit or double-click fit is present in the reviewed header/menu paths. Reset width returns a name-based default, not a content fit.",T02 TABLE THDR TMENU,BT12,not-tested: administrator blocks all navigation,362db58082df9c1b57c2305a49823a1dae385081,"Direct-source where linked; otherwise repository-reported implementation, not independently runtime-confirmed"
TABLE-03,Core,P2,Outcome mostly closed; gesture differs,Sort correctly and return to source order,Clear sort is active in the context menu. The header itself toggles ascending/descending. Natural sorting is described in the inventory.,Do not say source-order reset is missing. A third header-click reset remains a preference gap; null ordering and natural-order accuracy need independent fixture proof.,T09 THDR TMENU INV,BT12,not-tested: administrator blocks all navigation,362db58082df9c1b57c2305a49823a1dae385081,"Direct-source where linked; otherwise repository-reported implementation, not independently runtime-confirmed"
TABLE-04,Core,P2,Implemented slice,Use readable aliases while preserving canonical names,Field settings provide display labels/descriptions and filter chips use shared labels.,"Automatic prefix cleanup and alias history are optional follow-ups; verify header, copied canonical names and exported field identity remain distinct.",T02 T09 FILTER TMENU INV,BT02 BT12,not-tested: administrator blocks all navigation,362db58082df9c1b57c2305a49823a1dae385081,"Direct-source where linked; otherwise repository-reported implementation, not independently runtime-confirmed"
TABLE-05,Core,P1,Expanded partial,Keep display formatting consistent and analytically truthful,"Shared chip formatting includes extra exact-bound disclosure; R19 is recorded fixed for details, counts and variance units.","Do not repeat the old currency-count bug as current fact. Test axes, new trace dialogs and every aggregate's units; a single table example is insufficient.",T02 T08 T09 FILTER BASE INV,BT02 BT07 BT18,not-tested: administrator blocks all navigation,362db58082df9c1b57c2305a49823a1dae385081,"Direct-source where linked; otherwise repository-reported implementation, not independently runtime-confirmed"
TABLE-06,Specific,P2,Still limited,Read long and structured text without losing meaning,Compact scalar cells and raw-value access are described; copy-value and copy-row actions now exist.,"Wrapping, chosen truncation side, code/newline presentation, persistent row detail and configurable row heights are not established. Copying is not rich in-place reading.",T04 TMENU INV BASE,BT13,not-tested: administrator blocks all navigation,362db58082df9c1b57c2305a49823a1dae385081,"Direct-source where linked; otherwise repository-reported implementation, not independently runtime-confirmed"
TABLE-07,Specific / parked,P3,Still outside scalar slice,"Render tag collections, images, histories and related records",The declared data model remains scalar; JSON flattens nested objects/arrays.,No typed rich-cell extension contract is established. Indexed tag columns do not preserve a collection as one semantic field.,T04 T05 INV,BT13 BT30,not-tested: administrator blocks all navigation,362db58082df9c1b57c2305a49823a1dae385081,"Direct-source where linked; otherwise repository-reported implementation, not independently runtime-confirmed"
TABLE-08,Candidate,P3,Not found in reviewed scope,Adapt to a small number of records or very wide records,The table remains the common record presentation.,"Transpose, record cards and automatic small-record layouts are not established. A generic templating DSL is neither a prerequisite nor a delivered substitute.",T01 T19 INV PLAN,BT13,not-tested: administrator blocks all navigation,362db58082df9c1b57c2305a49823a1dae385081,"Direct-source where linked; otherwise repository-reported implementation, not independently runtime-confirmed"
TABLE-09,Specific,P3,Not found in reviewed scope,Bookmark records or retain interesting cohorts,Active chart filters can describe a temporary subset and saved JSON can retain them.,"Stable row bookmarks, tags and a named cohort collection are not established. Durable source identity is a dependency, not a reason to add a bookmark icon alone.",T01 T08 INV,BT23 BT33,not-tested: administrator blocks all navigation,362db58082df9c1b57c2305a49823a1dae385081,"Direct-source where linked; otherwise repository-reported implementation, not independently runtime-confirmed"
TABLE-10,Core,P1,Implemented slice,Inspect calculated values alongside source records,"DataTable merges calculated column values into resolvedRows, then passes them into filtering and the displayed body; calculation inspectors are described.","Current correctness across edit, filter, sort, search, copy and export must be re-proved together. Scalar inspection is not an aggregate computation graph.",T11 T13 T15 TABLE BASE INV,BT18 BT22,not-tested: administrator blocks all navigation,362db58082df9c1b57c2305a49823a1dae385081,"Direct-source where linked; otherwise repository-reported implementation, not independently runtime-confirmed"
TABLE-11,Specific,P1,Implemented slice,Export the rows and values being inspected,"The active table supplies filteredRows to the toolbar; the baseline records CSV escaping, ordering and derived-value repairs.","Browser download inspection was previously incomplete and is blocked here. Prove exported IDs/order/values, quoting, and field names against the visible scope.",T11 T15 TABLE BASE,BT21,not-tested: administrator blocks all navigation,362db58082df9c1b57c2305a49823a1dae385081,"Direct-source where linked; otherwise repository-reported implementation, not independently runtime-confirmed"
TABLE-12,Candidate,P3,Not found / conditional,Edit cells or apply conditional formatting only when useful,Display formatting and copy/filter cell actions are present; they are not edits.,"Inline mutation, typed validation/undo and a general conditional-rule engine are not established. These remain task-dependent, not universal EDA obligations.",T02 T04 T09 TMENU INV,BT13,not-tested: administrator blocks all navigation,362db58082df9c1b57c2305a49823a1dae385081,"Direct-source where linked; otherwise repository-reported implementation, not independently runtime-confirmed"
CALC-01,Core,P1,Implemented slice,Create scalar derived fields,"The recorded evaluator supports arithmetic, comparisons, conditional logic, functions and bracketed field references.",Scalar expressions are not grouped/window calculations. Current formula execution is not freshly tested in this audit.,T11 T13 BASE INV,BT18,not-tested: administrator blocks all navigation,362db58082df9c1b57c2305a49823a1dae385081,"Direct-source where linked; otherwise repository-reported implementation, not independently runtime-confirmed"
CALC-02,Core,P1,Implemented slice,Reject invalid calculations before damaging saved state,"The recorded workflow validates syntax, dependencies, cycles and source rows before Apply; October 2 tested an invalid draft.","One invalid syntax case does not cover unknown functions, cycles, dependent edits or full-analysis import atomicity.",T09 T15 BASE REVIEW HOST,BT18 BT22,not-tested: administrator blocks all navigation,362db58082df9c1b57c2305a49823a1dae385081,"Direct-source where linked; otherwise repository-reported implementation, not independently runtime-confirmed"
CALC-03,Core,P1,Implemented slice,Explain invalid or missing derived results,"Saved/draft row previews, source inputs and row failure reasons are described.","Evidence is session/dataset-specific rather than a durable execution history. Distinguish missing input, conversion failure and calculation failure.",T09 T15 BASE INV,BT18,not-tested: administrator blocks all navigation,362db58082df9c1b57c2305a49823a1dae385081,"Direct-source where linked; otherwise repository-reported implementation, not independently runtime-confirmed"
CALC-04,Specific,P2,Implemented slice,Use documented functions consistent with runtime,The baseline records a shared searchable function registry and cursor insertion.,No general group or array-expression grammar is established. Revalidate help against exports before adding more function names.,T11 T17 BASE INV,BT18,not-tested: administrator blocks all navigation,362db58082df9c1b57c2305a49823a1dae385081,"Direct-source where linked; otherwise repository-reported implementation, not independently runtime-confirmed"
CALC-05,Core,P1,Implemented slice,Edit a calculation and update every dependent consumer,"Dependency previews and explicit Apply are described, with protected in-use rename/delete and preserved filter thresholds.","Saved drafts, automatic consumer rewrites and a durable edit history remain separate gaps. New chart consumers need integration proof.",T11 T15 BASE INV,BT18 BT22,not-tested: administrator blocks all navigation,362db58082df9c1b57c2305a49823a1dae385081,"Direct-source where linked; otherwise repository-reported implementation, not independently runtime-confirmed"
CALC-06,Core,P1,Expanded partial,Use a consistent computed result in every view,Tables resolve shared scalar columns; grouped summaries and UTC rollups reuse definitions/reducers; newer traces retain source inputs.,Shared function code is not proof of one execution or cached shared result. Cross-view arithmetic and eligible-ID agreement were waived for newer charts.,T11 T15 TABLE ROLL CHART CLOSE,BT07 BT19,not-tested: administrator blocks all navigation,362db58082df9c1b57c2305a49823a1dae385081,"Direct-source where linked; otherwise repository-reported implementation, not independently runtime-confirmed"
CALC-07,Core,P2,Stable partial,"Keep row, group and window computations semantically distinct",Scalar formulas and named count/sum/average groups are different controls; calendar rollups add explicit period scope.,"Window/rank expressions and arbitrary grouped formula composition are not established. Row sum(x,y) must not be presented as a dataset sum.",T11 T16 T17 BASE CHART,BT19 BT26,not-tested: administrator blocks all navigation,362db58082df9c1b57c2305a49823a1dae385081,"Direct-source where linked; otherwise repository-reported implementation, not independently runtime-confirmed"
CALC-08,Core / architecture open,P2,Expanded partial,"Inspect and reuse grouped, pivot and statistical outputs",Named grouped summaries are reusable; pivot and many new chart families now expose contributors.,"Inspection is wider than reuse. Pivot outputs, density samples and modeled tables are not established as named downstream sources.",T11 T13 T15 T16 T17 CHART INV,BT19 BT26,not-tested: administrator blocks all navigation,362db58082df9c1b57c2305a49823a1dae385081,"Direct-source where linked; otherwise repository-reported implementation, not independently runtime-confirmed"
CALC-09,Specific / now planned,P2,"New plan, not implementation","Add regression, uncertainty and density at the intended grouping scope","Box/violin density and rectangular scatter count bins exist. PR136 adds scoped plans for regression, LOESS, hexagons and 2D contours.","The merged PR explicitly changes no application code. Fits, confidence layers, marginals and contour density must remain planned-only until implementation and browser proof exist.",T15 T17 CHART PLAN,BT26 BT27,not-tested: administrator blocks all navigation,362db58082df9c1b57c2305a49823a1dae385081,"Direct-source where linked; otherwise repository-reported implementation, not independently runtime-confirmed"
CALC-10,Core,P2,Expanded partial,Make analytical transformations deterministic and interpretable,"Shared numeric rules, UTC calendar arithmetic and chart-specific trace contracts improve determinism.","Stable source IDs across reload, durable source versions and a renderer-independent replay contract are not established; deterministic layout is narrower than deterministic analysis history.",T15 T18 NUM ROLL CHART INV,BT23 BT29,not-tested: administrator blocks all navigation,362db58082df9c1b57c2305a49823a1dae385081,"Direct-source where linked; otherwise repository-reported implementation, not independently runtime-confirmed"
CALC-11,Core,P1,Implemented slice,Identify and inspect scalar dependency chains in place,"The calculation workflow exposes markers, row inputs/results, upstream/downstream dependencies and affected consumers.",Preserve the boundary between scalar dependency inspection and whole-chart provenance. Verify deep-chain edits in a real mounted workspace.,T08 T15 BASE INV,BT18,not-tested: administrator blocks all navigation,362db58082df9c1b57c2305a49823a1dae385081,"Direct-source where linked; otherwise repository-reported implementation, not independently runtime-confirmed"
FACET-01,Core,P2,Implemented bounded slice,Repeat suitable views by one or two fields,Wrap/grid layouts exist for the supported 2D families; current catalogue breadth is larger than facet eligibility.,"No requirement to facet every view type. Explicit-list repetition, deeper nesting and repeat outside grouping remain separate design candidates.",T14 T16 INV BASE,BT17,not-tested: administrator blocks all navigation,362db58082df9c1b57c2305a49823a1dae385081,"Direct-source where linked; otherwise repository-reported implementation, not independently runtime-confirmed"
FACET-02,Core,P1,Implemented slice,Use comparable scales across facets,The baseline describes full-source domains/order; October 2 reports matching regional x/y ticks.,"Proof covers one comparison, not every changed-field, empty-cell, scale type or new mode combination.",T14 BASE REVIEW,BT17,not-tested: administrator blocks all navigation,362db58082df9c1b57c2305a49823a1dae385081,"Direct-source where linked; otherwise repository-reported implementation, not independently runtime-confirmed"
FACET-03,Specific,P2,Still limited by chosen contract,Choose global-coordinate versus facet-local selection,The reviewed model applies chart selection across facets and labels its scope.,"Facet-key-bounded XY selection is a separate missing option, not a bug in the approved global-coordinate default.",T14 BASE INV,BT17,not-tested: administrator blocks all navigation,362db58082df9c1b57c2305a49823a1dae385081,"Direct-source where linked; otherwise repository-reported implementation, not independently runtime-confirmed"
FACET-04,Specific,P1,Implemented slice,Filter by clicking facet headers,The baseline records typed wrap/grid header filters and keyboard selection.,"Do not retain an old missing-header-action claim. Verify owner identity, clear behavior and source counts after combined facet/chart selections.",T14 BASE INV,BT17,not-tested: administrator blocks all navigation,362db58082df9c1b57c2305a49823a1dae385081,"Direct-source where linked; otherwise repository-reported implementation, not independently runtime-confirmed"
FACET-05,Specific,P2,Implemented bounded slice,Choose and order displayed facets without filtering rows,"Ordered visibleFacetIds, paging and focus are recorded.","Top-group selection, nested repeats and a durable pin workflow are not established. Visibility is not membership filtering.",T14 BASE INV,BT17,not-tested: administrator blocks all navigation,362db58082df9c1b57c2305a49823a1dae385081,"Direct-source where linked; otherwise repository-reported implementation, not independently runtime-confirmed"
FACET-06,Explicit preference,P1,Implemented bounded slice,Keep facets readable without internal chart scrolling,"Paging, focus and ordered visibility are recorded as the chosen layout solution.","Current browser evidence is needed for full labels, page changes and dense/empty layouts. Absence of a scrollbar alone does not prove legibility.",T14 BASE REVIEW,BT17 BT34,not-tested: administrator blocks all navigation,362db58082df9c1b57c2305a49823a1dae385081,"Direct-source where linked; otherwise repository-reported implementation, not independently runtime-confirmed"
FACET-07,Core correctness,P1,Implemented slice,Preserve facet identity across typed values,"Typed tuple keys and missing-group policies are recorded, avoiding separator-splitting keys.","Test 1 versus string 1, missing values and separator-containing labels with new mode combinations; durable row identity remains DATA-04.",T14 T15 T16 BASE,BT05 BT17,not-tested: administrator blocks all navigation,362db58082df9c1b57c2305a49823a1dae385081,"Direct-source where linked; otherwise repository-reported implementation, not independently runtime-confirmed"
SCALE-01,Core,P1,Expanded partial,Explain the population that determines a scale,Full-source facet domains and additional chart traces make some scale choices inspectable.,No uniform full/working/visible population switch is established. Preserve stable domains under own brushing and disclose exceptions.,T12 T15 INV CHART,BT10 BT17,not-tested: administrator blocks all navigation,362db58082df9c1b57c2305a49823a1dae385081,"Direct-source where linked; otherwise repository-reported implementation, not independently runtime-confirmed"
SCALE-02,Specific,P2,Still limited for common 2D,Zoom a numerical axis without changing the row subset,Map viewport/camera behavior is distinct from analytical filters; common 2D brushes select rows.,No universal 2D axis zoom/reset contract is established. Do not confuse saved axis options or map pan with common chart zoom.,T14 INV CHART BASE,BT10 BT29,not-tested: administrator blocks all navigation,362db58082df9c1b57c2305a49823a1dae385081,"Direct-source where linked; otherwise repository-reported implementation, not independently runtime-confirmed"
SCALE-03,Specific,P1,Materially expanded,"Use linear, categorical, symlog and calendar scales meaningfully","The manifest now supports UTC time specifically for Line Chart calendar summaries, alongside linear, band and symlog.",True log remains explicitly unsupported. Raw numeric days are not dates; calendar support must not be generalized to all date-like axes.,T07 T11 T14 T18 COV CHART ROLL,BT08 BT10,not-tested: administrator blocks all navigation,362db58082df9c1b57c2305a49823a1dae385081,"Direct-source where linked; otherwise repository-reported implementation, not independently runtime-confirmed"
SCALE-04,Core,P2,Expanded partial,Share formats and disclose local overrides,"Field defaults, labels and exact filter-bound disclosure exist.","Uniform axis tick units, override origin and generated-versus-explicit values are not established across all 18 families and new modes.",T08 T15 FILTER INV,BT02 BT10,not-tested: administrator blocks all navigation,362db58082df9c1b57c2305a49823a1dae385081,"Direct-source where linked; otherwise repository-reported implementation, not independently runtime-confirmed"
COLOR-01,Core,P1,Implemented bounded slice,Preserve category meaning across views,"Shared scale IDs, field bindings and editing are described; historical category keys have reviewed examples.",Line series and specialized chart color paths need fresh cross-view comparison; source-field and renamed-scale identity must be checked rather than inferred.,T08 T14 INV BASE REVIEW,BT17 BT20,not-tested: administrator blocks all navigation,362db58082df9c1b57c2305a49823a1dae385081,"Direct-source where linked; otherwise repository-reported implementation, not independently runtime-confirmed"
COLOR-02,Explicit preference,P1,Expanded partial,Explain every non-obvious encoding automatically,"Automatic and dedicated legends exist; new maps, sizes and density add more encodings.",The manifest's universal wording exceeds one reviewed categorical legend. Numeric density/area/projection/series legends require independent checks.,T14 COV INV CHART,BT10 BT20 BT29,not-tested: administrator blocks all navigation,362db58082df9c1b57c2305a49823a1dae385081,"Direct-source where linked; otherwise repository-reported implementation, not independently runtime-confirmed"
COLOR-03,Specific,P2,Stable partial,Select or emphasize through legends,Typed categorical legend filtering is described.,Continuous legend brushing and linked hover emphasis are not established as general contracts. A visible color ramp is not interactive numerical selection.,T14 INV BASE,BT20,not-tested: administrator blocks all navigation,362db58082df9c1b57c2305a49823a1dae385081,"Direct-source where linked; otherwise repository-reported implementation, not independently runtime-confirmed"
CHART-01,Core distinction,P1,Materially expanded,Distinguish bar glyph inputs from count and measure transforms,"Counts, histograms, grouped count/sum/average measures, grouped series and stacks are delivered.",Arbitrary supplied-measure glyph grammar and repeated raw labels remain broader authoring scope. A new mode is not proof of denominator correctness.,T11 T18 CHART,BT07 BT14,not-tested: administrator blocks all navigation,362db58082df9c1b57c2305a49823a1dae385081,"Direct-source where linked; otherwise repository-reported implementation, not independently runtime-confirmed"
CHART-02,Core inspection / specific extras,P1,Materially expanded,Explore relationships and inspect selected records,"Scatter now has row tracing, point/range selection, bubble area and rectangular density bins.","Regression/uncertainty/hexagons/marginals/contours are planned, not delivered. Overlap, size provenance and exclusion visibility need current browser proof.",T11 T14 T15 CHART PLAN,BT10 BT15 BT27,not-tested: administrator blocks all navigation,362db58082df9c1b57c2305a49823a1dae385081,"Direct-source where linked; otherwise repository-reported implementation, not independently runtime-confirmed"
CHART-03,Specific,P1,Materially expanded,Draw lines according to data shape and time meaning,Raw lines and UTC day/week/month category series exist; calendar series support area and stacked area; Parallel Coordinates covers a distinct per-row topology.,"Do not claim date lines, grouped series or parallel coordinates are wholly missing. Arbitrary repeated-line/slope grammars and general layer composition remain separate.",T16 T18 CHART ROLL,BT08 BT14 BT28,not-tested: administrator blocks all navigation,362db58082df9c1b57c2305a49823a1dae385081,"Direct-source where linked; otherwise repository-reported implementation, not independently runtime-confirmed"
CHART-04,Core / richer layers specific,P1,Materially expanded,Compare and inspect distributions,"Box/violin/observations/beeswarm traces now explain statistics, density inputs, exclusions and source observations.",The old missing-box-contributor backlog is stale. Reusable density outputs and live local bandwidth editing remain narrower follow-ups.,T14 T15 T17 CHART,BT16 BT26,not-tested: administrator blocks all navigation,362db58082df9c1b57c2305a49823a1dae385081,"Direct-source where linked; otherwise repository-reported implementation, not independently runtime-confirmed"
CHART-05,Core / derived measures specific,P1,Expanded partial,Inspect and reuse aggregates with correct denominators,Pivot contributors and reusable grouped summaries exist; newer stacks/cards/time views expose more aggregate semantics.,"Pivot-as-source, subtotal hierarchies, percentages and prior-period calculations are not generally established. New generic charts do not close every pivot outcome.",T11 T13 T15 CHART INV BASE,BT07 BT19,not-tested: administrator blocks all navigation,362db58082df9c1b57c2305a49823a1dae385081,"Direct-source where linked; otherwise repository-reported implementation, not independently runtime-confirmed"
CHART-06,Exploratory broader grammar,P2,Stable partial,Coordinate 3D with the analytical workspace,3D receives filters and has saved camera/size/omission behavior; historical Lorenz proof is available as a report.,"Point picking, complete data-scale labeling and per-point provenance are not established. 2D selection driving 3D is not 3D-originated selection.",T12 T15 CHART INV REVIEW,BT28,not-tested: administrator blocks all navigation,362db58082df9c1b57c2305a49823a1dae385081,"Direct-source where linked; otherwise repository-reported implementation, not independently runtime-confirmed"
CHART-07,Core supporting views,P1,Expanded,Use non-plot views as analytical context,"Summary, source tables, legends, rich explanation and now Metric Card support the workflow; inline table distributions are active.",Static text is not live data-bound narrative; metric all-source comparison is not a frozen baseline; every supporting view needs a clear population label.,T09 T13 T14 T19 TABLE CHART,BT01 BT07 BT33,not-tested: administrator blocks all navigation,362db58082df9c1b57c2305a49823a1dae385081,"Direct-source where linked; otherwise repository-reported implementation, not independently runtime-confirmed"
CHART-08,Exploratory examples / later delivered scope,P1,Old absence largely closed,"Draw grouped, stacked, normalized bars and areas","Grouped bars, absolute/percentage stacks, area and stacked area are explicitly delivered chart modes.","Do not list the whole family as missing. Streamgraph and generalized stacking/dodging output reuse remain unestablished, lower-priority architecture extensions.",T18 CHART,BT14 BT26,not-tested: administrator blocks all navigation,362db58082df9c1b57c2305a49823a1dae385081,"Direct-source where linked; otherwise repository-reported implementation, not independently runtime-confirmed"
CHART-09,Exploratory,P3,Partially closed,Represent multivariate rows and hierarchies appropriately,Parallel Coordinates is active and registered.,Hierarchy-aware treemap/packing remains outside the delivered catalogue. Separate the delivered multivariate slice from uncommitted hierarchy examples.,T18 REG CHART,BT28 BT32,not-tested: administrator blocks all navigation,362db58082df9c1b57c2305a49823a1dae385081,"Direct-source where linked; otherwise repository-reported implementation, not independently runtime-confirmed"
CHART-10,Core explainability / architecture open,P2,Expanded partial,Distinguish data transforms from geometry transforms,"Stack bounds, density-bin intervals, bubble area, map projection and parallel vertices appear in chart-specific traces/contracts.",There is no established general inspectable geometry pipeline whose output can be substituted or reused independently of a chart renderer.,T18 CHART,BT10 BT14 BT15 BT29,not-tested: administrator blocks all navigation,362db58082df9c1b57c2305a49823a1dae385081,"Direct-source where linked; otherwise repository-reported implementation, not independently runtime-confirmed"
TRACE-01,Core,P1,Materially expanded,Inspect exact source contributors for a selected mark,"Current chart contracts extend beyond scalar/pivot/named groups to bins, distributions, scatter, time, stacks, maps, flows and ECDF.","The old histogram/box/scatter contributor absence is stale. Trace reachability, selected mark identity, exclusions and roundtrip consistency are not freshly verified.",T11 T15 CHART,BT07 BT15 BT16 BT24,not-tested: administrator blocks all navigation,362db58082df9c1b57c2305a49823a1dae385081,"Direct-source where linked; otherwise repository-reported implementation, not independently runtime-confirmed"
TRACE-02,Core,P2,Expanded partial,Inspect every intermediate result and reuse it where useful,Named group results and many chart-specific trace stages are described.,"Broad inspection does not establish every intermediate as a named reusable table. Reduced lines, density/model outputs and general transform composition remain uneven.",T11 T13 T15 CHART INV,BT19 BT26,not-tested: administrator blocks all navigation,362db58082df9c1b57c2305a49823a1dae385081,"Direct-source where linked; otherwise repository-reported implementation, not independently runtime-confirmed"
TRACE-03,Core,P1,Expanded partial,"Explain properties, defaults, scales and denominators","New traces include stack bands, numeric exclusions, date bounds, projections, ECDF denominators and source inputs.","No universal every-property provenance contract is established. Test parameter origins, own-versus-peer filtering and overridden settings instead of counting trace dialogs.",T15 CHART INV,BT10 BT14 BT24,not-tested: administrator blocks all navigation,362db58082df9c1b57c2305a49823a1dae385081,"Direct-source where linked; otherwise repository-reported implementation, not independently runtime-confirmed"
TRACE-04,Candidate / now planned,P2,"New plan, not general compiler",Connect friendly controls to an expanded specification,Chart settings and chart-spec inspection provide bounded configuration; PR136 plans compact dashboard authoring.,A settings inspector is not an interchangeable source/transform/filter/scale/glyph compiler. The DSL PR is documentation-only and not runtime support.,T16 T17 PLAN INV,BT26 BT27,not-tested: administrator blocks all navigation,362db58082df9c1b57c2305a49823a1dae385081,"Direct-source where linked; otherwise repository-reported implementation, not independently runtime-confirmed"
TRACE-05,Specific / architecture parked,P3,Stable partial,Reproduce an analysis independently of the current renderer,Settings restore and full-analysis bundles preserve applied application state with source rows.,"No renderer-neutral scene, stable source version or headless semantic evaluation contract is established. Restoring React is not independent analytical reproduction.",T15 T16 INV HOST,BT22 BT23 BT26,not-tested: administrator blocks all navigation,362db58082df9c1b57c2305a49823a1dae385081,"Direct-source where linked; otherwise repository-reported implementation, not independently runtime-confirmed"
TRACE-06,Candidate,P2,Stable partial / planned extension,"Reuse grouping, repetition and derived layers without manual duplication",Facets and grouped/calendar definitions cover bounded repetition; new advanced scatter plans specify grouping/facet behavior.,"General explicit-list repeat, model-layer inheritance and common group-object outputs remain unresolved or planned, not delivered.",T16 T17 PLAN CHART INV,BT26 BT27,not-tested: administrator blocks all navigation,362db58082df9c1b57c2305a49823a1dae385081,"Direct-source where linked; otherwise repository-reported implementation, not independently runtime-confirmed"
TRACE-07,Core process,P0,Documentation drift confirmed,"Keep product intent, implementation and proof synchronized","A transcript audit, feature inventory, matrix, historical review and retirement records all exist. Tests enforce useful catalogue invariants.",Mixed-age documents conflict; reviews lack revision-bound artifacts in the manifest; October 2 screenshot links point to absent tmp-root files. Add a verifiable claim-to-proof chain.,T10 T20 BASE INV COV COVTEST REVIEW TMP CLOSE,BT35,not-tested: administrator blocks all navigation,362db58082df9c1b57c2305a49823a1dae385081,"Direct-source where linked; otherwise repository-reported implementation, not independently runtime-confirmed"
PERF-01,Core,P1,Still unmeasured in current audit,Keep the loaded workspace interactive,"Virtual rows and 10,000-row examples exist; deployed artifact contains the representative data.",No current load/filter/Apply/scroll latency or heap measurement. A fixture row count and a successful build are not a capacity envelope.,T01 T13 TABLE INV DEPLOY,BT34,not-tested: administrator blocks all navigation,362db58082df9c1b57c2305a49823a1dae385081,"Direct-source where linked; otherwise repository-reported implementation, not independently runtime-confirmed"
PERF-02,Core,P2,Expanded partial,Compute once when consumers share a result,Shared numeric and UTC reducers improve semantic consistency; scalar caching and named definitions are described.,A reused reducer/definition is not proof of shared execution or invalidation correctness. The baseline notes grouped consumers recompute; re-profile current paths before adding cache infrastructure.,T11 T13 T17 NUM ROLL BASE,BT19 BT34,not-tested: administrator blocks all navigation,362db58082df9c1b57c2305a49823a1dae385081,"Direct-source where linked; otherwise repository-reported implementation, not independently runtime-confirmed"
PERF-03,Candidate / parked,P3,Still outside slice,Move only needed data and disclose incompleteness,One in-memory source is explicit; local examples are whole-file fetches.,No projected/streamed server protocol or loaded-versus-total disclosure is established. Do not silently turn performance wishes into a backend rewrite.,T13 INV HOST,BT31,not-tested: administrator blocks all navigation,362db58082df9c1b57c2305a49823a1dae385081,"Direct-source where linked; otherwise repository-reported implementation, not independently runtime-confirmed"
PERF-04,Specific,P2,Stable partial,Explain loading and allow long work to be stopped,"The host fetch path has loading, error, retry and stale-request abort handling.","Local parse progress/cancellation, worker execution and long calculation progress are not established. No current responsiveness measurements were possible.",T13 HOST INV,BT31 BT34,not-tested: administrator blocks all navigation,362db58082df9c1b57c2305a49823a1dae385081,"Direct-source where linked; otherwise repository-reported implementation, not independently runtime-confirmed"
PERF-05,Core method,P1,Proof debt,Measure representative tasks before optimizing,Repository review reports and deterministic examples give useful starting points.,No current repeatable browser performance benchmark was run here; no claim can be made about 100k or million-row usability.,T20 INV DEPLOY,BT34,not-tested: administrator blocks all navigation,362db58082df9c1b57c2305a49823a1dae385081,"Direct-source where linked; otherwise repository-reported implementation, not independently runtime-confirmed"
UX-01,Core,P1,Expanded partial,Explain invalid values before they mislead a chart,"Shared numeric code excludes blank, boolean and nonfinite measurements; conversion/calculation errors and many chart trace exclusions exist.",The old no-common-numeric-policy claim is stale. Error reachability and agreement across all new consumers need browser proof.,T09 T15 NUM CHART INV,BT02 BT07,not-tested: administrator blocks all navigation,362db58082df9c1b57c2305a49823a1dae385081,"Direct-source where linked; otherwise repository-reported implementation, not independently runtime-confirmed"
UX-02,Core,P1,Expanded partial,"Distinguish empty, invalid, zero and missing results",An unmatched search was historically reviewed; newer charts document valid-zero versus empty versus no-valid-number distinctions.,"One empty-table case is not every chart's empty-state proof. Test date gaps, all-invalid groups, maps and normalized denominators explicitly.",T06 T07 CHART REVIEW,BT02 BT07 BT09 BT29,not-tested: administrator blocks all navigation,362db58082df9c1b57c2305a49823a1dae385081,"Direct-source where linked; otherwise repository-reported implementation, not independently runtime-confirmed"
UX-03,Core baseline,P1,Expanded partial / unverified,Complete real tasks with keyboard and assistive technology,"Named actions, keyboard width control, menu handling, chip focus/highlight and Alt-Enter trace contracts exist.","Naming alone is not full accessibility. Canvas/WebGL marks, brushing, focus return, virtual rows and screen-reader outcomes remain unverified here.",T02 T09 T20 FILTER THDR TABLE CHART REVIEW,BT12 BT24 BT34,not-tested: administrator blocks all navigation,362db58082df9c1b57c2305a49823a1dae385081,"Direct-source where linked; otherwise repository-reported implementation, not independently runtime-confirmed"
UX-04,Specific / desktop baseline,P1,Expanded partial,Keep presentation useful at the supported screen size,"The stated workspace minimum is 1024 CSS pixels. Selected historical examples were checked at 1280/1024, with limited narrower flows.","Do not infer mobile support from 390-pixel spot checks. New modes, floating inspectors, menu collisions and long labels need current desktop proof.",T01 T14 T19 INV REVIEW,BT17 BT24 BT34,not-tested: administrator blocks all navigation,362db58082df9c1b57c2305a49823a1dae385081,"Direct-source where linked; otherwise repository-reported implementation, not independently runtime-confirmed"
