Route,Service,Hours
North,Express,29.0
North,Standard,54.6
North,Standard,37.2
North,Express,26.8
North,Standard,52.4
North,Standard,35.0
North,Express,24.6
North,Standard,50.2
North,Standard,57.8
North,Express,22.4
North,Standard,48.0
North,Standard,55.6
North,Express,20.2
North,Standard,45.8
Central,Express,23.0
Central,Standard,48.6
Central,Standard,31.2
Central,Express,20.8
Central,Standard,46.4
Central,Standard,54.0
Central,Express,18.6
Central,Standard,44.2
Central,Standard,51.8
Central,Express,41.4
Central,Standard,42.0
Central,Standard,49.6
West,Express,17.0
West,Standard,42.6
West,Standard,50.2
West,Express,14.8
West,Standard,40.4
West,Standard,48.0
West,Express,37.6
West,Standard,38.2
West,Standard,45.8
West,Express,35.4
South,Express,14.0
South,Standard,39.6
South,Standard,47.2
South,Express,36.8
South,Standard,37.4
South,Standard,45.0
South,Express,34.6
South,Standard,35.2
South,Standard,42.8
Harbor,Express,33.0
Harbor,Standard,33.6
Harbor,Standard,41.2
Harbor,Express,30.8
Harbor,Standard,56.4
Harbor,Standard,39.0
Harbor,Express,28.6
Airport,Express,30.0
Airport,Standard,30.6
Airport,Standard,38.2
Airport,Express,27.8
Airport,Standard,53.4
Airport,Standard,36.0
Riverside,Express,27.0
Riverside,Standard,52.6
Riverside,Standard,35.2
Riverside,Express,24.8
Riverside,Standard,50.4
Hilltop,Express,24.0
Hilltop,Standard,49.6
Hilltop,Standard,32.2
Hilltop,Express,21.8
Forest,Express,21.0
Forest,Standard,46.6
Forest,Standard,54.2
Lakeside,Express,21.0
Lakeside,Standard,46.6
Lakeside,Standard,54.2
Old Town,Express,18.0
Old Town,Standard,43.6
Other categories,Express,18.0
Other categories,Standard,unknown
,Express,
