contact_id	year_month	year	month	month_index	bucket	estimated_monthly_total	fill	sampled_rgb	source_x_pixel	sample_pixels
ruemmler	2014-06	2014	6	77	1-9	1	#f0efea	245,244,239	343	43
ruemmler	2014-07	2014	7	78	1-9	1	#f0efea	245,244,239	348	105
ruemmler	2014-08	2014	8	79	1-9	1	#f0efea	236,235,226	352	105
ruemmler	2014-09	2014	9	80	50-99	50	#eda494	219,154,139	356	105
ruemmler	2014-10	2014	10	81	100+	110	#d5342a	210,55,39	361	105
ruemmler	2014-11	2014	11	82	100+	110	#d5342a	210,55,39	365	105
ruemmler	2014-12	2014	12	83	100+	110	#d5342a	210,55,39	370	105
ruemmler	2015-01	2015	1	84	100+	110	#d5342a	210,55,39	374	105
ruemmler	2015-02	2015	2	85	100+	110	#d5342a	210,55,39	378	105
ruemmler	2015-03	2015	3	86	100+	110	#d5342a	210,55,39	383	105
ruemmler	2015-04	2015	4	87	100+	110	#d5342a	210,55,39	387	105
ruemmler	2015-05	2015	5	88	100+	110	#d5342a	210,55,39	392	105
ruemmler	2015-06	2015	6	89	100+	110	#d5342a	210,55,39	396	105
ruemmler	2015-07	2015	7	90	100+	110	#d5342a	210,55,39	400	105
ruemmler	2015-08	2015	8	91	100+	110	#d5342a	210,55,39	405	105
ruemmler	2015-09	2015	9	92	100+	110	#d5342a	210,55,39	409	105
ruemmler	2015-10	2015	10	93	100+	110	#d5342a	210,55,39	414	105
ruemmler	2015-11	2015	11	94	100+	110	#d5342a	210,55,39	418	105
ruemmler	2015-12	2015	12	95	100+	110	#d5342a	210,55,39	423	105
ruemmler	2016-01	2016	1	96	100+	110	#d5342a	210,55,39	427	105
ruemmler	2016-02	2016	2	97	100+	110	#d5342a	210,55,39	431	105
ruemmler	2016-03	2016	3	98	100+	110	#d5342a	210,55,39	436	105
ruemmler	2016-04	2016	4	99	100+	110	#d5342a	210,55,39	440	105
ruemmler	2016-05	2016	5	100	100+	110	#d5342a	210,55,39	445	105
ruemmler	2016-06	2016	6	101	100+	110	#d5342a	210,55,39	449	105
ruemmler	2016-07	2016	7	102	100+	110	#d5342a	223,108,92	454	105
ruemmler	2016-08	2016	8	103	50-99	50	#eda494	239,170,153	458	105
ruemmler	2016-09	2016	9	104	50-99	50	#eda494	239,170,153	462	105
ruemmler	2016-10	2016	10	105	50-99	50	#eda494	239,170,153	467	105
ruemmler	2016-11	2016	11	106	50-99	50	#eda494	239,170,153	471	105
ruemmler	2016-12	2016	12	107	50-99	50	#eda494	239,170,153	476	105
ruemmler	2017-01	2017	1	108	50-99	50	#eda494	229,129,113	480	105
ruemmler	2017-02	2017	2	109	100+	110	#d5342a	210,55,39	484	105
ruemmler	2017-03	2017	3	110	100+	110	#d5342a	223,107,90	489	105
ruemmler	2017-04	2017	4	111	50-99	50	#eda494	239,170,153	493	105
ruemmler	2017-05	2017	5	112	50-99	50	#eda494	239,170,153	498	105
ruemmler	2017-06	2017	6	113	50-99	50	#eda494	239,170,153	502	105
ruemmler	2017-07	2017	7	114	50-99	50	#eda494	239,170,153	507	105
ruemmler	2017-08	2017	8	115	50-99	50	#eda494	239,170,153	511	105
ruemmler	2017-09	2017	9	116	50-99	50	#eda494	239,170,153	515	105
ruemmler	2017-10	2017	10	117	50-99	50	#eda494	239,170,153	520	105
ruemmler	2017-11	2017	11	118	50-99	50	#eda494	229,131,114	524	105
ruemmler	2017-12	2017	12	119	100+	110	#d5342a	224,111,94	529	105
ruemmler	2018-01	2018	1	120	50-99	50	#eda494	239,170,153	533	105
ruemmler	2018-02	2018	2	121	50-99	50	#eda494	239,170,153	537	105
ruemmler	2018-03	2018	3	122	50-99	50	#eda494	239,170,153	542	105
ruemmler	2018-04	2018	4	123	50-99	50	#eda494	239,170,153	546	105
ruemmler	2018-05	2018	5	124	50-99	50	#eda494	239,170,153	551	105
ruemmler	2018-06	2018	6	125	50-99	50	#eda494	228,127,110	555	105
ruemmler	2018-07	2018	7	126	100+	110	#d5342a	222,103,87	560	105
ruemmler	2018-08	2018	8	127	50-99	50	#eda494	228,128,111	564	105
ruemmler	2018-09	2018	9	128	100+	110	#d5342a	219,92,75	568	105
ruemmler	2018-10	2018	10	129	50-99	50	#eda494	234,189,174	573	105
ruemmler	2018-11	2018	11	130	10-49	10	#dddbcf	226,224,210	577	105
ruemmler	2018-12	2018	12	131	50-99	50	#eda494	232,199,184	582	105
ruemmler	2019-01	2019	1	132	50-99	50	#eda494	235,186,171	586	105
ruemmler	2019-02	2019	2	133	10-49	10	#dddbcf	229,210,195	590	105
ruemmler	2019-03	2019	3	134	100+	110	#d5342a	227,123,106	595	105
ruemmler	2019-04	2019	4	135	100+	110	#d5342a	214,98,82	599	105
ruemmler	2019-05	2019	5	136	10-49	10	#dddbcf	233,232,221	604	105
ruemmler	2019-06	2019	6	137	1-9	1	#f0efea	246,245,240	608	84
krauss	2009-04	2009	4	15	10-49	10	#dddbcf	231,229,219	69	67
krauss	2009-05	2009	5	16	1-9	1	#f0efea	237,236,228	74	107
krauss	2009-06	2009	6	17	10-49	10	#dddbcf	233,232,222	78	108
krauss	2009-07	2009	7	18	10-49	10	#dddbcf	228,226,214	82	68
krauss	2009-08	2009	8	19	10-49	10	#dddbcf	228,226,214	87	68
krauss	2009-09	2009	9	20	10-49	10	#dddbcf	235,234,225	91	107
krauss	2009-10	2009	10	21	10-49	10	#dddbcf	233,232,222	96	108
krauss	2009-11	2009	11	22	10-49	10	#dddbcf	226,224,211	100	110
krauss	2009-12	2009	12	23	1-9	1	#f0efea	238,237,229	105	107
krauss	2010-01	2010	1	24	10-49	10	#dddbcf	235,233,224	109	108
krauss	2010-02	2010	2	25	50-99	50	#eda494	232,200,185	113	110
krauss	2010-03	2010	3	26	50-99	50	#eda494	239,172,156	118	110
krauss	2010-04	2010	4	27	50-99	50	#eda494	233,196,181	122	110
krauss	2010-05	2010	5	28	10-49	10	#dddbcf	226,224,211	127	110
krauss	2010-06	2010	6	29	10-49	10	#dddbcf	226,224,211	131	110
krauss	2010-07	2010	7	30	10-49	10	#dddbcf	226,224,211	136	110
krauss	2010-08	2010	8	31	50-99	50	#eda494	233,195,180	140	110
krauss	2010-09	2010	9	32	50-99	50	#eda494	239,172,156	144	110
krauss	2010-10	2010	10	33	50-99	50	#eda494	239,172,156	149	110
krauss	2010-11	2010	11	34	50-99	50	#eda494	232,198,183	153	110
krauss	2010-12	2010	12	35	1-9	1	#f0efea	237,236,228	158	107
krauss	2011-01	2011	1	36	10-49	10	#dddbcf	235,234,225	162	108
krauss	2011-02	2011	2	37	10-49	10	#dddbcf	226,224,211	166	110
krauss	2011-03	2011	3	38	10-49	10	#dddbcf	226,224,211	171	110
krauss	2011-04	2011	4	39	10-49	10	#dddbcf	226,224,211	175	110
krauss	2011-05	2011	5	40	10-49	10	#dddbcf	226,224,211	180	110
krauss	2011-06	2011	6	41	10-49	10	#dddbcf	235,234,225	184	107
krauss	2011-07	2011	7	42	1-9	1	#f0efea	244,243,239	188	65
krauss	2011-08	2011	8	43	1-9	1	#f0efea	245,244,240	193	65
krauss	2011-09	2011	9	44	10-49	10	#dddbcf	235,234,225	197	107
krauss	2011-10	2011	10	45	10-49	10	#dddbcf	232,230,220	202	67
krauss	2011-11	2011	11	46	10-49	10	#dddbcf	231,230,219	206	67
krauss	2011-12	2011	12	47	10-49	10	#dddbcf	226,224,211	211	110
krauss	2012-01	2012	1	48	10-49	10	#dddbcf	234,233,223	215	108
krauss	2012-02	2012	2	49	1-9	1	#f0efea	244,243,238	219	105
krauss	2012-03	2012	3	50	1-9	1	#f0efea	244,243,238	224	105
krauss	2012-04	2012	4	51	1-9	1	#f0efea	244,243,238	228	105
krauss	2012-05	2012	5	52	10-49	10	#dddbcf	234,232,222	233	108
krauss	2012-06	2012	6	53	10-49	10	#dddbcf	226,224,211	237	110
krauss	2012-07	2012	7	54	10-49	10	#dddbcf	233,231,222	242	67
krauss	2012-08	2012	8	55	1-9	1	#f0efea	245,245,240	246	65
krauss	2012-09	2012	9	56	1-9	1	#f0efea	244,243,238	250	65
krauss	2012-10	2012	10	57	10-49	10	#dddbcf	230,228,218	255	67
krauss	2012-11	2012	11	58	10-49	10	#dddbcf	234,232,223	259	108
krauss	2012-12	2012	12	59	10-49	10	#dddbcf	233,231,221	264	108
krauss	2013-01	2013	1	60	10-49	10	#dddbcf	234,232,223	268	108
krauss	2013-02	2013	2	61	1-9	1	#f0efea	244,243,238	272	105
krauss	2013-03	2013	3	62	10-49	10	#dddbcf	234,232,223	277	108
krauss	2013-04	2013	4	63	10-49	10	#dddbcf	226,224,211	281	110
krauss	2013-05	2013	5	64	50-99	50	#eda494	233,196,181	286	110
krauss	2013-06	2013	6	65	50-99	50	#eda494	232,197,183	290	110
krauss	2013-07	2013	7	66	10-49	10	#dddbcf	226,224,211	294	110
krauss	2013-08	2013	8	67	10-49	10	#dddbcf	226,224,211	299	110
krauss	2013-09	2013	9	68	10-49	10	#dddbcf	226,224,211	303	110
krauss	2013-10	2013	10	69	10-49	10	#dddbcf	226,224,211	308	110
krauss	2013-11	2013	11	70	10-49	10	#dddbcf	230,228,217	312	88
krauss	2013-12	2013	12	71	10-49	10	#dddbcf	228,226,214	317	68
krauss	2014-01	2014	1	72	10-49	10	#dddbcf	226,224,211	321	110
krauss	2014-02	2014	2	73	10-49	10	#dddbcf	226,224,211	325	110
krauss	2014-03	2014	3	74	50-99	50	#eda494	233,197,182	330	110
krauss	2014-04	2014	4	75	50-99	50	#eda494	234,191,176	334	110
krauss	2014-05	2014	5	76	10-49	10	#dddbcf	235,234,225	339	107
krauss	2014-06	2014	6	77	1-9	1	#f0efea	244,243,238	343	65
krauss	2014-07	2014	7	78	10-49	10	#dddbcf	230,228,217	348	67
krauss	2014-08	2014	8	79	10-49	10	#dddbcf	226,224,211	352	110
krauss	2014-09	2014	9	80	10-49	10	#dddbcf	226,224,211	356	110
krauss	2014-10	2014	10	81	10-49	10	#dddbcf	226,224,211	361	110
krauss	2014-11	2014	11	82	10-49	10	#dddbcf	233,231,222	365	108
krauss	2014-12	2014	12	83	10-49	10	#dddbcf	234,232,223	370	108
krauss	2015-01	2015	1	84	50-99	50	#eda494	231,203,189	374	110
krauss	2015-02	2015	2	85	50-99	50	#eda494	241,196,184	378	109
krauss	2015-03	2015	3	86	50-99	50	#eda494	227,151,140	383	108
krauss	2015-04	2015	4	87	100+	110	#d5342a	222,124,111	387	109
krauss	2015-05	2015	5	88	50-99	50	#eda494	242,207,197	392	108
krauss	2015-06	2015	6	89	50-99	50	#eda494	241,203,192	396	108
krauss	2015-07	2015	7	90	1-9	1	#f0efea	244,243,238	400	105
krauss	2015-08	2015	8	91	1-9	1	#f0efea	236,234,226	405	107
krauss	2015-09	2015	9	92	10-49	10	#dddbcf	226,224,211	409	110
krauss	2015-10	2015	10	93	50-99	50	#eda494	231,201,187	414	110
krauss	2015-11	2015	11	94	50-99	50	#eda494	241,199,187	418	109
krauss	2015-12	2015	12	95	1-9	1	#f0efea	244,244,239	423	65
krauss	2016-01	2016	1	96	10-49	10	#dddbcf	229,227,216	427	47
krauss	2016-02	2016	2	97	10-49	10	#dddbcf	226,224,211	431	110
krauss	2016-03	2016	3	98	10-49	10	#dddbcf	231,230,219	436	88
krauss	2016-05	2016	5	100	1-9	1	#f0efea	244,243,238	445	45
krauss	2016-06	2016	6	101	1-9	1	#f0efea	244,243,238	449	105
krauss	2016-07	2016	7	102	1-9	1	#f0efea	244,243,238	454	105
krauss	2016-08	2016	8	103	1-9	1	#f0efea	244,243,238	458	105
krauss	2016-09	2016	9	104	1-9	1	#f0efea	237,236,228	462	107
krauss	2016-10	2016	10	105	10-49	10	#dddbcf	226,224,211	467	110
krauss	2016-11	2016	11	106	10-49	10	#dddbcf	226,224,211	471	110
krauss	2016-12	2016	12	107	10-49	10	#dddbcf	226,224,211	476	110
krauss	2017-01	2017	1	108	10-49	10	#dddbcf	232,230,220	480	108
krauss	2017-02	2017	2	109	1-9	1	#f0efea	238,237,230	484	107
krauss	2017-03	2017	3	110	10-49	10	#dddbcf	226,224,211	489	110
krauss	2017-04	2017	4	111	10-49	10	#dddbcf	229,227,216	493	88
krauss	2017-05	2017	5	112	1-9	1	#f0efea	244,243,238	498	45
krauss	2017-06	2017	6	113	1-9	1	#f0efea	244,243,238	502	105
krauss	2017-07	2017	7	114	1-9	1	#f0efea	244,243,238	507	105
krauss	2017-08	2017	8	115	1-9	1	#f0efea	237,235,227	511	107
krauss	2017-09	2017	9	116	10-49	10	#dddbcf	226,224,211	515	110
krauss	2017-10	2017	10	117	10-49	10	#dddbcf	226,224,211	520	110
krauss	2017-11	2017	11	118	50-99	50	#eda494	230,206,192	524	110
krauss	2017-12	2017	12	119	50-99	50	#eda494	233,197,182	529	110
krauss	2018-01	2018	1	120	10-49	10	#dddbcf	226,224,211	533	110
krauss	2018-02	2018	2	121	50-99	50	#eda494	221,179,165	537	110
krauss	2018-03	2018	3	122	100+	110	#d5342a	211,62,46	542	110
krauss	2018-04	2018	4	123	100+	110	#d5342a	211,62,46	546	110
krauss	2018-05	2018	5	124	50-99	50	#eda494	217,131,116	551	110
krauss	2018-06	2018	6	125	10-49	10	#dddbcf	226,224,211	555	110
krauss	2018-07	2018	7	126	50-99	50	#eda494	231,202,188	560	110
krauss	2018-08	2018	8	127	50-99	50	#eda494	228,132,116	564	110
krauss	2018-09	2018	9	128	100+	110	#d5342a	211,62,46	568	110
krauss	2018-10	2018	10	129	100+	110	#d5342a	211,62,46	573	110
krauss	2018-11	2018	11	130	100+	110	#d5342a	220,96,80	577	110
krauss	2018-12	2018	12	131	50-99	50	#eda494	233,196,181	582	110
krauss	2019-01	2019	1	132	10-49	10	#dddbcf	226,224,211	586	110
krauss	2019-02	2019	2	133	10-49	10	#dddbcf	230,229,218	590	109
krauss	2019-03	2019	3	134	1-9	1	#f0efea	236,235,227	595	107
krauss	2019-04	2019	4	135	10-49	10	#dddbcf	228,226,214	599	89
rothschild	2013-06	2013	6	65	1-9	1	#f0efea	245,244,240	290	69
rothschild	2013-07	2013	7	66	1-9	1	#f0efea	243,242,238	294	70
rothschild	2013-09	2013	9	68	1-9	1	#f0efea	243,242,238	303	50
rothschild	2013-10	2013	10	69	1-9	1	#f0efea	244,244,240	308	70
rothschild	2014-01	2014	1	72	1-9	1	#f0efea	243,242,238	321	50
rothschild	2014-02	2014	2	73	1-9	1	#f0efea	244,243,239	325	90
rothschild	2014-09	2014	9	80	1-9	1	#f0efea	243,242,238	356	50
rothschild	2014-10	2014	10	81	1-9	1	#f0efea	244,243,238	361	110
rothschild	2014-11	2014	11	82	1-9	1	#f0efea	244,243,238	365	110
rothschild	2014-12	2014	12	83	1-9	1	#f0efea	244,243,238	370	110
rothschild	2015-01	2015	1	84	1-9	1	#f0efea	244,243,238	374	110
rothschild	2015-02	2015	2	85	1-9	1	#f0efea	244,243,238	378	110
rothschild	2015-03	2015	3	86	1-9	1	#f0efea	244,243,238	383	110
rothschild	2015-04	2015	4	87	1-9	1	#f0efea	244,243,238	387	110
rothschild	2015-05	2015	5	88	1-9	1	#f0efea	244,243,238	392	110
rothschild	2015-06	2015	6	89	1-9	1	#f0efea	244,243,238	396	110
rothschild	2015-07	2015	7	90	1-9	1	#f0efea	238,237,230	400	110
rothschild	2015-08	2015	8	91	10-49	10	#dddbcf	233,232,222	405	110
rothschild	2015-09	2015	9	92	1-9	1	#f0efea	244,243,238	409	110
rothschild	2015-10	2015	10	93	1-9	1	#f0efea	244,243,238	414	110
rothschild	2015-11	2015	11	94	50-99	50	#eda494	242,216,207	418	110
rothschild	2015-12	2015	12	95	50-99	50	#eda494	238,172,156	423	110
rothschild	2016-01	2016	1	96	50-99	50	#eda494	238,172,156	427	110
rothschild	2016-02	2016	2	97	50-99	50	#eda494	238,172,156	431	110
rothschild	2016-03	2016	3	98	50-99	50	#eda494	238,172,156	436	110
rothschild	2016-04	2016	4	99	50-99	50	#eda494	238,172,156	440	110
rothschild	2016-05	2016	5	100	50-99	50	#eda494	238,172,156	445	110
rothschild	2016-06	2016	6	101	50-99	50	#eda494	226,125,109	449	110
rothschild	2016-07	2016	7	102	50-99	50	#eda494	217,137,122	454	110
rothschild	2016-08	2016	8	103	10-49	10	#dddbcf	225,223,210	458	110
rothschild	2016-09	2016	9	104	50-99	50	#eda494	230,204,190	462	110
rothschild	2016-10	2016	10	105	50-99	50	#eda494	238,172,156	467	110
rothschild	2016-11	2016	11	106	50-99	50	#eda494	228,132,116	471	110
rothschild	2016-12	2016	12	107	50-99	50	#eda494	218,144,130	476	110
rothschild	2017-01	2017	1	108	10-49	10	#dddbcf	225,223,210	480	110
rothschild	2017-02	2017	2	109	50-99	50	#eda494	229,207,193	484	110
rothschild	2017-03	2017	3	110	50-99	50	#eda494	232,195,180	489	110
rothschild	2017-04	2017	4	111	10-49	10	#dddbcf	225,223,210	493	110
rothschild	2017-05	2017	5	112	50-99	50	#eda494	231,200,186	498	110
rothschild	2017-06	2017	6	113	50-99	50	#eda494	233,192,177	502	110
rothschild	2017-07	2017	7	114	10-49	10	#dddbcf	225,223,210	507	110
rothschild	2017-08	2017	8	115	10-49	10	#dddbcf	225,223,210	511	110
rothschild	2017-09	2017	9	116	50-99	50	#eda494	230,205,191	515	110
rothschild	2017-10	2017	10	117	50-99	50	#eda494	238,172,156	520	110
rothschild	2017-11	2017	11	118	50-99	50	#eda494	234,189,174	524	110
rothschild	2017-12	2017	12	119	10-49	10	#dddbcf	225,223,210	529	110
rothschild	2018-01	2018	1	120	50-99	50	#eda494	229,206,192	533	110
rothschild	2018-02	2018	2	121	50-99	50	#eda494	234,186,171	537	110
rothschild	2018-03	2018	3	122	10-49	10	#dddbcf	225,223,210	542	110
rothschild	2018-04	2018	4	123	10-49	10	#dddbcf	225,223,210	546	110
rothschild	2018-05	2018	5	124	10-49	10	#dddbcf	225,223,210	551	110
rothschild	2018-06	2018	6	125	10-49	10	#dddbcf	225,223,210	555	110
rothschild	2018-07	2018	7	126	10-49	10	#dddbcf	233,231,222	560	110
rothschild	2018-08	2018	8	127	1-9	1	#f0efea	244,243,238	564	110
rothschild	2018-09	2018	9	128	1-9	1	#f0efea	244,243,238	568	110
rothschild	2018-10	2018	10	129	1-9	1	#f0efea	244,243,238	573	110
rothschild	2018-11	2018	11	130	1-9	1	#f0efea	238,237,229	577	110
rothschild	2018-12	2018	12	131	10-49	10	#dddbcf	225,223,210	582	110
rothschild	2019-01	2019	1	132	10-49	10	#dddbcf	225,223,210	586	110
rothschild	2019-02	2019	2	133	10-49	10	#dddbcf	225,223,210	590	110
rothschild	2019-03	2019	3	134	10-49	10	#dddbcf	225,223,210	595	110
rothschild	2019-04	2019	4	135	10-49	10	#dddbcf	230,228,217	599	110
rothschild	2019-05	2019	5	136	1-9	1	#f0efea	244,244,240	604	89
pritzker	2009-04	2009	4	15	1-9	1	#f0efea	243,242,238	69	48
pritzker	2009-05	2009	5	16	1-9	1	#f0efea	244,243,238	74	110
pritzker	2009-06	2009	6	17	1-9	1	#f0efea	244,243,238	78	110
pritzker	2009-07	2009	7	18	1-9	1	#f0efea	236,235,226	82	110
pritzker	2009-08	2009	8	19	10-49	10	#dddbcf	225,223,210	87	110
pritzker	2009-09	2009	9	20	10-49	10	#dddbcf	235,234,225	91	110
pritzker	2009-10	2009	10	21	10-49	10	#dddbcf	233,232,222	96	110
pritzker	2009-11	2009	11	22	10-49	10	#dddbcf	225,223,210	100	110
pritzker	2009-12	2009	12	23	10-49	10	#dddbcf	225,223,210	105	110
pritzker	2010-01	2010	1	24	10-49	10	#dddbcf	225,223,210	109	110
pritzker	2010-02	2010	2	25	10-49	10	#dddbcf	234,232,223	113	110
pritzker	2010-03	2010	3	26	10-49	10	#dddbcf	232,231,221	118	110
pritzker	2010-04	2010	4	27	10-49	10	#dddbcf	225,223,210	122	110
pritzker	2010-05	2010	5	28	10-49	10	#dddbcf	225,223,210	127	110
pritzker	2010-06	2010	6	29	10-49	10	#dddbcf	225,223,210	131	110
pritzker	2010-07	2010	7	30	10-49	10	#dddbcf	225,223,210	136	110
pritzker	2010-08	2010	8	31	10-49	10	#dddbcf	225,223,210	140	110
pritzker	2010-09	2010	9	32	10-49	10	#dddbcf	225,223,210	144	110
pritzker	2010-10	2010	10	33	10-49	10	#dddbcf	225,223,210	149	110
pritzker	2010-11	2010	11	34	10-49	10	#dddbcf	225,223,210	153	110
pritzker	2010-12	2010	12	35	10-49	10	#dddbcf	225,223,210	158	110
pritzker	2011-01	2011	1	36	10-49	10	#dddbcf	234,233,224	162	110
pritzker	2011-02	2011	2	37	1-9	1	#f0efea	236,234,226	166	110
pritzker	2011-03	2011	3	38	50-99	50	#eda494	233,192,178	171	110
pritzker	2011-04	2011	4	39	50-99	50	#eda494	232,194,179	175	110
pritzker	2011-05	2011	5	40	10-49	10	#dddbcf	225,223,210	180	110
pritzker	2011-06	2011	6	41	50-99	50	#eda494	232,195,181	184	110
pritzker	2011-07	2011	7	42	50-99	50	#eda494	233,191,176	188	110
pritzker	2011-08	2011	8	43	10-49	10	#dddbcf	225,223,210	193	110
pritzker	2011-09	2011	9	44	10-49	10	#dddbcf	225,223,210	197	110
pritzker	2011-10	2011	10	45	50-99	50	#eda494	232,196,181	202	110
pritzker	2011-11	2011	11	46	50-99	50	#eda494	232,196,181	206	110
pritzker	2011-12	2011	12	47	50-99	50	#eda494	233,191,176	211	110
pritzker	2012-01	2012	1	48	50-99	50	#eda494	232,196,181	215	110
pritzker	2012-02	2012	2	49	10-49	10	#dddbcf	225,223,210	219	110
pritzker	2012-03	2012	3	50	50-99	50	#eda494	233,194,179	224	110
pritzker	2012-04	2012	4	51	50-99	50	#eda494	233,193,178	228	110
pritzker	2012-05	2012	5	52	10-49	10	#dddbcf	225,223,210	233	110
pritzker	2012-06	2012	6	53	10-49	10	#dddbcf	225,223,210	237	110
pritzker	2012-07	2012	7	54	10-49	10	#dddbcf	225,223,210	242	110
pritzker	2012-08	2012	8	55	10-49	10	#dddbcf	225,223,210	246	110
pritzker	2012-09	2012	9	56	10-49	10	#dddbcf	225,223,210	250	110
pritzker	2012-10	2012	10	57	10-49	10	#dddbcf	235,233,224	255	110
pritzker	2012-11	2012	11	58	10-49	10	#dddbcf	235,234,226	259	110
pritzker	2012-12	2012	12	59	10-49	10	#dddbcf	225,223,210	264	110
pritzker	2013-01	2013	1	60	10-49	10	#dddbcf	225,223,210	268	110
pritzker	2013-02	2013	2	61	10-49	10	#dddbcf	225,223,210	272	110
pritzker	2013-03	2013	3	62	10-49	10	#dddbcf	235,234,226	277	110
pritzker	2013-04	2013	4	63	1-9	1	#f0efea	237,235,227	281	110
pritzker	2013-05	2013	5	64	10-49	10	#dddbcf	225,223,210	286	110
pritzker	2013-06	2013	6	65	10-49	10	#dddbcf	225,223,210	290	110
pritzker	2013-07	2013	7	66	10-49	10	#dddbcf	231,230,220	294	110
pritzker	2013-08	2013	8	67	10-49	10	#dddbcf	235,234,225	299	110
pritzker	2013-09	2013	9	68	10-49	10	#dddbcf	233,232,222	303	110
pritzker	2013-10	2013	10	69	10-49	10	#dddbcf	235,234,225	308	110
pritzker	2013-11	2013	11	70	10-49	10	#dddbcf	233,232,222	312	110
pritzker	2013-12	2013	12	71	1-9	1	#f0efea	244,243,238	317	110
pritzker	2014-01	2014	1	72	1-9	1	#f0efea	236,235,226	321	110
pritzker	2014-02	2014	2	73	10-49	10	#dddbcf	232,231,221	325	110
pritzker	2014-03	2014	3	74	10-49	10	#dddbcf	234,233,224	330	110
pritzker	2014-04	2014	4	75	10-49	10	#dddbcf	232,230,220	334	110
pritzker	2014-05	2014	5	76	10-49	10	#dddbcf	234,233,224	339	110
pritzker	2014-06	2014	6	77	10-49	10	#dddbcf	225,223,210	343	110
pritzker	2014-07	2014	7	78	10-49	10	#dddbcf	235,233,225	348	110
pritzker	2014-08	2014	8	79	10-49	10	#dddbcf	235,234,225	352	110
pritzker	2014-09	2014	9	80	10-49	10	#dddbcf	225,223,210	356	110
pritzker	2014-10	2014	10	81	10-49	10	#dddbcf	225,223,210	361	110
pritzker	2014-11	2014	11	82	10-49	10	#dddbcf	225,223,210	365	110
pritzker	2014-12	2014	12	83	10-49	10	#dddbcf	225,223,210	370	110
pritzker	2015-01	2015	1	84	10-49	10	#dddbcf	233,231,221	374	110
pritzker	2015-02	2015	2	85	1-9	1	#f0efea	244,243,238	378	110
pritzker	2015-03	2015	3	86	10-49	10	#dddbcf	235,233,224	383	110
pritzker	2015-04	2015	4	87	10-49	10	#dddbcf	225,223,210	387	110
pritzker	2015-05	2015	5	88	10-49	10	#dddbcf	234,233,224	392	110
pritzker	2015-06	2015	6	89	1-9	1	#f0efea	244,243,238	396	110
pritzker	2015-07	2015	7	90	1-9	1	#f0efea	239,237,230	400	110
pritzker	2015-08	2015	8	91	10-49	10	#dddbcf	225,223,210	405	110
pritzker	2015-09	2015	9	92	10-49	10	#dddbcf	225,223,210	409	110
pritzker	2015-10	2015	10	93	10-49	10	#dddbcf	225,223,210	414	110
pritzker	2015-11	2015	11	94	10-49	10	#dddbcf	225,223,210	418	110
pritzker	2015-12	2015	12	95	10-49	10	#dddbcf	235,234,225	423	110
pritzker	2016-01	2016	1	96	1-9	1	#f0efea	237,235,228	427	110
pritzker	2016-02	2016	2	97	10-49	10	#dddbcf	225,223,210	431	110
pritzker	2016-03	2016	3	98	10-49	10	#dddbcf	225,223,210	436	110
pritzker	2016-04	2016	4	99	10-49	10	#dddbcf	225,223,210	440	110
pritzker	2016-05	2016	5	100	50-99	50	#eda494	231,199,184	445	110
pritzker	2016-06	2016	6	101	50-99	50	#eda494	233,193,179	449	110
pritzker	2016-07	2016	7	102	10-49	10	#dddbcf	234,232,223	454	110
pritzker	2016-08	2016	8	103	1-9	1	#f0efea	236,235,227	458	110
pritzker	2016-09	2016	9	104	50-99	50	#eda494	230,204,190	462	110
pritzker	2016-10	2016	10	105	50-99	50	#eda494	233,193,178	467	110
pritzker	2016-11	2016	11	106	50-99	50	#eda494	230,205,191	471	110
pritzker	2016-12	2016	12	107	50-99	50	#eda494	238,172,156	476	110
pritzker	2017-01	2017	1	108	50-99	50	#eda494	234,190,175	480	110
pritzker	2017-02	2017	2	109	10-49	10	#dddbcf	225,223,210	484	110
pritzker	2017-03	2017	3	110	10-49	10	#dddbcf	225,223,210	489	110
pritzker	2017-04	2017	4	111	10-49	10	#dddbcf	225,223,210	493	110
pritzker	2017-05	2017	5	112	10-49	10	#dddbcf	234,232,223	498	110
pritzker	2017-06	2017	6	113	1-9	1	#f0efea	236,235,227	502	110
pritzker	2017-07	2017	7	114	10-49	10	#dddbcf	225,223,210	507	110
pritzker	2017-08	2017	8	115	10-49	10	#dddbcf	233,231,221	511	110
pritzker	2017-09	2017	9	116	1-9	1	#f0efea	238,236,229	515	110
pritzker	2017-10	2017	10	117	10-49	10	#dddbcf	225,223,210	520	110
pritzker	2017-11	2017	11	118	10-49	10	#dddbcf	225,223,210	524	110
pritzker	2017-12	2017	12	119	10-49	10	#dddbcf	234,233,224	529	110
pritzker	2018-01	2018	1	120	10-49	10	#dddbcf	242,219,211	533	110
pritzker	2018-02	2018	2	121	50-99	50	#eda494	240,192,179	537	110
pritzker	2018-03	2018	3	122	1-9	1	#f0efea	236,234,226	542	110
pritzker	2018-04	2018	4	123	50-99	50	#eda494	229,209,195	546	110
pritzker	2018-05	2018	5	124	50-99	50	#eda494	233,193,179	551	110
pritzker	2018-06	2018	6	125	10-49	10	#dddbcf	225,223,210	555	110
pritzker	2018-07	2018	7	126	10-49	10	#dddbcf	225,223,210	560	110
pritzker	2018-08	2018	8	127	10-49	10	#dddbcf	225,223,210	564	110
pritzker	2018-09	2018	9	128	10-49	10	#dddbcf	225,223,210	568	110
pritzker	2018-10	2018	10	129	10-49	10	#dddbcf	225,223,210	573	110
pritzker	2018-11	2018	11	130	10-49	10	#dddbcf	225,223,210	577	110
pritzker	2018-12	2018	12	131	10-49	10	#dddbcf	225,223,210	582	110
pritzker	2019-01	2019	1	132	10-49	10	#dddbcf	225,223,210	586	110
pritzker	2019-02	2019	2	133	10-49	10	#dddbcf	230,228,217	590	110
pritzker	2019-03	2019	3	134	1-9	1	#f0efea	236,235,227	595	110
pritzker	2019-04	2019	4	135	10-49	10	#dddbcf	230,228,217	599	110
pritzker	2019-05	2019	5	136	1-9	1	#f0efea	245,244,240	604	88
wolff	2009-12	2009	12	23	1-9	1	#f0efea	243,242,238	105	70
wolff	2010-01	2010	1	24	1-9	1	#f0efea	243,242,238	109	50
wolff	2011-02	2011	2	37	1-9	1	#f0efea	243,242,238	166	50
wolff	2011-03	2011	3	38	1-9	1	#f0efea	244,244,240	171	70
wolff	2011-04	2011	4	39	1-9	1	#f0efea	243,242,238	175	50
wolff	2011-05	2011	5	40	1-9	1	#f0efea	244,244,240	180	70
wolff	2011-06	2011	6	41	10-49	10	#dddbcf	228,227,215	184	70
wolff	2011-07	2011	7	42	10-49	10	#dddbcf	225,223,210	188	110
wolff	2011-08	2011	8	43	10-49	10	#dddbcf	225,223,210	193	110
wolff	2011-09	2011	9	44	10-49	10	#dddbcf	225,223,210	197	110
wolff	2011-10	2011	10	45	10-49	10	#dddbcf	225,223,210	202	110
wolff	2011-11	2011	11	46	10-49	10	#dddbcf	225,223,210	206	110
wolff	2011-12	2011	12	47	1-9	1	#f0efea	237,235,228	211	110
wolff	2012-01	2012	1	48	10-49	10	#dddbcf	235,234,225	215	110
wolff	2012-02	2012	2	49	10-49	10	#dddbcf	233,231,222	219	110
wolff	2012-03	2012	3	50	10-49	10	#dddbcf	233,232,222	224	110
wolff	2012-04	2012	4	51	10-49	10	#dddbcf	233,231,222	228	110
wolff	2012-05	2012	5	52	1-9	1	#f0efea	244,243,238	233	110
wolff	2012-06	2012	6	53	1-9	1	#f0efea	244,243,239	237	70
wolff	2012-07	2012	7	54	1-9	1	#f0efea	244,243,239	242	70
wolff	2012-08	2012	8	55	1-9	1	#f0efea	244,243,238	246	110
wolff	2012-09	2012	9	56	10-49	10	#dddbcf	235,234,225	250	110
wolff	2012-10	2012	10	57	10-49	10	#dddbcf	225,223,210	255	110
wolff	2012-11	2012	11	58	10-49	10	#dddbcf	234,232,223	259	110
wolff	2012-12	2012	12	59	1-9	1	#f0efea	244,243,238	264	110
wolff	2013-01	2013	1	60	1-9	1	#f0efea	244,243,238	268	110
wolff	2013-02	2013	2	61	1-9	1	#f0efea	244,243,238	272	110
wolff	2013-03	2013	3	62	1-9	1	#f0efea	244,243,238	277	110
wolff	2013-04	2013	4	63	1-9	1	#f0efea	244,243,238	281	70
wolff	2013-05	2013	5	64	10-49	10	#dddbcf	228,227,215	286	70
wolff	2013-06	2013	6	65	10-49	10	#dddbcf	234,233,224	290	110
wolff	2013-07	2013	7	66	1-9	1	#f0efea	237,236,229	294	110
wolff	2013-08	2013	8	67	10-49	10	#dddbcf	234,233,224	299	110
wolff	2013-09	2013	9	68	10-49	10	#dddbcf	235,234,226	303	110
wolff	2013-10	2013	10	69	10-49	10	#dddbcf	234,233,223	308	110
wolff	2013-11	2013	11	70	10-49	10	#dddbcf	235,234,226	312	110
wolff	2013-12	2013	12	71	1-9	1	#f0efea	236,234,226	317	110
wolff	2014-01	2014	1	72	1-9	1	#f0efea	236,234,226	321	110
wolff	2014-02	2014	2	73	10-49	10	#dddbcf	225,223,210	325	110
wolff	2014-03	2014	3	74	10-49	10	#dddbcf	235,234,225	330	110
wolff	2014-04	2014	4	75	1-9	1	#f0efea	244,243,238	334	110
wolff	2014-05	2014	5	76	1-9	1	#f0efea	244,243,238	339	110
wolff	2014-06	2014	6	77	1-9	1	#f0efea	243,242,238	343	70
wolff	2014-07	2014	7	78	10-49	10	#dddbcf	229,228,217	348	70
wolff	2014-08	2014	8	79	10-49	10	#dddbcf	225,223,210	352	110
wolff	2014-09	2014	9	80	10-49	10	#dddbcf	225,223,210	356	110
wolff	2014-10	2014	10	81	10-49	10	#dddbcf	225,223,210	361	110
wolff	2014-11	2014	11	82	10-49	10	#dddbcf	232,231,221	365	110
wolff	2014-12	2014	12	83	10-49	10	#dddbcf	233,232,223	370	110
wolff	2015-01	2015	1	84	50-99	50	#eda494	219,159,145	374	110
wolff	2015-02	2015	2	85	100+	110	#d5342a	210,63,47	378	110
wolff	2015-03	2015	3	86	100+	110	#d5342a	210,63,47	383	110
wolff	2015-04	2015	4	87	100+	110	#d5342a	215,118,103	387	110
wolff	2015-05	2015	5	88	10-49	10	#dddbcf	225,223,210	392	110
wolff	2015-06	2015	6	89	10-49	10	#dddbcf	225,223,210	396	110
wolff	2015-07	2015	7	90	10-49	10	#dddbcf	230,229,218	400	110
wolff	2015-08	2015	8	91	10-49	10	#dddbcf	235,234,226	405	110
wolff	2015-09	2015	9	92	10-49	10	#dddbcf	225,223,210	409	110
wolff	2015-10	2015	10	93	10-49	10	#dddbcf	233,232,222	414	110
wolff	2015-11	2015	11	94	1-9	1	#f0efea	237,235,227	418	110
wolff	2015-12	2015	12	95	10-49	10	#dddbcf	225,223,210	423	110
wolff	2016-01	2016	1	96	10-49	10	#dddbcf	232,231,220	427	110
wolff	2016-02	2016	2	97	1-9	1	#f0efea	238,236,229	431	110
wolff	2016-03	2016	3	98	10-49	10	#dddbcf	225,223,210	436	110
wolff	2016-04	2016	4	99	10-49	10	#dddbcf	225,223,210	440	110
wolff	2016-05	2016	5	100	10-49	10	#dddbcf	225,223,210	445	110
wolff	2016-06	2016	6	101	10-49	10	#dddbcf	225,223,210	449	110
wolff	2016-07	2016	7	102	10-49	10	#dddbcf	225,223,210	454	110
wolff	2016-08	2016	8	103	10-49	10	#dddbcf	225,223,210	458	110
wolff	2016-09	2016	9	104	10-49	10	#dddbcf	225,223,210	462	110
wolff	2016-10	2016	10	105	10-49	10	#dddbcf	225,223,210	467	110
wolff	2016-11	2016	11	106	10-49	10	#dddbcf	225,223,210	471	110
wolff	2016-12	2016	12	107	10-49	10	#dddbcf	225,223,210	476	110
wolff	2017-01	2017	1	108	10-49	10	#dddbcf	225,223,210	480	110
wolff	2017-02	2017	2	109	10-49	10	#dddbcf	225,223,210	484	110
wolff	2017-03	2017	3	110	50-99	50	#eda494	231,200,186	489	110
wolff	2017-04	2017	4	111	50-99	50	#eda494	238,172,156	493	110
wolff	2017-05	2017	5	112	50-99	50	#eda494	238,172,156	498	110
wolff	2017-06	2017	6	113	50-99	50	#eda494	233,192,177	502	110
wolff	2017-07	2017	7	114	50-99	50	#eda494	231,200,186	507	110
wolff	2017-08	2017	8	115	50-99	50	#eda494	238,172,156	511	110
wolff	2017-09	2017	9	116	50-99	50	#eda494	234,190,175	515	110
wolff	2017-10	2017	10	117	50-99	50	#eda494	219,161,147	520	110
wolff	2017-11	2017	11	118	100+	110	#d5342a	210,63,47	524	110
wolff	2017-12	2017	12	119	100+	110	#d5342a	210,63,47	529	110
wolff	2018-01	2018	1	120	100+	110	#d5342a	210,63,47	533	110
wolff	2018-02	2018	2	121	100+	110	#d5342a	218,93,78	537	110
wolff	2018-03	2018	3	122	50-99	50	#eda494	238,172,156	542	110
wolff	2018-04	2018	4	123	50-99	50	#eda494	238,172,156	546	110
wolff	2018-05	2018	5	124	50-99	50	#eda494	238,172,156	551	110
wolff	2018-06	2018	6	125	50-99	50	#eda494	238,172,156	555	110
wolff	2018-07	2018	7	126	50-99	50	#eda494	238,172,156	560	110
wolff	2018-08	2018	8	127	50-99	50	#eda494	238,172,156	564	110
wolff	2018-09	2018	9	128	50-99	50	#eda494	234,188,173	568	110
wolff	2018-10	2018	10	129	10-49	10	#dddbcf	225,223,210	573	110
wolff	2018-11	2018	11	130	10-49	10	#dddbcf	225,223,210	577	110
wolff	2018-12	2018	12	131	50-99	50	#eda494	231,200,185	582	110
wolff	2019-01	2019	1	132	50-99	50	#eda494	234,188,173	586	110
wolff	2019-02	2019	2	133	10-49	10	#dddbcf	228,210,196	590	110
wolff	2019-03	2019	3	134	50-99	50	#eda494	233,193,178	595	110
wolff	2019-04	2019	4	135	10-49	10	#dddbcf	225,223,210	599	110
wolff	2019-05	2019	5	136	10-49	10	#dddbcf	232,231,221	604	110
wolff	2019-06	2019	6	137	1-9	1	#f0efea	244,243,239	608	90
chomsky	2012-03	2012	3	50	1-9	1	#f0efea	244,243,239	224	70
chomsky	2012-04	2012	4	51	1-9	1	#f0efea	244,243,238	228	110
chomsky	2012-05	2012	5	52	1-9	1	#f0efea	244,243,239	233	70
chomsky	2015-05	2015	5	88	10-49	10	#dddbcf	230,229,219	392	70
chomsky	2015-06	2015	6	89	10-49	10	#dddbcf	225,223,210	396	110
chomsky	2015-07	2015	7	90	10-49	10	#dddbcf	230,229,218	400	110
chomsky	2015-08	2015	8	91	1-9	1	#f0efea	244,243,238	405	110
chomsky	2015-09	2015	9	92	1-9	1	#f0efea	237,235,227	409	110
chomsky	2015-10	2015	10	93	50-99	50	#eda494	231,201,186	414	110
chomsky	2015-11	2015	11	94	50-99	50	#eda494	234,186,170	418	110
chomsky	2015-12	2015	12	95	10-49	10	#dddbcf	235,234,225	423	110
chomsky	2016-01	2016	1	96	1-9	1	#f0efea	244,243,238	427	110
chomsky	2016-02	2016	2	97	1-9	1	#f0efea	244,243,238	431	110
chomsky	2016-03	2016	3	98	1-9	1	#f0efea	237,236,228	436	110
chomsky	2016-04	2016	4	99	10-49	10	#dddbcf	231,229,219	440	110
chomsky	2016-05	2016	5	100	10-49	10	#dddbcf	235,234,225	445	110
chomsky	2016-06	2016	6	101	10-49	10	#dddbcf	233,231,222	449	110
chomsky	2016-07	2016	7	102	10-49	10	#dddbcf	235,234,225	454	110
chomsky	2016-08	2016	8	103	10-49	10	#dddbcf	225,223,210	458	110
chomsky	2016-09	2016	9	104	10-49	10	#dddbcf	225,223,210	462	110
chomsky	2016-10	2016	10	105	10-49	10	#dddbcf	225,223,210	467	110
chomsky	2016-11	2016	11	106	50-99	50	#eda494	230,205,191	471	110
chomsky	2016-12	2016	12	107	50-99	50	#eda494	231,198,183	476	110
chomsky	2017-01	2017	1	108	10-49	10	#dddbcf	225,223,210	480	110
chomsky	2017-02	2017	2	109	10-49	10	#dddbcf	225,223,210	484	110
chomsky	2017-03	2017	3	110	10-49	10	#dddbcf	225,223,210	489	110
chomsky	2017-04	2017	4	111	10-49	10	#dddbcf	225,223,210	493	110
chomsky	2017-05	2017	5	112	10-49	10	#dddbcf	225,223,210	498	110
chomsky	2017-06	2017	6	113	50-99	50	#eda494	230,203,188	502	110
chomsky	2017-07	2017	7	114	100+	110	#d5342a	226,123,107	507	110
chomsky	2017-08	2017	8	115	100+	110	#d5342a	221,105,89	511	110
chomsky	2017-09	2017	9	116	50-99	50	#eda494	238,172,156	515	110
chomsky	2017-10	2017	10	117	50-99	50	#eda494	227,129,113	520	110
chomsky	2017-11	2017	11	118	100+	110	#d5342a	210,62,46	524	110
chomsky	2017-12	2017	12	119	100+	110	#d5342a	210,62,46	529	110
chomsky	2018-01	2018	1	120	100+	110	#d5342a	210,62,46	533	110
chomsky	2018-02	2018	2	121	100+	110	#d5342a	218,92,76	537	110
chomsky	2018-03	2018	3	122	50-99	50	#eda494	238,172,156	542	110
chomsky	2018-04	2018	4	123	50-99	50	#eda494	238,172,156	546	110
chomsky	2018-05	2018	5	124	50-99	50	#eda494	238,172,156	551	110
chomsky	2018-06	2018	6	125	50-99	50	#eda494	233,191,176	555	110
chomsky	2018-07	2018	7	126	50-99	50	#eda494	219,155,141	560	110
chomsky	2018-08	2018	8	127	100+	110	#d5342a	220,102,86	564	110
chomsky	2018-09	2018	9	128	50-99	50	#eda494	234,188,173	568	110
chomsky	2018-10	2018	10	129	50-99	50	#eda494	230,204,190	573	110
chomsky	2018-11	2018	11	130	50-99	50	#eda494	234,188,173	577	110
chomsky	2018-12	2018	12	131	10-49	10	#dddbcf	225,223,210	582	110
chomsky	2019-01	2019	1	132	10-49	10	#dddbcf	225,223,210	586	110
chomsky	2019-02	2019	2	133	10-49	10	#dddbcf	225,223,210	590	110
chomsky	2019-03	2019	3	134	10-49	10	#dddbcf	225,223,210	595	110
chomsky	2019-04	2019	4	135	10-49	10	#dddbcf	230,228,217	599	110
chomsky	2019-05	2019	5	136	1-9	1	#f0efea	245,244,240	604	89
summers	2010-09	2010	9	32	1-9	1	#f0efea	245,244,240	144	72
summers	2010-10	2010	10	33	1-9	1	#f0efea	243,242,238	149	52
summers	2011-01	2011	1	36	10-49	10	#dddbcf	231,230,220	162	73
summers	2011-02	2011	2	37	10-49	10	#dddbcf	226,224,212	166	115
summers	2011-03	2011	3	38	10-49	10	#dddbcf	226,224,212	171	115
summers	2011-04	2011	4	39	10-49	10	#dddbcf	234,232,223	175	115
summers	2011-05	2011	5	40	10-49	10	#dddbcf	234,232,223	180	115
summers	2011-06	2011	6	41	10-49	10	#dddbcf	226,224,212	184	115
summers	2011-07	2011	7	42	10-49	10	#dddbcf	226,224,212	188	115
summers	2011-08	2011	8	43	10-49	10	#dddbcf	226,224,212	193	115
summers	2011-09	2011	9	44	10-49	10	#dddbcf	235,233,225	197	115
summers	2011-10	2011	10	45	1-9	1	#f0efea	244,243,239	202	115
summers	2011-11	2011	11	46	1-9	1	#f0efea	244,243,239	206	73
summers	2012-01	2012	1	48	10-49	10	#dddbcf	232,231,222	215	73
summers	2012-02	2012	2	49	10-49	10	#dddbcf	234,232,223	219	115
summers	2012-03	2012	3	50	1-9	1	#f0efea	244,243,239	224	115
summers	2012-04	2012	4	51	1-9	1	#f0efea	244,243,239	228	115
summers	2012-05	2012	5	52	1-9	1	#f0efea	244,243,239	233	115
summers	2012-06	2012	6	53	1-9	1	#f0efea	244,243,239	237	115
summers	2012-07	2012	7	54	1-9	1	#f0efea	243,242,238	242	52
summers	2012-08	2012	8	55	1-9	1	#f0efea	245,244,240	246	72
summers	2012-09	2012	9	56	1-9	1	#f0efea	236,235,226	250	115
summers	2012-10	2012	10	57	10-49	10	#dddbcf	235,234,225	255	115
summers	2012-11	2012	11	58	1-9	1	#f0efea	244,243,239	259	115
summers	2012-12	2012	12	59	1-9	1	#f0efea	244,243,239	264	115
summers	2013-01	2013	1	60	1-9	1	#f0efea	244,243,239	268	115
summers	2013-02	2013	2	61	1-9	1	#f0efea	237,236,228	272	115
summers	2013-03	2013	3	62	1-9	1	#f0efea	236,235,227	277	115
summers	2013-04	2013	4	63	1-9	1	#f0efea	237,236,228	281	115
summers	2013-05	2013	5	64	1-9	1	#f0efea	236,235,226	286	115
summers	2013-06	2013	6	65	1-9	1	#f0efea	244,243,239	290	115
summers	2013-07	2013	7	66	1-9	1	#f0efea	244,243,239	294	115
summers	2013-08	2013	8	67	1-9	1	#f0efea	244,243,239	299	73
summers	2013-09	2013	9	68	1-9	1	#f0efea	243,242,238	303	52
summers	2013-10	2013	10	69	1-9	1	#f0efea	236,234,226	308	115
summers	2013-11	2013	11	70	10-49	10	#dddbcf	226,224,212	312	115
summers	2013-12	2013	12	71	10-49	10	#dddbcf	226,224,212	317	115
summers	2014-01	2014	1	72	50-99	50	#eda494	231,203,189	321	115
summers	2014-02	2014	2	73	50-99	50	#eda494	241,200,189	325	115
summers	2014-03	2014	3	74	10-49	10	#dddbcf	235,233,225	330	115
summers	2014-04	2014	4	75	10-49	10	#dddbcf	226,224,212	334	115
summers	2014-05	2014	5	76	10-49	10	#dddbcf	235,234,226	339	115
summers	2014-06	2014	6	77	1-9	1	#f0efea	236,234,226	343	115
summers	2014-07	2014	7	78	50-99	50	#eda494	232,199,185	348	115
summers	2014-08	2014	8	79	50-99	50	#eda494	233,198,183	352	115
summers	2014-09	2014	9	80	50-99	50	#eda494	231,204,190	356	115
summers	2014-10	2014	10	81	50-99	50	#eda494	239,175,159	361	115
summers	2014-11	2014	11	82	50-99	50	#eda494	239,175,159	365	115
summers	2014-12	2014	12	83	50-99	50	#eda494	232,202,188	370	115
summers	2015-01	2015	1	84	10-49	10	#dddbcf	226,224,212	374	115
summers	2015-02	2015	2	85	10-49	10	#dddbcf	226,224,212	378	115
summers	2015-03	2015	3	86	10-49	10	#dddbcf	235,234,225	383	115
summers	2015-04	2015	4	87	1-9	1	#f0efea	238,237,229	387	115
summers	2015-05	2015	5	88	50-99	50	#eda494	232,200,186	392	115
summers	2015-06	2015	6	89	50-99	50	#eda494	233,197,183	396	115
summers	2015-07	2015	7	90	10-49	10	#dddbcf	226,224,212	400	115
summers	2015-08	2015	8	91	10-49	10	#dddbcf	226,224,212	405	115
summers	2015-09	2015	9	92	50-99	50	#eda494	231,205,191	409	115
summers	2015-10	2015	10	93	50-99	50	#eda494	227,129,114	414	115
summers	2015-11	2015	11	94	50-99	50	#eda494	217,128,114	418	115
summers	2015-12	2015	12	95	10-49	10	#dddbcf	226,224,212	423	115
summers	2016-01	2016	1	96	10-49	10	#dddbcf	226,224,212	427	115
summers	2016-02	2016	2	97	10-49	10	#dddbcf	226,224,212	431	115
summers	2016-03	2016	3	98	10-49	10	#dddbcf	226,224,212	436	115
summers	2016-04	2016	4	99	10-49	10	#dddbcf	226,224,212	440	115
summers	2016-05	2016	5	100	10-49	10	#dddbcf	226,224,212	445	115
summers	2016-06	2016	6	101	10-49	10	#dddbcf	226,224,212	449	115
summers	2016-07	2016	7	102	10-49	10	#dddbcf	226,224,212	454	115
summers	2016-08	2016	8	103	10-49	10	#dddbcf	226,224,212	458	115
summers	2016-09	2016	9	104	10-49	10	#dddbcf	226,224,212	462	115
summers	2016-10	2016	10	105	10-49	10	#dddbcf	226,224,212	467	115
summers	2016-11	2016	11	106	50-99	50	#eda494	230,207,193	471	115
summers	2016-12	2016	12	107	50-99	50	#eda494	232,200,186	476	115
summers	2017-01	2017	1	108	10-49	10	#dddbcf	226,224,212	480	115
summers	2017-02	2017	2	109	50-99	50	#eda494	230,209,196	484	115
summers	2017-03	2017	3	110	50-99	50	#eda494	241,206,195	489	115
summers	2017-04	2017	4	111	1-9	1	#f0efea	244,243,239	493	115
summers	2017-05	2017	5	112	1-9	1	#f0efea	244,243,239	498	115
summers	2017-06	2017	6	113	1-9	1	#f0efea	237,236,228	502	115
summers	2017-07	2017	7	114	10-49	10	#dddbcf	226,224,212	507	115
summers	2017-08	2017	8	115	10-49	10	#dddbcf	226,224,212	511	115
summers	2017-09	2017	9	116	10-49	10	#dddbcf	232,231,221	515	115
summers	2017-10	2017	10	117	1-9	1	#f0efea	237,236,228	520	115
summers	2017-11	2017	11	118	10-49	10	#dddbcf	232,231,221	524	115
summers	2017-12	2017	12	119	10-49	10	#dddbcf	235,234,226	529	115
summers	2018-01	2018	1	120	10-49	10	#dddbcf	232,230,221	533	115
summers	2018-02	2018	2	121	1-9	1	#f0efea	244,243,239	537	115
summers	2018-03	2018	3	122	1-9	1	#f0efea	236,235,227	542	115
summers	2018-04	2018	4	123	10-49	10	#dddbcf	229,227,216	546	94
summers	2018-05	2018	5	124	1-9	1	#f0efea	243,242,238	551	52
summers	2018-06	2018	6	125	1-9	1	#f0efea	245,244,240	555	93
summers	2018-07	2018	7	126	1-9	1	#f0efea	243,242,239	560	52
summers	2018-08	2018	8	127	1-9	1	#f0efea	244,243,239	564	115
summers	2018-09	2018	9	128	1-9	1	#f0efea	244,243,239	568	115
summers	2018-10	2018	10	129	1-9	1	#f0efea	238,236,229	573	115
summers	2018-11	2018	11	130	50-99	50	#eda494	221,176,162	577	115
summers	2018-12	2018	12	131	100+	110	#d5342a	224,118,103	582	115
summers	2019-01	2019	1	132	50-99	50	#eda494	239,175,159	586	115
summers	2019-02	2019	2	133	50-99	50	#eda494	239,175,159	590	115
summers	2019-03	2019	3	134	50-99	50	#eda494	233,195,181	595	115
summers	2019-04	2019	4	135	10-49	10	#dddbcf	228,226,215	599	94
bannon	2009-05	2009	5	16	1-9	1	#f0efea	243,242,238	74	70
bannon	2009-06	2009	6	17	1-9	1	#f0efea	244,243,238	78	110
bannon	2009-07	2009	7	18	1-9	1	#f0efea	244,243,238	82	110
bannon	2009-08	2009	8	19	1-9	1	#f0efea	244,243,238	87	110
bannon	2009-09	2009	9	20	1-9	1	#f0efea	244,243,238	91	110
bannon	2009-10	2009	10	21	1-9	1	#f0efea	244,243,238	96	110
bannon	2009-11	2009	11	22	1-9	1	#f0efea	244,243,238	100	110
bannon	2009-12	2009	12	23	1-9	1	#f0efea	244,243,238	105	110
bannon	2010-01	2010	1	24	1-9	1	#f0efea	244,243,238	109	110
bannon	2010-02	2010	2	25	1-9	1	#f0efea	244,243,238	113	110
bannon	2010-03	2010	3	26	1-9	1	#f0efea	244,243,238	118	110
bannon	2010-04	2010	4	27	1-9	1	#f0efea	244,243,239	122	70
bannon	2010-05	2010	5	28	1-9	1	#f0efea	243,243,238	127	70
bannon	2010-06	2010	6	29	1-9	1	#f0efea	244,243,239	131	70
bannon	2011-02	2011	2	37	1-9	1	#f0efea	243,242,238	166	50
bannon	2011-03	2011	3	38	1-9	1	#f0efea	244,243,238	171	110
bannon	2011-04	2011	4	39	1-9	1	#f0efea	244,243,238	175	110
bannon	2011-05	2011	5	40	1-9	1	#f0efea	244,243,240	180	70
bannon	2011-09	2011	9	44	1-9	1	#f0efea	243,242,238	197	50
bannon	2011-10	2011	10	45	1-9	1	#f0efea	243,242,238	202	50
bannon	2011-11	2011	11	46	1-9	1	#f0efea	243,242,238	206	50
bannon	2011-12	2011	12	47	1-9	1	#f0efea	243,242,238	211	50
bannon	2012-05	2012	5	52	1-9	1	#f0efea	244,243,239	233	70
bannon	2012-06	2012	6	53	1-9	1	#f0efea	243,243,238	237	70
bannon	2013-05	2013	5	64	1-9	1	#f0efea	244,243,239	286	70
bannon	2013-06	2013	6	65	1-9	1	#f0efea	244,243,238	290	110
bannon	2013-07	2013	7	66	1-9	1	#f0efea	244,243,238	294	110
bannon	2013-08	2013	8	67	1-9	1	#f0efea	243,242,238	299	70
bannon	2014-03	2014	3	74	1-9	1	#f0efea	244,243,239	330	70
bannon	2014-04	2014	4	75	1-9	1	#f0efea	243,242,238	334	70
bannon	2014-11	2014	11	82	1-9	1	#f0efea	243,242,238	365	50
bannon	2014-12	2014	12	83	1-9	1	#f0efea	244,243,239	370	70
bannon	2015-03	2015	3	86	1-9	1	#f0efea	244,244,240	383	70
bannon	2015-04	2015	4	87	1-9	1	#f0efea	243,242,238	387	70
bannon	2015-09	2015	9	92	1-9	1	#f0efea	243,242,238	409	50
bannon	2015-10	2015	10	93	1-9	1	#f0efea	244,243,239	414	70
bannon	2016-08	2016	8	103	1-9	1	#f0efea	243,242,238	458	50
bannon	2016-09	2016	9	104	1-9	1	#f0efea	244,243,239	462	90
bannon	2017-11	2017	11	118	1-9	1	#f0efea	244,243,239	524	50
bannon	2017-12	2017	12	119	10-49	10	#dddbcf	235,233,225	529	110
bannon	2018-01	2018	1	120	50-99	50	#eda494	220,170,156	533	110
bannon	2018-02	2018	2	121	100+	110	#d5342a	210,63,47	537	110
bannon	2018-03	2018	3	122	100+	110	#d5342a	222,110,94	542	110
bannon	2018-04	2018	4	123	50-99	50	#eda494	238,172,156	546	110
bannon	2018-05	2018	5	124	50-99	50	#eda494	238,172,156	551	110
bannon	2018-06	2018	6	125	50-99	50	#eda494	238,172,156	555	110
bannon	2018-07	2018	7	126	50-99	50	#eda494	226,126,110	560	110
bannon	2018-08	2018	8	127	100+	110	#d5342a	215,122,107	564	110
bannon	2018-09	2018	9	128	50-99	50	#eda494	229,207,193	568	110
bannon	2018-10	2018	10	129	50-99	50	#eda494	233,190,175	573	110
bannon	2018-11	2018	11	130	10-49	10	#dddbcf	225,223,210	577	110
bannon	2018-12	2018	12	131	10-49	10	#dddbcf	225,223,210	582	110
bannon	2019-01	2019	1	132	10-49	10	#dddbcf	231,229,219	586	110
bannon	2019-02	2019	2	133	1-9	1	#f0efea	239,238,231	590	110
bannon	2019-03	2019	3	134	10-49	10	#dddbcf	225,223,210	595	110
bannon	2019-04	2019	4	135	10-49	10	#dddbcf	225,223,210	599	110
bannon	2019-05	2019	5	136	10-49	10	#dddbcf	232,231,221	604	110
bannon	2019-06	2019	6	137	1-9	1	#f0efea	244,243,238	608	110
bannon	2019-07	2019	7	138	1-9	1	#f0efea	244,243,238	612	90
hoffman	2013-07	2013	7	66	1-9	1	#f0efea	244,243,240	294	47
hoffman	2013-08	2013	8	67	10-49	10	#dddbcf	235,233,225	299	110
hoffman	2013-09	2013	9	68	10-49	10	#dddbcf	225,223,210	303	110
hoffman	2013-10	2013	10	69	10-49	10	#dddbcf	225,223,210	308	110
hoffman	2013-11	2013	11	70	10-49	10	#dddbcf	225,223,210	312	110
hoffman	2013-12	2013	12	71	50-99	50	#eda494	232,193,178	317	110
hoffman	2014-01	2014	1	72	50-99	50	#eda494	232,193,178	321	110
hoffman	2014-02	2014	2	73	10-49	10	#dddbcf	225,223,210	325	110
hoffman	2014-03	2014	3	74	50-99	50	#eda494	232,196,181	330	110
hoffman	2014-04	2014	4	75	50-99	50	#eda494	233,190,175	334	110
hoffman	2014-05	2014	5	76	10-49	10	#dddbcf	235,233,225	339	110
hoffman	2014-06	2014	6	77	1-9	1	#f0efea	244,243,238	343	110
hoffman	2014-07	2014	7	78	10-49	10	#dddbcf	234,233,224	348	110
hoffman	2014-08	2014	8	79	10-49	10	#dddbcf	225,223,210	352	110
hoffman	2014-09	2014	9	80	10-49	10	#dddbcf	225,223,210	356	110
hoffman	2014-10	2014	10	81	10-49	10	#dddbcf	225,223,210	361	110
hoffman	2014-11	2014	11	82	10-49	10	#dddbcf	225,223,210	365	110
hoffman	2014-12	2014	12	83	50-99	50	#eda494	232,194,180	370	110
hoffman	2015-01	2015	1	84	50-99	50	#eda494	233,192,177	374	110
hoffman	2015-02	2015	2	85	10-49	10	#dddbcf	225,223,210	378	110
hoffman	2015-03	2015	3	86	10-49	10	#dddbcf	234,233,224	383	110
hoffman	2015-04	2015	4	87	1-9	1	#f0efea	243,242,238	387	69
hoffman	2015-05	2015	5	88	1-9	1	#f0efea	245,244,240	392	67
hoffman	2015-06	2015	6	89	1-9	1	#f0efea	244,243,238	396	110
hoffman	2015-07	2015	7	90	1-9	1	#f0efea	238,237,230	400	110
hoffman	2015-08	2015	8	91	50-99	50	#eda494	231,200,186	405	110
hoffman	2015-09	2015	9	92	50-99	50	#eda494	233,191,176	409	110
hoffman	2015-10	2015	10	93	10-49	10	#dddbcf	225,223,210	414	110
hoffman	2015-11	2015	11	94	10-49	10	#dddbcf	225,223,210	418	110
hoffman	2015-12	2015	12	95	10-49	10	#dddbcf	235,234,225	423	110
hoffman	2016-01	2016	1	96	1-9	1	#f0efea	244,243,238	427	110
hoffman	2016-02	2016	2	97	1-9	1	#f0efea	238,236,229	431	110
hoffman	2016-03	2016	3	98	10-49	10	#dddbcf	225,223,210	436	110
hoffman	2016-04	2016	4	99	50-99	50	#eda494	229,206,192	440	110
hoffman	2016-05	2016	5	100	50-99	50	#eda494	232,196,181	445	110
hoffman	2016-06	2016	6	101	50-99	50	#eda494	231,201,187	449	110
hoffman	2016-07	2016	7	102	50-99	50	#eda494	232,195,181	454	110
hoffman	2016-08	2016	8	103	10-49	10	#dddbcf	225,223,210	458	110
hoffman	2016-09	2016	9	104	10-49	10	#dddbcf	225,223,210	462	110
hoffman	2016-10	2016	10	105	10-49	10	#dddbcf	233,231,221	467	110
hoffman	2016-11	2016	11	106	1-9	1	#f0efea	237,236,228	471	110
hoffman	2016-12	2016	12	107	10-49	10	#dddbcf	235,233,224	476	110
hoffman	2017-01	2017	1	108	1-9	1	#f0efea	244,243,238	480	110
hoffman	2017-02	2017	2	109	1-9	1	#f0efea	244,243,238	484	110
hoffman	2017-03	2017	3	110	1-9	1	#f0efea	244,243,238	489	110
hoffman	2017-04	2017	4	111	1-9	1	#f0efea	245,244,240	493	88
hoffman	2017-05	2017	5	112	1-9	1	#f0efea	243,242,238	498	48
hoffman	2017-06	2017	6	113	1-9	1	#f0efea	244,243,238	502	110
hoffman	2017-07	2017	7	114	1-9	1	#f0efea	244,243,238	507	110
hoffman	2017-08	2017	8	115	1-9	1	#f0efea	244,243,238	511	110
hoffman	2017-09	2017	9	116	1-9	1	#f0efea	244,243,238	515	110
hoffman	2017-10	2017	10	117	1-9	1	#f0efea	244,243,238	520	110
hoffman	2017-11	2017	11	118	1-9	1	#f0efea	244,243,238	524	110
hoffman	2017-12	2017	12	119	1-9	1	#f0efea	243,243,238	529	69
hoffman	2018-01	2018	1	120	10-49	10	#dddbcf	229,228,218	533	47
hoffman	2018-02	2018	2	121	10-49	10	#dddbcf	225,223,210	537	110
hoffman	2018-03	2018	3	122	10-49	10	#dddbcf	225,223,210	542	110
hoffman	2018-04	2018	4	123	10-49	10	#dddbcf	225,223,210	546	110
hoffman	2018-05	2018	5	124	10-49	10	#dddbcf	233,231,222	551	110
hoffman	2018-06	2018	6	125	1-9	1	#f0efea	244,243,238	555	110
hoffman	2018-07	2018	7	126	1-9	1	#f0efea	244,243,239	560	69
hoffman	2018-08	2018	8	127	1-9	1	#f0efea	244,243,239	564	48
hoffman	2018-09	2018	9	128	1-9	1	#f0efea	238,237,229	568	110
hoffman	2018-10	2018	10	129	10-49	10	#dddbcf	232,230,220	573	110
hoffman	2018-11	2018	11	130	1-9	1	#f0efea	244,243,239	577	90
hoffman	2019-03	2019	3	134	1-9	1	#f0efea	245,244,240	595	88
gates	2010-07	2010	7	30	1-9	1	#f0efea	244,243,239	136	72
gates	2010-08	2010	8	31	1-9	1	#f0efea	244,243,239	140	72
gates	2011-06	2011	6	41	1-9	1	#f0efea	244,244,240	184	72
gates	2011-07	2011	7	42	1-9	1	#f0efea	244,243,239	188	115
gates	2011-08	2011	8	43	1-9	1	#f0efea	244,243,239	193	72
gates	2011-10	2011	10	45	1-9	1	#f0efea	244,244,240	202	72
gates	2011-11	2011	11	46	1-9	1	#f0efea	244,243,239	206	115
gates	2011-12	2011	12	47	1-9	1	#f0efea	244,243,239	211	115
gates	2012-01	2012	1	48	1-9	1	#f0efea	244,244,240	215	72
gates	2012-04	2012	4	51	1-9	1	#f0efea	243,242,239	228	51
gates	2012-05	2012	5	52	1-9	1	#f0efea	244,244,240	233	72
gates	2012-11	2012	11	58	1-9	1	#f0efea	243,242,238	259	52
gates	2012-12	2012	12	59	1-9	1	#f0efea	244,243,239	264	115
gates	2013-01	2013	1	60	1-9	1	#f0efea	244,243,239	268	72
gates	2013-07	2013	7	66	1-9	1	#f0efea	244,243,240	294	51
gates	2013-08	2013	8	67	10-49	10	#dddbcf	235,234,226	299	115
gates	2013-09	2013	9	68	10-49	10	#dddbcf	226,224,212	303	115
gates	2013-10	2013	10	69	10-49	10	#dddbcf	226,224,212	308	115
gates	2013-11	2013	11	70	10-49	10	#dddbcf	226,224,212	312	115
gates	2013-12	2013	12	71	1-9	1	#f0efea	236,235,227	317	115
gates	2014-01	2014	1	72	1-9	1	#f0efea	236,235,227	321	115
gates	2014-02	2014	2	73	10-49	10	#dddbcf	226,224,212	325	115
gates	2014-03	2014	3	74	10-49	10	#dddbcf	226,224,212	330	115
gates	2014-04	2014	4	75	10-49	10	#dddbcf	233,231,222	334	115
gates	2014-05	2014	5	76	1-9	1	#f0efea	244,243,239	339	115
gates	2014-06	2014	6	77	1-9	1	#f0efea	236,234,226	343	115
gates	2014-07	2014	7	78	10-49	10	#dddbcf	235,234,225	348	115
gates	2014-08	2014	8	79	1-9	1	#f0efea	236,234,226	352	115
gates	2014-09	2014	9	80	10-49	10	#dddbcf	226,224,212	356	115
gates	2014-10	2014	10	81	10-49	10	#dddbcf	226,224,212	361	115
gates	2014-11	2014	11	82	10-49	10	#dddbcf	233,232,223	365	115
gates	2014-12	2014	12	83	10-49	10	#dddbcf	234,233,224	370	115
gates	2015-01	2015	1	84	10-49	10	#dddbcf	233,232,222	374	115
gates	2015-02	2015	2	85	1-9	1	#f0efea	244,243,239	378	115
gates	2015-03	2015	3	86	1-9	1	#f0efea	244,243,239	383	115
gates	2015-04	2015	4	87	1-9	1	#f0efea	244,243,239	387	73
gates	2015-06	2015	6	89	1-9	1	#f0efea	243,242,238	396	52
gates	2015-07	2015	7	90	1-9	1	#f0efea	244,243,239	400	115
gates	2015-08	2015	8	91	1-9	1	#f0efea	244,243,239	405	73
gates	2015-09	2015	9	92	1-9	1	#f0efea	243,243,239	409	51
gates	2015-10	2015	10	93	1-9	1	#f0efea	244,243,239	414	72
gates	2015-12	2015	12	95	1-9	1	#f0efea	244,244,240	423	72
gates	2016-01	2016	1	96	1-9	1	#f0efea	244,243,239	427	72
gates	2016-02	2016	2	97	1-9	1	#f0efea	244,243,240	431	51
gates	2016-03	2016	3	98	1-9	1	#f0efea	244,243,238	436	72
gates	2016-06	2016	6	101	1-9	1	#f0efea	243,242,239	449	51
gates	2016-07	2016	7	102	1-9	1	#f0efea	244,244,240	454	72
gates	2016-08	2016	8	103	1-9	1	#f0efea	243,242,239	458	51
gates	2016-09	2016	9	104	1-9	1	#f0efea	244,243,239	462	115
gates	2016-10	2016	10	105	1-9	1	#f0efea	244,243,239	467	72
gates	2016-12	2016	12	107	1-9	1	#f0efea	245,244,240	476	72
gates	2017-01	2017	1	108	1-9	1	#f0efea	244,243,239	480	115
gates	2017-02	2017	2	109	1-9	1	#f0efea	244,243,239	484	115
gates	2017-03	2017	3	110	1-9	1	#f0efea	244,243,239	489	115
gates	2017-04	2017	4	111	1-9	1	#f0efea	244,243,239	493	115
gates	2017-05	2017	5	112	1-9	1	#f0efea	244,243,239	498	115
gates	2017-06	2017	6	113	1-9	1	#f0efea	245,244,240	502	93
gates	2017-07	2017	7	114	1-9	1	#f0efea	243,242,238	507	52
gates	2017-08	2017	8	115	1-9	1	#f0efea	244,243,239	511	115
gates	2017-09	2017	9	116	1-9	1	#f0efea	244,243,239	515	115
gates	2017-10	2017	10	117	1-9	1	#f0efea	244,243,239	520	72
gates	2018-03	2018	3	122	1-9	1	#f0efea	244,243,239	542	73
gates	2019-01	2019	1	132	1-9	1	#f0efea	245,244,241	586	51
gates	2019-02	2019	2	133	1-9	1	#f0efea	244,243,239	590	94
musk	2009-08	2009	8	19	10-49	10	#dddbcf	211,209,197	87	70
musk	2009-09	2009	9	20	10-49	10	#dddbcf	211,209,197	91	70
musk	2010-05	2010	5	28	10-49	10	#dddbcf	227,226,222	127	70
musk	2010-06	2010	6	29	10-49	10	#dddbcf	227,226,223	131	70
musk	2010-07	2010	7	30	10-49	10	#dddbcf	227,226,222	136	70
musk	2010-08	2010	8	31	10-49	10	#dddbcf	233,232,228	140	110
musk	2010-09	2010	9	32	10-49	10	#dddbcf	227,226,222	144	70
musk	2011-02	2011	2	37	10-49	10	#dddbcf	219,219,215	166	50
musk	2011-03	2011	3	38	10-49	10	#dddbcf	233,232,228	171	110
musk	2011-04	2011	4	39	10-49	10	#dddbcf	233,232,228	175	110
musk	2011-05	2011	5	40	10-49	10	#dddbcf	228,227,223	180	70
musk	2011-06	2011	6	41	10-49	10	#dddbcf	228,227,223	184	70
musk	2011-07	2011	7	42	10-49	10	#dddbcf	233,232,228	188	110
musk	2011-08	2011	8	43	10-49	10	#dddbcf	227,226,222	193	70
musk	2011-10	2011	10	45	10-49	10	#dddbcf	228,227,223	202	70
musk	2011-11	2011	11	46	10-49	10	#dddbcf	233,232,228	206	110
musk	2011-12	2011	12	47	10-49	10	#dddbcf	233,232,228	211	110
musk	2012-01	2012	1	48	1-9	1	#f0efea	234,233,229	215	67
musk	2012-09	2012	9	56	10-49	10	#dddbcf	215,214,205	250	70
musk	2012-10	2012	10	57	10-49	10	#dddbcf	215,213,200	255	110
musk	2012-11	2012	11	58	10-49	10	#dddbcf	215,213,200	259	110
musk	2012-12	2012	12	59	10-49	10	#dddbcf	215,213,200	264	110
musk	2013-01	2013	1	60	10-49	10	#dddbcf	217,215,202	268	108
musk	2013-02	2013	2	61	10-49	10	#dddbcf	215,213,200	272	110
musk	2013-03	2013	3	62	10-49	10	#dddbcf	215,213,200	277	110
musk	2013-04	2013	4	63	10-49	10	#dddbcf	215,213,200	281	110
musk	2013-05	2013	5	64	10-49	10	#dddbcf	225,223,215	286	110
musk	2013-06	2013	6	65	10-49	10	#dddbcf	227,226,222	290	70
musk	2013-07	2013	7	66	10-49	10	#dddbcf	221,220,217	294	50
musk	2013-08	2013	8	67	10-49	10	#dddbcf	233,232,228	299	110
musk	2013-09	2013	9	68	10-49	10	#dddbcf	233,232,228	303	110
musk	2013-10	2013	10	69	10-49	10	#dddbcf	228,227,223	308	70
musk	2013-11	2013	11	70	10-49	10	#dddbcf	220,219,215	312	50
musk	2013-12	2013	12	71	10-49	10	#dddbcf	222,221,211	317	110
musk	2014-01	2014	1	72	10-49	10	#dddbcf	225,223,214	321	108
musk	2014-02	2014	2	73	10-49	10	#dddbcf	233,232,228	325	110
musk	2014-03	2014	3	74	10-49	10	#dddbcf	227,226,222	330	70
musk	2014-08	2014	8	79	10-49	10	#dddbcf	219,219,215	352	50
musk	2014-09	2014	9	80	10-49	10	#dddbcf	225,224,216	356	110
musk	2014-10	2014	10	81	10-49	10	#dddbcf	211,210,199	361	70
musk	2014-12	2014	12	83	10-49	10	#dddbcf	227,226,222	370	70
musk	2015-01	2015	1	84	10-49	10	#dddbcf	231,230,226	374	68
musk	2017-02	2017	2	109	10-49	10	#dddbcf	221,221,218	484	50
musk	2017-03	2017	3	110	10-49	10	#dddbcf	227,226,221	489	70
musk	2017-07	2017	7	114	10-49	10	#dddbcf	220,219,215	507	50
musk	2017-08	2017	8	115	10-49	10	#dddbcf	232,231,227	511	90
