make	model	year	adjusted_price	base_price	range	miles_per_1k_dollars
Nissan	Leaf	2026	31500	31535	303	9.6
Chevrolet	Equinox EV	2025	35700	34995	319	8.9
Chevrolet	Bolt EV	2023	29600	27495	259	8.8
Chevrolet	Equinox EV	2024	36600	34995	319	8.7
Chevrolet	Equinox EV	2026	36800	36795	319	8.7
Subaru	Uncharted	2026	36400	36445	308	8.5
Tesla	Model 3	2026	38600	38630	321	8.3
Tesla	Model 3	2026	44100	44130	363	8.2
Tesla	Model 3	2025	45000	44130	363	8.1
Tesla	Model 3	2025	39400	38630	321	8.1
Hyundai	Ioniq 5	2026	39100	39100	318	8.1
Chevrolet	Bolt EUV	2023	31000	28795	247	8
Toyota	bZ	2026	39400	39350	314	8
Tesla	Model 3	2024	46200	44130	363	7.9
Hyundai	Ioniq 6	2024	45600	43600	361	7.9
Tesla	Model Y	2026	46600	46630	357	7.7
Tesla	Model Y	2026	41600	41630	321	7.7
Hyundai	Ioniq 6	2025	44900	44045	342	7.6
Honda	Prologue	2026	41400	41395	308	7.4
Toyota	C-HR	2026	38600	38595	287	7.4
Hyundai	Ioniq 6	2023	50200	46615	361	7.2
Subaru	Solterra	2026	39900	39945	288	7.2
Chevrolet	Bolt EV	2022	36400	32495	259	7.1
Volvo	EX30	2025	36900	36245	261	7.1
Tesla	Model Y	2025	47500	46630	337	7.1
Hyundai	Kona Electric	2023	37600	34885	258	6.9
Nissan	Ariya	2024	44500	42580	304	6.8
Subaru	Trailseeker	2026	41400	41445	281	6.8
Hyundai	Kona Electric	2025	39200	38470	261	6.7
Chevrolet	Blazer EV	2026	46500	46495	312	6.7
Hyundai	Ioniq 5	2026	36600	36600	245	6.7
Hyundai	Kona Electric	2024	39800	38070	261	6.6
Chevrolet	Blazer EV	2025	47000	46095	312	6.6
Kia	EV6	2025	48600	47695	319	6.6
Hyundai	Kona Electric	2022	39600	35295	258	6.5
Tesla	Model 3	2023	51300	47630	333	6.5
Hyundai	Ioniq 5	2025	49200	48250	318	6.5
Toyota	bZ	2026	36400	36350	236	6.5
Volvo	EX30	2026	40300	40345	261	6.5
Ford	Mustang Mach-E	2026	39800	39840	260	6.5
Chevrolet	Bolt EUV	2022	38700	34495	247	6.4
Tesla	Model 3	2024	42500	40630	272	6.4
Ford	Mustang Mach-E	2025	40800	39990	260	6.4
Toyota	bz4X	2025	39300	38520	252	6.4
Lexus	RZ	2026	47300	47295	301	6.4
Tesla	Model 3	2023	43800	40630	272	6.2
Honda	Prologue	2025	49800	48895	308	6.2
Nissan	Ariya	2025	46600	45760	289	6.2
Volkswagen	ID.4	2026	46600	46570	291	6.2
Tesla	Model Y	2023	54500	50630	330	6.1
Hyundai	Ioniq 5	2024	49400	47245	303	6.1
Volkswagen	ID.4	2025	47400	46520	291	6.1
Kia	Niro EV	2025	41800	41045	253	6.1
Kia	Niro EV	2026	41200	41195	253	6.1
Hyundai	Ioniq 5	2022	50800	45295	303	6
Nissan	Leaf	2022	37600	33495	226	6
Hyundai	Ioniq 5	2023	50400	46835	303	6
Fisker	Ocean	2024	58000	55437	350	6
Polestar 2	Polestar 2	2024	53700	51300	320	6
Volkswagen	ID.4	2024	48400	46300	291	6
Hyundai	Ioniq 6	2025	39800	39095	240	6
Toyota	bz Woodland	2026	46800	46750	281	6
Cadillac	Optiq	2026	52700	52695	317	6
Hyundai	Ioniq 6	2024	40400	38650	240	5.9
Kia	Niro EV	2024	42900	40975	253	5.9
Lexus	RZ	2025	44800	43975	266	5.9
Volkswagen	ID.4	2022	47700	42525	275	5.8
Kia	Niro EV	2023	44000	40875	253	5.8
Nissan	Ariya	2023	52300	48580	304	5.8
Kia	EV6 Wind	2023	53900	50025	310	5.8
Honda	Prologue	2024	51100	48850	296	5.8
Lucid	Air	2025	72800	71400	420	5.8
Lucid	Air	2026	72400	72400	420	5.8
Chevrolet	Bolt EV	2021	45400	37495	259	5.7
Kia	EV6 Wind	2022	54700	48795	310	5.7
Ford	Mustang Mach-E	2023	54600	50695	312	5.7
Ford	Mustang Mach-E	2024	43900	41990	250	5.7
Chevrolet	Blazer EV	2025	58200	57090	334	5.7
Hyundai	Kona Electric	2025	35100	34470	200	5.7
Genesis	GV60	2026	54000	54020	306	5.7
Tesla	Model 3	2021	63500	52440	353	5.6
Ford	Mustang Mach-E	2023	44900	41695	250	5.6
Volkswagen	ID.4	2023	48800	45290	275	5.6
Lucid	Air	2024	74700	71400	419	5.6
Hyundai	Kona Electric	2024	35600	34070	200	5.6
Subaru	Solterra	2025	40700	39915	227	5.6
Nissan	Leaf	2025	38000	37330	212	5.6
BMW	i4	2026	59200	59250	333	5.6
Chevrolet	Bolt EV	2020	47500	37495	259	5.5
Hyundai	Kona Electric	2021	46700	38575	258	5.5
Nissan	Leaf	2024	39000	37330	215	5.5
Chevrolet	Blazer EV	2024	58800	56170	324	5.5
Audi	Q4 e-tron	2025	52100	51095	288	5.5
Cadillac	Optiq	2025	55400	54390	302	5.5
Audi	Q4 e-tron	2026	51900	51895	288	5.5
Hyundai	Ioniq 9	2026	60600	60555	335	5.5
Tesla	Model 3	2020	61100	48190	330	5.4
Tesla	Model 3	2022	66600	59440	358	5.4
Toyota	bz4X	2023	46700	43350	252	5.4
Toyota	bz4X	2024	46500	44465	252	5.4
Audi	A6 e-tron	2025	68500	67195	370	5.4
Hyundai	Ioniq 5	2025	45000	44200	245	5.4
Volvo	EX40	2025	54800	53795	296	5.4
Genesis	GV60	2025	54900	53845	294	5.4
Polestar	Polestar 4	2026	57800	57800	310	5.4
Tesla	Model 3	2019	58700	45700	310	5.3
Hyundai	Kona Electric	2019	48800	38045	258	5.3
Hyundai	Kona Electric	2020	48600	38330	258	5.3
Kia	Niro EV	2022	45300	40385	239	5.3
Nissan	Leaf	2023	40000	37180	212	5.3
Chevrolet	Blazer EV	2024	52500	50195	279	5.3
Genesis	GV60	2024	55800	53350	294	5.3
Fisker	Ocean	2024	43300	41437	231	5.3
BMW	i4	2025	60400	59250	318	5.3
Cadillac	Lyriq	2025	61200	60090	326	5.3
Cadillac	Lyriq	2026	61000	60995	326	5.3
Volkswagen	ID.4	2021	49900	41190	260	5.2
Ford	Mustang Mach-E	2022	60000	53550	314	5.2
Hyundai	Ioniq 6	2023	46000	42715	240	5.2
Fisker	Ocean	2023	44600	41437	231	5.2
Fisker	Ocean	2023	68800	63937	360	5.2
Volvo	C40 Recharge	2024	57400	54895	297	5.2
Volvo	EX40	2024	56200	53745	293	5.2
Kia	EV6	2025	45200	44395	237	5.2
Volvo	EX40	2026	56500	56545	296	5.2
Tesla	Model 3	2017	60200	45000	310	5.1
Polestar 2	Polestar 2	2022	52900	47200	270	5.1
Cadillac	Lyriq	2024	61300	58590	314	5.1
Nissan	Ariya	2025	42100	41265	216	5.1
Ford	Mustang Mach-E	2026	55400	55440	280	5.1
Kia	EV9	2026	59500	59545	304	5.1
Tesla	Model 3	2022	54300	48440	272	5
Polestar 2	Polestar 2	2023	53600	49800	270	5
Audi	Q4 e-tron	2024	53300	50995	265	5
Nissan	Ariya	2024	42900	40980	216	5
Chevrolet	Bolt EV	2018	49000	37495	238	4.9
Chevrolet	Bolt EV	2019	48100	37495	238	4.9
Tesla	Model Y	2020	64900	51190	316	4.9
Kia	Niro EV	2021	48800	40265	239	4.9
Tesla	Model Y	2021	50200	41440	244	4.9
Ford	Mustang Mach-E	2021	62400	51500	305	4.9
Ford	Mustang Mach-E	2022	50500	44995	247	4.9
Tesla	Model S	2023	82500	76630	405	4.9
Tesla	Model Y	2023	50200	46630	244	4.9
Kia	EV6 Light	2023	47300	43925	232	4.9
Nissan	Leaf	2024	30600	29280	150	4.9
Hyundai	Ioniq 5	2024	45200	43195	220	4.9
BMW	i4	2024	61000	58295	301	4.9
Nissan	Leaf	2025	30200	29635	149	4.9
Ford	Mustang Mach-E	2025	57600	56490	280	4.9
Kia	EV9	2025	62600	61395	304	4.9
Dodge	Charger Daytona EV	2025	62800	61590	308	4.9
Volkswagen	ID.4	2025	42200	41420	206	4.9
Tesla	Model 3	2020	45900	36200	220	4.8
Tesla	Model 3	2021	56200	46440	272	4.8
BMW	i4	2022	63200	56395	301	4.8
Kia	EV6 Light	2022	47900	42695	232	4.8
Hyundai	Ioniq 5	2022	46200	41245	220	4.8
Hyundai	Ioniq 5	2023	46100	42785	220	4.8
Volswaken	ID.4	2023	43400	40290	209	4.8
Audi	Q4 e-tron	2023	54900	50995	265	4.8
BMW	i4	2023	62600	58095	301	4.8
Dodge	Charger Daytona EV	2024	64400	61590	308	4.8
Kia	EV9	2024	63500	60695	304	4.8
Volkswagen	ID.4	2024	43100	41160	206	4.8
Polestar	Polestar 3	2025	70700	69400	342	4.8
BMW	i4	2025	55200	54150	266	4.8
Dodge	Charger Daytona	2026	63600	63590	308	4.8
Chevrolet	Bolt EV	2017	50200	37495	238	4.7
Tesla	Model 3	2018	65600	50200	310	4.7
Nissan	Leaf	2019	48100	37475	226	4.7
Tesla	Model 3	2019	46500	36200	220	4.7
Kia	Niro EV	2020	51000	40265	239	4.7
Nissan	Leaf	2021	47700	39365	226	4.7
Nissan	Leaf	2022	32000	28495	149	4.7
Nissan	Leaf	2023	31400	29180	149	4.7
Ford	Mustang Mach-E	2024	59600	56990	280	4.7
Subaru	Solterra	2024	48500	46340	227	4.7
Audi	Q6 e-tron	2025	66300	65095	310	4.7
Tesla	Model 3	2017	48200	36000	220	4.6
Nissan	Leaf	2020	49600	39150	226	4.6
Cadillac	Lyriq	2023	67800	62990	312	4.6
Subaru	Solterra	2023	49800	46220	228	4.6
Lexus	RZ	2024	57700	55175	266	4.6
BMW	i4	2024	55600	53195	256	4.6
Mini	Countryman Electric	2026	46400	46375	212	4.6
Mercedes-Benz	EQE	2026	66300	66300	308	4.6
Tesla	Model S	2020	89500	70620	402	4.5
Tesla	Model Y	2021	73200	60440	330	4.5
Nissan	Ariya	2023	48000	44580	216	4.5
BMW	i4	2023	57100	52995	256	4.5
Acura	ZDX	2024	68900	65850	313	4.5
Mini	Countryman	2025	47300	46375	212	4.5
Mercedes	EQB	2025	55200	54200	251	4.5
BMW	i5	2026	68600	68550	310	4.5
Tesla	Model Y	2022	75600	67440	330	4.4
Mercedes	EQB	2024	56700	54200	251	4.4
Audi	Q6 e-tron	2025	72200	70895	319	4.4
Ford	Mustang Mach-E	2021	53300	43995	230	4.3
Fiat	500e	2025	33100	32495	141	4.3
Tesla	Model 3	2018	61700	47200	260	4.2
Audi	Q4 e-tron	2022	57300	51095	241	4.2
Fiat	500e	2024	35700	34095	149	4.2
BMW	i5	2024	70900	67795	295	4.2
BMW	i5	2025	69900	68550	295	4.2
Hyundai	Ioniq Electric	2021	41500	34250	170	4.1
Mercedes	EQB	2023	59800	55550	243	4.1
Polestar	Polestar 2	2025	67500	66200	276	4.1
Mercedes-Benz	EQE SUV	2026	66300	66300	270	4.1
Kia	EV9	2026	56500	56545	230	4.1
Kia	EV9	2025	57500	56395	230	4
Audi	S6 e-tron	2025	81500	79995	324	4
Mercedes-Benz	EQE	2025	77500	76050	308	4
Fiat	500e	2026	37700	37695	149	4
Genesis	Electrified GV70	2026	65900	65875	263	4
Hyundai	Ioniq Electric	2020	43100	34040	170	3.9
Mercedes	EQB	2022	62300	55550	243	3.9
Kia	EV9	2024	59000	56395	230	3.9
Porsche	Macan	2025	81500	79995	315	3.9
Dodge	Charger Daytona	2026	62000	61990	241	3.9
Nissan	Leaf	2019	39700	30915	150	3.8
Nissan	Leaf	2021	39700	32765	150	3.8
Volvo	EX40	2022	59200	52795	223	3.8
Volvo	EX40	2023	58800	54645	223	3.8
Genesis	GV60	2023	65100	60415	248	3.8
GMC	Hummer EV SUV	2024	83700	79995	314	3.8
Cadillac	Vistiq	2026	79400	79390	305	3.8
Nissan	Leaf	2018	40400	30885	151	3.7
Mercedes-Benz	EQE	2023	81900	76050	305	3.7
Volvo	C40 Recharge	2023	60700	56395	226	3.7
Mercedes-Benz	EQE SUV	2024	83300	79650	307	3.7
Mercedes-Benz	EQE	2024	79500	76050	298	3.7
Audi	Q8 e-tron	2025	81000	79495	296	3.7
Mercedes-Benz	EQE SUV	2025	80600	79050	302	3.7
Volvo	EX90	2026	78100	78090	291	3.7
Nissan	Leaf	2020	41300	32550	150	3.6
Audi	Q8 e-tron	2024	82600	78995	296	3.6
Audi	Q8 e-tron	2024	79100	75595	285	3.6
Genesis	Electrified G80	2024	79100	75625	282	3.6
Audi	SQ6 e-tron	2025	79100	77595	283	3.6
Audi	SQ6 e-tron	2025	75600	74195	275	3.6
Genesis	Electrified G80	2025	77700	76225	282	3.6
BMW	iX	2026	76600	76600	279	3.6
Genesis	Electrified G80	2023	81400	75625	282	3.5
Audi	Q8 e-tron	2025	77500	76095	272	3.5
Volvo	C40 Recharge	2022	67100	59845	226	3.4
Lexus	RZ	2023	64200	59650	220	3.4
Mini	Mini Cooper Electric SE	2023	33300	30895	114	3.4
Mercedes-Benz	EQE SUV	2024	82700	79050	279	3.4
Rivian	R1S	2024	80200	76700	270	3.4
Mini	Mini Cooper Electric SE	2024	33400	31895	114	3.4
Genesis	Electrified GV70	2025	69700	68400	236	3.4
Mini	Mini Cooper Electric SE	2022	34500	30750	114	3.3
Genesis	Electrified GV70	2023	72700	67550	238	3.3
Genesis	Electrified GV70	2024	70900	67800	236	3.3
Rivian	R1S	2026	78900	78885	258	3.3
Rivian	R1S	2025	80000	78545	258	3.2
Hyundai	Ioniq 5 N	2025	69100	67800	221	3.2
Volkswagen	e-Golf	2018	39800	30495	125	3.1
Hyundai	Ioniq Electric	2018	39700	30385	124	3.1
Hyundai	Ioniq Electric	2019	40000	31200	124	3.1
Polestar 2	Polestar 2	2021	74100	61200	233	3.1
Rivian	R1S	2022	83300	74300	260	3.1
Jaguar	I-Pace	2023	78200	72575	246	3.1
Hyundai	Ioniq Electric	2017	40700	30385	124	3
Volkswagen	e-Golf	2017	42000	31345	125	3
Volkswagen	e-Golf	2019	42100	32790	125	3
Mini	Mini Cooper Electric SE	2021	37200	30750	110	3
Audi	Q8 e-tron	2022	75200	67095	222	3
Rivian	R1S	2023	85900	79800	260	3
Ford	Focus Electric	2017	40200	29995	115	2.9
Ford	Focus Electric	2018	39200	29995	115	2.9
Audi	Q8 e-tron	2023	77500	71995	226	2.9
Mini	Mini Cooper Electric SE	2020	39000	30750	110	2.8
BMW	i3	2021	55000	45445	153	2.8
BMW	i3	2020	57600	45445	153	2.7
Audi	Q8 e-tron	2021	81100	66995	222	2.7
Kia	Soul EV	2018	42100	32250	111	2.6
BMW	i3	2019	58300	45445	153	2.6
Jaguar	I-Pace	2020	90000	71000	234	2.6
Mazda	MX-30	2022	38900	34695	100	2.6
Mazda	MX-30	2023	38200	35485	100	2.6
Nissan	Leaf	2017	42300	31575	107	2.5
Tesla	Model S	2018	103500	79200	259	2.5
Kia	Soul EV	2019	44800	34945	111	2.5
Chevrolet	Spark EV	2016	35500	25995	82	2.3
Tesla	Model S	2016	104200	76200	240	2.3
Tesla	Model S	2017	92600	69200	210	2.3
Nissan	Leaf	2016	47900	35065	107	2.2
Audi	Q8 e-tron	2020	99400	78395	218	2.2
Audi	Q8 e-tron	2019	97300	75795	204	2.1
Volkswagen	e-Golf	2016	40800	29815	83	2
Kia	Soul EV	2016	47500	34775	93	2
Tesla	Model X	2016	101200	74000	200	2
Kia	Soul EV	2017	47400	35395	93	2
smart	ForTwo Electric Drive	2016	35200	25750	68	1.9
Nissan	Leaf	2016	43100	31545	84	1.9
Mitsubishi	i-MieV	2016	32600	23845	62	1.9
Fiat	500e	2016	44800	32795	84	1.9
smart	ForTwo Electric Drive	2017	30800	23000	58	1.9
BMW	i3	2017	60800	45445	114	1.9
BMW	i3	2018	59400	45445	114	1.9
Fiat	500e	2018	44800	34290	84	1.9
Fiat	500e	2019	44500	34705	84	1.9
Ford	Focus Electric	2016	41100	30045	76	1.8
Honda	Clarity	2017	49000	36620	89	1.8
Mitsubishi	i-MiEV	2017	31900	23845	59	1.8
Mercedes Benz	B Class Electric Drive	2016	57900	42375	87	1.5
smart	ForTwo Electric Drive	2018	37600	28750	58	1.5
BMW	i3	2016	59300	43395	81	1.4
BMW	i3	2017	58100	43395	80	1.4
