country_code,electricity_2000,electricity_2023,access_gain_pp,cohort
ABW,91.7,100,8.3,Both endpoints
AFG,4.4,85.3,80.9,Both endpoints
AGO,24.2,51.1,26.9,Both endpoints
ALB,99.4,100,0.6,Both endpoints
AND,100,100,0,Both endpoints
ARE,100,100,0,Both endpoints
ARG,95.7,100,4.3,Both endpoints
ARM,98.9,100,1.1,Both endpoints
ASM,,,,Missing an endpoint
ATG,97.7,100,2.3,Both endpoints
AUS,100,100,0,Both endpoints
AUT,100,100,0,Both endpoints
AZE,98.9,100,1.1,Both endpoints
BDI,2.5,11.6,9.1,Both endpoints
BEL,100,100,0,Both endpoints
BEN,21.5,57,35.5,Both endpoints
BFA,9.1,21.7,12.6,Both endpoints
BGD,32,99.5,67.5,Both endpoints
BGR,88.1,100,11.9,Both endpoints
BHR,100,100,0,Both endpoints
BHS,100,100,0,Both endpoints
BIH,99,100,1,Both endpoints
BLR,89,100,11,Both endpoints
BLZ,79,99.6,20.6,Both endpoints
BMU,100,100,0,Both endpoints
BOL,70,99.8,29.8,Both endpoints
BRA,94.4,99.8,5.4,Both endpoints
BRB,100,100,0,Both endpoints
BRN,100,100,0,Both endpoints
BTN,31.1,100,68.9,Both endpoints
BWA,26.5,76,49.5,Both endpoints
CAF,6,17.6,11.6,Both endpoints
CAN,100,100,0,Both endpoints
CHE,100,100,0,Both endpoints
CHI,100,100,0,Both endpoints
CHL,97.9,100,2.1,Both endpoints
CHN,96.7,100,3.3,Both endpoints
CIV,48.7,72.4,23.7,Both endpoints
CMR,41,72,31,Both endpoints
COD,6.7,22.1,15.4,Both endpoints
COG,29.4,51.3,21.9,Both endpoints
COL,95.2,98.7,3.5,Both endpoints
COM,39.8,89.8,50,Both endpoints
CPV,58.6,98.6,40,Both endpoints
CRI,96.9,100,3.1,Both endpoints
CUB,97,100,3,Both endpoints
CUW,100,100,0,Both endpoints
CYM,100,100,0,Both endpoints
CYP,100,100,0,Both endpoints
CZE,100,100,0,Both endpoints
DEU,100,100,0,Both endpoints
DJI,56,65.2,9.2,Both endpoints
DMA,81.1,100,18.9,Both endpoints
DNK,100,100,0,Both endpoints
DOM,88.8,99.6,10.8,Both endpoints
DZA,98.6,100,1.4,Both endpoints
ECU,93.7,98.7,5,Both endpoints
EGY,97.7,100,2.3,Both endpoints
ERI,29.3,54.4,25.1,Both endpoints
ESP,100,100,0,Both endpoints
EST,100,100,0,Both endpoints
ETH,12.7,55.4,42.7,Both endpoints
FIN,100,100,0,Both endpoints
FJI,76.8,99.3,22.5,Both endpoints
FRA,100,100,0,Both endpoints
FRO,100,100,0,Both endpoints
FSM,46,86.9,40.9,Both endpoints
GAB,73.6,94.1,20.5,Both endpoints
GBR,100,100,0,Both endpoints
GEO,99.8,100,0.2,Both endpoints
GHA,43.7,89.5,45.8,Both endpoints
GIB,99.9,100,0.1,Both endpoints
GIN,15.2,51.1,35.9,Both endpoints
GMB,34.3,66.9,32.6,Both endpoints
GNB,,40.5,,Missing an endpoint
GNQ,64.8,66.9,2.1,Both endpoints
GRC,100,100,0,Both endpoints
GRD,86,94.4,8.4,Both endpoints
GRL,100,100,0,Both endpoints
GTM,73.3,100,26.7,Both endpoints
GUM,100,100,0,Both endpoints
GUY,74.6,98.9,24.3,Both endpoints
HKG,100,100,0,Both endpoints
HND,67.4,95.6,28.2,Both endpoints
HRV,100,100,0,Both endpoints
HTI,33.7,51.3,17.6,Both endpoints
HUN,100,100,0,Both endpoints
IDN,86.3,99.4,13.1,Both endpoints
IMN,100,100,0,Both endpoints
IND,60.3,99.5,39.2,Both endpoints
IRL,100,100,0,Both endpoints
IRN,97.9,100,2.1,Both endpoints
IRQ,96.8,100,3.2,Both endpoints
ISL,100,100,0,Both endpoints
ISR,100,100,0,Both endpoints
ITA,100,100,0,Both endpoints
JAM,84.4,97.7,13.3,Both endpoints
JOR,99,100,1,Both endpoints
JPN,100,100,0,Both endpoints
KAZ,99.6,100,0.4,Both endpoints
KEN,15.2,76.2,61,Both endpoints
KGZ,99.6,100,0.4,Both endpoints
KHM,16.6,95,78.4,Both endpoints
KIR,55.6,95.9,40.3,Both endpoints
KNA,95.4,100,4.6,Both endpoints
KOR,100,100,0,Both endpoints
KWT,100,100,0,Both endpoints
LAO,42.6,96.5,53.9,Both endpoints
LBN,99.3,100,0.7,Both endpoints
LBR,,32.5,,Missing an endpoint
LBY,99.8,73.2,-26.6,Both endpoints
LCA,86,100,14,Both endpoints
LIE,100,100,0,Both endpoints
LKA,70.3,100,29.7,Both endpoints
LSO,4.3,57.3,53,Both endpoints
LTU,99.5,100,0.5,Both endpoints
LUX,100,100,0,Both endpoints
LVA,99.9,100,0.1,Both endpoints
MAC,100,100,0,Both endpoints
MAF,100,100,0,Both endpoints
MAR,69.8,100,30.2,Both endpoints
MCO,100,100,0,Both endpoints
MDA,98.7,100,1.3,Both endpoints
MDG,12.6,39.4,26.8,Both endpoints
MDV,83.8,100,16.2,Both endpoints
MEX,98,99.7,1.7,Both endpoints
MHL,68.6,100,31.4,Both endpoints
MKD,99,100,1,Both endpoints
MLI,9.6,54.5,44.9,Both endpoints
MLT,100,100,0,Both endpoints
MMR,41.9,76.8,34.9,Both endpoints
MNE,99.1,100,0.9,Both endpoints
MNG,67.3,100,32.7,Both endpoints
MNP,100,100,0,Both endpoints
MOZ,6.1,36,29.9,Both endpoints
MRT,19.1,50.3,31.2,Both endpoints
MUS,99,100,1,Both endpoints
MWI,4.8,15.6,10.8,Both endpoints
MYS,98.6,100,1.4,Both endpoints
NAM,36.5,56.7,20.2,Both endpoints
NCL,100,100,0,Both endpoints
NER,6.5,20.1,13.6,Both endpoints
NGA,43.2,61.2,18,Both endpoints
NIC,73,88.3,15.3,Both endpoints
NLD,100,100,0,Both endpoints
NOR,100,100,0,Both endpoints
NPL,29.9,94,64.1,Both endpoints
NRU,99.1,100,0.9,Both endpoints
NZL,100,100,0,Both endpoints
OMN,100,100,0,Both endpoints
PAK,72.8,95.6,22.8,Both endpoints
PAN,81.4,97,15.6,Both endpoints
PER,72.5,96.2,23.7,Both endpoints
PHL,74.7,98,23.3,Both endpoints
PLW,97.9,100,2.1,Both endpoints
PNG,12.4,20.5,8.1,Both endpoints
POL,100,100,0,Both endpoints
PRI,100,100,0,Both endpoints
PRK,,57.5,,Missing an endpoint
PRT,100,100,0,Both endpoints
PRY,89.6,99.8,10.2,Both endpoints
PSE,99.7,100,0.3,Both endpoints
PYF,100,100,0,Both endpoints
QAT,100,100,0,Both endpoints
ROU,94.4,100,5.6,Both endpoints
RUS,97.8,100,2.2,Both endpoints
RWA,6.2,63.9,57.7,Both endpoints
SAU,100,100,0,Both endpoints
SDN,23,66,43,Both endpoints
SEN,37.7,74.2,36.5,Both endpoints
SGP,100,100,0,Both endpoints
SLB,4.7,81.3,76.6,Both endpoints
SLE,7.7,35.5,27.8,Both endpoints
SLV,84.5,98.3,13.8,Both endpoints
SMR,100,100,0,Both endpoints
SOM,2.1,50.3,48.2,Both endpoints
SRB,99.9,100,0.1,Both endpoints
SSD,,5.4,,Missing an endpoint
STP,52.9,81.3,28.4,Both endpoints
SUR,95.4,99.6,4.2,Both endpoints
SVK,100,100,0,Both endpoints
SVN,100,100,0,Both endpoints
SWE,100,100,0,Both endpoints
SWZ,20.4,86.4,66,Both endpoints
SXM,100,100,0,Both endpoints
SYC,94.1,100,5.9,Both endpoints
SYR,93.4,88.4,-5,Both endpoints
TCA,95.6,100,4.4,Both endpoints
TCD,3.1,12,8.9,Both endpoints
TGO,17,59.2,42.2,Both endpoints
THA,82.1,100,17.9,Both endpoints
TJK,98.5,100,1.5,Both endpoints
TKM,99.6,100,0.4,Both endpoints
TLS,17.8,100,82.2,Both endpoints
TON,85.6,100,14.4,Both endpoints
TTO,91.3,98.7,7.4,Both endpoints
TUN,94.8,100,5.2,Both endpoints
TUR,99.9,100,0.1,Both endpoints
TUV,94.6,100,5.4,Both endpoints
TZA,8.7,48.3,39.6,Both endpoints
UGA,7.4,51.5,44.1,Both endpoints
UKR,99.1,100,0.9,Both endpoints
URY,97.6,100,2.4,Both endpoints
USA,100,100,0,Both endpoints
UZB,99.6,100,0.4,Both endpoints
VCT,80,100,20,Both endpoints
VEN,98.9,100,1.1,Both endpoints
VGB,97.1,100,2.9,Both endpoints
VIR,100,100,0,Both endpoints
VNM,88.2,99.8,11.6,Both endpoints
VUT,22.2,61.6,39.4,Both endpoints
WSM,88,100,12,Both endpoints
XKX,,,,Missing an endpoint
YEM,49.2,83.6,34.4,Both endpoints
ZAF,72.4,87.7,15.3,Both endpoints
ZMB,16.7,51.1,34.4,Both endpoints
ZWE,33.7,62,28.3,Both endpoints
