country_year,life_expectancy
AFG 2023,66.04
AFG 2022,65.62
AFG 2021,60.42
AFG 2020,61.45
AFG 2019,62.94
AFG 2018,62.44
AFG 2017,62.41
AFG 2016,62.65
AFG 2015,62.27
AFG 2014,62.26
AFG 2013,62.19
AFG 2012,61.74
AFG 2011,61.25
AFG 2010,60.7
AFG 2009,60.25
AFG 2008,59.71
AFG 2007,58.96
AFG 2006,58.55
AFG 2005,58.25
AFG 2004,57.81
AFG 2003,57.17
AFG 2002,56.23
AFG 2001,55.51
AFG 2000,55.01
ALB 2023,79.6
ALB 2022,78.77
ALB 2021,76.84
ALB 2020,77.82
ALB 2019,79.47
ALB 2018,79.24
ALB 2017,78.9
ALB 2016,78.64
ALB 2015,78.36
ALB 2014,78.03
ALB 2013,78
ALB 2012,78.08
ALB 2011,78.3
ALB 2010,78.41
ALB 2009,78.51
ALB 2008,78.25
ALB 2007,77.69
ALB 2006,76.99
ALB 2005,76.43
ALB 2004,75.95
ALB 2003,75.56
ALB 2002,75.3
ALB 2001,75.08
ALB 2000,74.83
DZA 2023,76.26
DZA 2022,76.13
DZA 2021,75.21
DZA 2020,73.26
DZA 2019,75.68
DZA 2018,75.56
DZA 2017,75.43
DZA 2016,75.31
DZA 2015,75.16
DZA 2014,74.99
DZA 2013,74.81
DZA 2012,74.61
DZA 2011,74.38
DZA 2010,74.14
DZA 2009,73.87
DZA 2008,73.62
DZA 2007,73.35
DZA 2006,73.12
DZA 2005,72.84
DZA 2004,72.54
DZA 2003,71.91
DZA 2002,71.64
DZA 2001,71.03
DZA 2000,70.58
ASM 2023,72.85
ASM 2022,72.75
ASM 2021,72.71
ASM 2020,72.67
ASM 2019,72.75
ASM 2018,72.79
ASM 2017,72.8
ASM 2016,72.64
ASM 2015,72.65
ASM 2014,72.69
ASM 2013,72.77
ASM 2012,72.71
ASM 2011,72.66
ASM 2010,72.59
ASM 2009,70.84
ASM 2008,72.43
ASM 2007,72.36
ASM 2006,72.4
ASM 2005,72.38
ASM 2004,72.28
ASM 2003,71.7
ASM 2002,71.76
ASM 2001,71.57
ASM 2000,71.44
AND 2023,84.04
AND 2022,84.02
AND 2021,82.33
AND 2020,79.42
AND 2019,84.1
AND 2018,84.24
AND 2017,84.36
AND 2016,84.49
AND 2015,84.53
AND 2014,84.49
AND 2013,84.41
AND 2012,84.33
AND 2011,84.3
AND 2010,84.2
AND 2009,84.1
AND 2008,83.86
AND 2007,83.63
AND 2006,83.37
AND 2005,83.09
AND 2004,82.82
AND 2003,82.72
AND 2002,82.45
AND 2001,82.16
AND 2000,81.86
AGO 2023,64.62
AGO 2022,64.25
AGO 2021,62.96
AGO 2020,63.12
AGO 2019,63.05
AGO 2018,62.62
AGO 2017,62.12
AGO 2016,61.62
AGO 2015,61.04
AGO 2014,60.4
AGO 2013,59.71
AGO 2012,58.92
AGO 2011,58.09
AGO 2010,57.24
AGO 2009,56.23
AGO 2008,55.28
AGO 2007,54.2
AGO 2006,52.97
AGO 2005,52.13
AGO 2004,51.12
AGO 2003,50.22
AGO 2002,47.87
AGO 2001,47.03
AGO 2000,46.5
ATG 2023,77.6
ATG 2022,77.48
ATG 2021,77.2
ATG 2020,77.16
ATG 2019,77.17
ATG 2018,77.13
ATG 2017,77.03
ATG 2016,76.97
ATG 2015,76.89
ATG 2014,76.91
ATG 2013,77.05
ATG 2012,77.1
ATG 2011,77.02
ATG 2010,76.7
ATG 2009,76.39
ATG 2008,76.08
ATG 2007,75.72
ATG 2006,75.51
ATG 2005,75.36
ATG 2004,75.33
ATG 2003,75.31
ATG 2002,75.24
ATG 2001,75.11
ATG 2000,74.82
ARG 2023,77.4
ARG 2022,75.81
ARG 2021,73.95
ARG 2020,75.88
ARG 2019,76.85
ARG 2018,76.77
ARG 2017,76.54
ARG 2016,76.11
ARG 2015,76.6
ARG 2014,76.27
ARG 2013,75.83
ARG 2012,75.8
ARG 2011,76.1
ARG 2010,75.68
ARG 2009,75.58
ARG 2008,75.43
ARG 2007,74.78
ARG 2006,75.28
ARG 2005,75.23
ARG 2004,74.87
ARG 2003,74.31
ARG 2002,74.31
ARG 2001,74.15
ARG 2000,73.91
ARM 2023,77.47
ARM 2022,74.77
ARM 2021,72.28
ARM 2020,73.38
ARM 2019,76.22
ARM 2018,75.62
ARM 2017,75.22
ARM 2016,74.87
ARM 2015,74.87
ARM 2014,74.87
ARM 2013,74.62
ARM 2012,74.12
ARM 2011,73.82
ARM 2010,73.17
ARM 2009,73.07
ARM 2008,73.07
ARM 2007,72.87
ARM 2006,72.82
ARM 2005,73.08
ARM 2004,73.03
ARM 2003,72.83
ARM 2002,72.83
ARM 2001,72.98
ARM 2000,72.88
ABW 2023,76.35
ABW 2022,76.23
ABW 2021,73.66
ABW 2020,75.41
ABW 2019,76.02
ABW 2018,75.88
ABW 2017,75.62
ABW 2016,75.54
ABW 2015,75.41
ABW 2014,75.26
ABW 2013,75.07
ABW 2012,74.84
ABW 2011,74.58
ABW 2010,74.3
ABW 2009,73.97
ABW 2008,73.78
ABW 2007,73.64
ABW 2006,73.5
ABW 2005,73.42
ABW 2004,73.22
ABW 2003,73.24
ABW 2002,73.14
ABW 2001,73.04
ABW 2000,72.94
AUS 2023,83.05
AUS 2022,83.2
AUS 2021,83.3
AUS 2020,83.2
AUS 2019,82.9
AUS 2018,82.75
AUS 2017,82.5
AUS 2016,82.45
AUS 2015,82.4
AUS 2014,82.3
AUS 2013,82.15
AUS 2012,82.05
AUS 2011,81.9
AUS 2010,81.7
AUS 2009,81.54
AUS 2008,81.4
AUS 2007,81.29
AUS 2006,81.04
AUS 2005,80.84
AUS 2004,80.49
AUS 2003,80.24
AUS 2002,79.94
AUS 2001,79.63
AUS 2000,79.23
AUT 2023,81.79
AUT 2022,81.3
AUT 2021,81.19
AUT 2020,81.19
AUT 2019,81.9
AUT 2018,81.69
AUT 2017,81.64
AUT 2016,81.64
AUT 2015,81.19
AUT 2014,81.49
AUT 2013,81.14
AUT 2012,80.94
AUT 2011,80.98
AUT 2010,80.58
AUT 2009,80.33
AUT 2008,80.43
AUT 2007,80.18
AUT 2006,79.88
AUT 2005,79.33
AUT 2004,79.18
AUT 2003,78.63
AUT 2002,78.68
AUT 2001,78.58
AUT 2000,78.13
AZE 2023,74.43
AZE 2022,74.13
AZE 2021,71
AZE 2020,70.31
AZE 2019,73.29
AZE 2018,73.02
AZE 2017,72.69
AZE 2016,72.57
AZE 2015,72.35
AZE 2014,71.93
AZE 2013,71.49
AZE 2012,71.08
AZE 2011,70.57
AZE 2010,70.31
AZE 2009,69.87
AZE 2008,69.36
AZE 2007,68.66
AZE 2006,68.49
AZE 2005,67.71
AZE 2004,67.49
AZE 2003,67.04
AZE 2002,66.77
AZE 2001,66.04
AZE 2000,65.38
BHS 2023,74.55
BHS 2022,74.49
BHS 2021,70.75
BHS 2020,72.99
BHS 2019,71.41
BHS 2018,74.06
BHS 2017,74.03
BHS 2016,74.04
BHS 2015,73.81
BHS 2014,74.03
BHS 2013,73.93
BHS 2012,73.71
BHS 2011,73.57
BHS 2010,73.45
BHS 2009,73.46
BHS 2008,73.44
BHS 2007,73.46
BHS 2006,73.46
BHS 2005,73.41
BHS 2004,73.24
BHS 2003,73.21
BHS 2002,73.02
BHS 2001,72.77
BHS 2000,72.48
BHR 2023,81.28
BHR 2022,80.99
BHR 2021,78.08
BHR 2020,78.68
BHR 2019,80.47
BHR 2018,80.41
BHR 2017,80.41
BHR 2016,80.41
BHR 2015,80.34
BHR 2014,80.21
BHR 2013,80
BHR 2012,79.62
BHR 2011,79.14
BHR 2010,78.59
BHR 2009,78.02
BHR 2008,77.46
BHR 2007,76.95
BHR 2006,76.51
BHR 2005,76.13
BHR 2004,75.79
BHR 2003,75.49
BHR 2002,75.21
BHR 2001,74.94
BHR 2000,74.67
BGD 2023,74.67
BGD 2022,74.27
BGD 2021,71.1
BGD 2020,71.42
BGD 2019,72.63
BGD 2018,72.12
BGD 2017,71.61
BGD 2016,71.08
BGD 2015,70.54
BGD 2014,70.02
BGD 2013,69.49
BGD 2012,68.99
BGD 2011,68.5
BGD 2010,68.01
BGD 2009,67.53
BGD 2008,67.05
BGD 2007,66.46
BGD 2006,66.05
BGD 2005,65.51
BGD 2004,64.91
BGD 2003,64.29
BGD 2002,63.59
BGD 2001,62.84
BGD 2000,62.05
BRB 2023,76.18
BRB 2022,75.68
BRB 2021,76.58
BRB 2020,76.65
BRB 2019,76.5
BRB 2018,76.38
BRB 2017,76.24
BRB 2016,76.17
BRB 2015,76.06
BRB 2014,75.93
BRB 2013,75.82
BRB 2012,75.74
BRB 2011,75.6
BRB 2010,75.49
BRB 2009,75.46
BRB 2008,75.3
BRB 2007,75.26
BRB 2006,75.05
BRB 2005,74.96
BRB 2004,75.15
BRB 2003,74.86
BRB 2002,74.82
BRB 2001,74.71
BRB 2000,74.58
BLR 2023,74.18
BLR 2022,74.1
BLR 2021,72.07
BLR 2020,72.14
BLR 2019,74.23
BLR 2018,74.18
BLR 2017,74.13
BLR 2016,73.83
BLR 2015,73.62
BLR 2014,72.97
BLR 2013,72.47
BLR 2012,71.97
BLR 2011,70.55
BLR 2010,70.4
BLR 2009,70.41
BLR 2008,70.46
BLR 2007,70.21
BLR 2006,69.4
BLR 2005,68.85
BLR 2004,68.96
BLR 2003,68.55
BLR 2002,68.06
BLR 2001,68.51
BLR 2000,68.91
BEL 2023,82.4
BEL 2022,81.75
BEL 2021,81.79
BEL 2020,80.7
BEL 2019,82
BEL 2018,81.6
BEL 2017,81.49
BEL 2016,81.44
BEL 2015,80.99
BEL 2014,81.29
BEL 2013,80.59
BEL 2012,80.39
BEL 2011,80.59
BEL 2010,80.18
BEL 2009,80.03
BEL 2008,79.68
BEL 2007,79.78
BEL 2006,79.38
BEL 2005,78.98
BEL 2004,78.88
BEL 2003,78.13
BEL 2002,78.08
BEL 2001,77.97
BEL 2000,77.72
BLZ 2023,73.57
BLZ 2022,72.19
BLZ 2021,70.92
BLZ 2020,71.58
BLZ 2019,72.58
BLZ 2018,72.32
BLZ 2017,72.06
BLZ 2016,71.84
BLZ 2015,71.65
BLZ 2014,71.44
BLZ 2013,71.28
BLZ 2012,71.13
BLZ 2011,70.97
BLZ 2010,70.88
BLZ 2009,70.81
BLZ 2008,70.67
BLZ 2007,70.65
BLZ 2006,70.54
BLZ 2005,70.33
BLZ 2004,70.15
BLZ 2003,69.82
BLZ 2002,69.53
BLZ 2001,68.94
BLZ 2000,68.91
BEN 2023,60.77
BEN 2022,60.48
BEN 2021,59.61
BEN 2020,60.15
BEN 2019,59.89
BEN 2018,59.71
BEN 2017,59.53
BEN 2016,59.28
BEN 2015,59.12
BEN 2014,59.01
BEN 2013,58.86
BEN 2012,58.56
BEN 2011,58.46
BEN 2010,58.39
BEN 2009,58.26
BEN 2008,58.1
BEN 2007,58.25
BEN 2006,57.97
BEN 2005,57.74
BEN 2004,57.35
BEN 2003,57.09
BEN 2002,56.85
BEN 2001,56.65
BEN 2000,56.59
BMU 2023,82.31
BMU 2022,82.06
BMU 2021,81.75
BMU 2020,81.46
BMU 2019,81.25
BMU 2018,80.99
BMU 2017,80.69
BMU 2016,80.48
BMU 2015,80.34
BMU 2014,80.2
BMU 2013,80.02
BMU 2012,79.85
BMU 2011,79.65
BMU 2010,79.41
BMU 2009,79.23
BMU 2008,79.1
BMU 2007,79.01
BMU 2006,78.87
BMU 2005,78.87
BMU 2004,78.9
BMU 2003,78.72
BMU 2002,78.84
BMU 2001,78.64
BMU 2000,78.25
BTN 2023,72.97
BTN 2022,72.75
BTN 2021,72.45
BTN 2020,72.25
BTN 2019,72.01
BTN 2018,71.71
BTN 2017,71.41
BTN 2016,71.12
BTN 2015,70.8
BTN 2014,70.5
BTN 2013,70.16
BTN 2012,69.76
BTN 2011,69.28
BTN 2010,68.77
BTN 2009,68.16
BTN 2008,67.73
BTN 2007,67.15
BTN 2006,66.5
BTN 2005,65.88
BTN 2004,65.29
BTN 2003,64.66
BTN 2002,63.98
BTN 2001,63.32
BTN 2000,61.84
BOL 2023,68.58
BOL 2022,67.43
BOL 2021,61.43
BOL 2020,62.91
BOL 2019,67.82
BOL 2018,67.7
BOL 2017,67.54
BOL 2016,67.39
BOL 2015,67.21
BOL 2014,66.97
BOL 2013,66.78
BOL 2012,66.59
BOL 2011,66.28
BOL 2010,66
BOL 2009,65.66
BOL 2008,65.3
BOL 2007,64.94
BOL 2006,64.53
BOL 2005,64.18
BOL 2004,63.82
BOL 2003,63.46
BOL 2002,63.07
BOL 2001,62.54
BOL 2000,62.06
BIH 2023,77.85
BIH 2022,76.78
BIH 2021,74.57
BIH 2020,76.04
BIH 2019,77.39
BIH 2018,77.94
BIH 2017,77.39
BIH 2016,77.12
BIH 2015,77.07
BIH 2014,77.09
BIH 2013,77.13
BIH 2012,77.04
BIH 2011,76.96
BIH 2010,76.83
BIH 2009,76.7
BIH 2008,76.3
BIH 2007,76.16
BIH 2006,76.03
BIH 2005,76.42
BIH 2004,76.49
BIH 2003,76.45
BIH 2002,75.99
BIH 2001,75.57
BIH 2000,75.29
BWA 2023,69.16
BWA 2022,68.75
BWA 2021,63.3
BWA 2020,67.64
BWA 2019,67.17
BWA 2018,66.37
BWA 2017,65.42
BWA 2016,64.32
BWA 2015,63.22
BWA 2014,62.17
BWA 2013,61.22
BWA 2012,60.38
BWA 2011,59.72
BWA 2010,59.14
BWA 2009,58.3
BWA 2008,57.66
BWA 2007,56.74
BWA 2006,55.11
BWA 2005,54.39
BWA 2004,53.57
BWA 2003,52.85
BWA 2002,52.37
BWA 2001,52.21
BWA 2000,52.26
BRA 2023,75.85
BRA 2022,74.87
BRA 2021,73.04
BRA 2020,74.51
BRA 2019,75.81
BRA 2018,75.63
BRA 2017,75.38
BRA 2016,75.08
BRA 2015,75.11
BRA 2014,74.82
BRA 2013,74.61
BRA 2012,74.33
BRA 2011,74.05
BRA 2010,73.78
BRA 2009,73.46
BRA 2008,73.11
BRA 2007,72.73
BRA 2006,72.3
BRA 2005,71.83
BRA 2004,71.36
BRA 2003,70.88
BRA 2002,70.4
BRA 2001,69.98
BRA 2000,69.58
VGB 2023,77.28
VGB 2022,77.18
VGB 2021,75.3
VGB 2020,76.89
VGB 2019,76.85
VGB 2018,76.73
VGB 2017,75.67
VGB 2016,76.62
VGB 2015,76.56
VGB 2014,76.53
VGB 2013,76.47
VGB 2012,76.43
VGB 2011,76.36
VGB 2010,76.29
VGB 2009,76.21
VGB 2008,76.07
VGB 2007,75.89
VGB 2006,75.75
VGB 2005,75.57
VGB 2004,75.4
VGB 2003,75.18
VGB 2002,74.97
VGB 2001,74.83
VGB 2000,74.75
BRN 2023,75.33
BRN 2022,72.92
BRN 2021,74.87
BRN 2020,75.11
BRN 2019,75.05
BRN 2018,74.99
BRN 2017,74.94
BRN 2016,74.91
BRN 2015,74.88
BRN 2014,74.86
BRN 2013,74.85
BRN 2012,74.84
BRN 2011,74.83
BRN 2010,74.82
BRN 2009,74.81
BRN 2008,74.81
BRN 2007,74.79
BRN 2006,74.75
BRN 2005,74.68
BRN 2004,74.6
BRN 2003,74.51
BRN 2002,74.36
BRN 2001,74.21
BRN 2000,74.02
BGR 2023,75.76
BGR 2022,74.16
BGR 2021,71.21
BGR 2020,73.36
BGR 2019,75.11
BGR 2018,74.96
BGR 2017,74.81
BGR 2016,74.81
BGR 2015,74.61
BGR 2014,74.47
BGR 2013,74.86
BGR 2012,74.31
BGR 2011,74.16
BGR 2010,73.51
BGR 2009,73.41
BGR 2008,72.96
BGR 2007,72.66
BGR 2006,72.61
BGR 2005,72.56
BGR 2004,72.56
BGR 2003,72.07
BGR 2002,71.87
BGR 2001,71.77
BGR 2000,71.66
BFA 2023,61.09
BFA 2022,60.7
BFA 2021,60.05
BFA 2020,60.45
BFA 2019,60.18
BFA 2018,59.97
BFA 2017,59.58
BFA 2016,59.17
BFA 2015,58.78
BFA 2014,58.33
BFA 2013,57.9
BFA 2012,57.46
BFA 2011,57
BFA 2010,56.34
BFA 2009,55.79
BFA 2008,55.2
BFA 2007,54.38
BFA 2006,53.78
BFA 2005,53.27
BFA 2004,52.6
BFA 2003,51.96
BFA 2002,51.45
BFA 2001,51.19
BFA 2000,50.81
BDI 2023,63.65
BDI 2022,62.88
BDI 2021,62.1
BDI 2020,62.57
BDI 2019,62.18
BDI 2018,61.81
BDI 2017,61.35
BDI 2016,60.79
BDI 2015,60.11
BDI 2014,59.76
BDI 2013,59.18
BDI 2012,58.5
BDI 2011,57.8
BDI 2010,57.09
BDI 2009,56.42
BDI 2008,55.58
BDI 2007,54.83
BDI 2006,53.96
BDI 2005,53.05
BDI 2004,52.22
BDI 2003,51
BDI 2002,49.92
BDI 2001,48.51
BDI 2000,47.62
CPV 2023,76.06
CPV 2022,75.91
CPV 2021,74.42
CPV 2020,73.82
CPV 2019,75.45
CPV 2018,74.84
CPV 2017,74.71
CPV 2016,74.35
CPV 2015,74.1
CPV 2014,73.79
CPV 2013,73.48
CPV 2012,73.32
CPV 2011,72.91
CPV 2010,72.51
CPV 2009,72.14
CPV 2008,71.89
CPV 2007,71.49
CPV 2006,71.34
CPV 2005,70.94
CPV 2004,70.5
CPV 2003,70.01
CPV 2002,69.45
CPV 2001,68.71
CPV 2000,68.12
KHM 2023,70.67
KHM 2022,70.53
KHM 2021,69.3
KHM 2020,70.06
KHM 2019,70.13
KHM 2018,69.99
KHM 2017,69.84
KHM 2016,69.64
KHM 2015,69.4
KHM 2014,69.12
KHM 2013,68.76
KHM 2012,68.37
KHM 2011,67.87
KHM 2010,67.31
KHM 2009,66.75
KHM 2008,66.15
KHM 2007,65.55
KHM 2006,64.89
KHM 2005,64.11
KHM 2004,63.26
KHM 2003,62.35
KHM 2002,61.4
KHM 2001,60.46
KHM 2000,59.49
CMR 2023,63.7
CMR 2022,62.44
CMR 2021,61.15
CMR 2020,61.67
CMR 2019,61.7
CMR 2018,61.19
CMR 2017,60.82
CMR 2016,60.29
CMR 2015,59.69
CMR 2014,59.13
CMR 2013,58.73
CMR 2012,58.17
CMR 2011,57.48
CMR 2010,56.97
CMR 2009,56.49
CMR 2008,56.12
CMR 2007,55.71
CMR 2006,55.3
CMR 2005,54.9
CMR 2004,54.58
CMR 2003,54.25
CMR 2002,53.92
CMR 2001,53.6
CMR 2000,53.34
CAN 2023,81.63
CAN 2022,81.09
CAN 2021,81.45
CAN 2020,81.53
CAN 2019,82.16
CAN 2018,81.8
CAN 2017,81.81
CAN 2016,81.94
CAN 2015,81.83
CAN 2014,81.78
CAN 2013,81.74
CAN 2012,81.66
CAN 2011,81.48
CAN 2010,81.32
CAN 2009,81.07
CAN 2008,80.72
CAN 2007,80.54
CAN 2006,80.54
CAN 2005,80.11
CAN 2004,79.99
CAN 2003,79.72
CAN 2002,79.53
CAN 2001,79.4
CAN 2000,79.17
CYM 2023,80.36
CYM 2022,79.98
CYM 2021,79.3
CYM 2020,79.23
CYM 2019,79.05
CYM 2018,78.83
CYM 2017,78.61
CYM 2016,78.37
CYM 2015,78.12
CYM 2014,77.86
CYM 2013,77.65
CYM 2012,77.12
CYM 2011,76.56
CYM 2010,76.07
CYM 2009,75.67
CYM 2008,75.39
CYM 2007,75.15
CYM 2006,75
CYM 2005,74.86
CYM 2004,74.6
CYM 2003,74.64
CYM 2002,74.61
CYM 2001,74.53
CYM 2000,74.38
CAF 2023,57.41
CAF 2022,18.82
CAF 2021,40.28
CAF 2020,50.6
CAF 2019,31.53
CAF 2018,52.3
CAF 2017,45.23
CAF 2016,51
CAF 2015,51.93
CAF 2014,40.27
CAF 2013,49.49
CAF 2012,51.34
CAF 2011,50.11
CAF 2010,46.87
CAF 2009,14.67
CAF 2008,49.87
CAF 2007,49.33
CAF 2006,48.69
CAF 2005,48.21
CAF 2004,47.7
CAF 2003,47.31
CAF 2002,46.84
CAF 2001,46.73
CAF 2000,46.61
TCD 2023,55.07
TCD 2022,54.53
TCD 2021,53.14
TCD 2020,53.08
TCD 2019,52.99
TCD 2018,52.45
TCD 2017,51.88
TCD 2016,51.6
TCD 2015,51.32
TCD 2014,51.14
TCD 2013,51.05
TCD 2012,50.77
TCD 2011,50.43
TCD 2010,50.11
TCD 2009,49.83
TCD 2008,49.5
TCD 2007,49.21
TCD 2006,48.75
TCD 2005,48.86
TCD 2004,48.69
TCD 2003,48.61
TCD 2002,48.36
TCD 2001,48.31
TCD 2000,47.94
CHI 2023,81.1
CHI 2022,81
CHI 2021,80.3
CHI 2020,80.9
CHI 2019,81.2
CHI 2018,81.1
CHI 2017,81
CHI 2016,81.2
CHI 2015,81.4
CHI 2014,81.6
CHI 2013,81.5
CHI 2012,81.3
CHI 2011,81.4
CHI 2010,81.2
CHI 2009,81
CHI 2008,80.8
CHI 2007,80.6
CHI 2006,80.4
CHI 2005,80.1
CHI 2004,79.8
CHI 2003,79.4
CHI 2002,79.1
CHI 2001,79
CHI 2000,78.8
CHL 2023,81.17
CHL 2022,79.18
CHL 2021,78.88
CHL 2020,79.35
CHL 2019,80.32
CHL 2018,80.56
CHL 2017,80.61
CHL 2016,80.3
CHL 2015,80.01
CHL 2014,79.71
CHL 2013,79.55
CHL 2012,79.22
CHL 2011,79.24
CHL 2010,79.1
CHL 2009,78.89
CHL 2008,78.75
CHL 2007,78.65
CHL 2006,78.53
CHL 2005,78.46
CHL 2004,78.28
CHL 2003,77.88
CHL 2002,77.84
CHL 2001,77.58
CHL 2000,77.13
CHN 2023,77.95
CHN 2022,78.2
CHN 2021,78.12
CHN 2020,78.02
CHN 2019,77.94
CHN 2018,77.71
CHN 2017,77.24
CHN 2016,77.21
CHN 2015,76.97
CHN 2014,76.71
CHN 2013,76.45
CHN 2012,76.2
CHN 2011,75.89
CHN 2010,75.67
CHN 2009,75.32
CHN 2008,74.83
CHN 2007,74.79
CHN 2006,74.4
CHN 2005,74.08
CHN 2004,73.73
CHN 2003,73.39
CHN 2002,73.03
CHN 2001,72.68
CHN 2000,72.29
COL 2023,77.72
COL 2022,76.51
COL 2021,72.7
COL 2020,74.76
COL 2019,76.79
COL 2018,76.58
COL 2017,76.42
COL 2016,76.23
COL 2015,76.07
COL 2014,75.95
COL 2013,75.83
COL 2012,75.61
COL 2011,75.18
COL 2010,74.88
COL 2009,74.53
COL 2008,74.21
COL 2007,73.75
COL 2006,73.5
COL 2005,73.16
COL 2004,72.76
COL 2003,72.31
COL 2002,71.54
COL 2001,71.19
COL 2000,70.91
COM 2023,66.78
COM 2022,66.48
COM 2021,65.2
COM 2020,65.76
COM 2019,65.66
COM 2018,65.4
COM 2017,65.13
COM 2016,64.79
COM 2015,64.47
COM 2014,64.14
COM 2013,63.84
COM 2012,63.46
COM 2011,63.11
COM 2010,62.75
COM 2009,62.3
COM 2008,61.96
COM 2007,61.48
COM 2006,61.23
COM 2005,60.88
COM 2004,60.56
COM 2003,60.24
COM 2002,59.72
COM 2001,59.59
COM 2000,58.94
COD 2023,61.9
COD 2022,60.98
COD 2021,60.04
COD 2020,60.43
COD 2019,60.24
COD 2018,59.93
COD 2017,59.5
COD 2016,59.08
COD 2015,58.66
COD 2014,58.24
COD 2013,57.8
COD 2012,57.35
COD 2011,56.91
COD 2010,56.41
COD 2009,55.8
COD 2008,55.39
COD 2007,54.95
COD 2006,54.5
COD 2005,54
COD 2004,53.53
COD 2003,52.95
COD 2002,52.37
COD 2001,52.21
COD 2000,51.89
COG 2023,65.77
COG 2022,65
COG 2021,64.19
COG 2020,64.39
COG 2019,63.15
COG 2018,64.47
COG 2017,64.2
COG 2016,63.91
COG 2015,63.66
COG 2014,63.35
COG 2013,62.97
COG 2012,62.66
COG 2011,62.29
COG 2010,61.73
COG 2009,61.22
COG 2008,60.79
COG 2007,60.05
COG 2006,59.47
COG 2005,58.73
COG 2004,57.96
COG 2003,57.13
COG 2002,56.41
COG 2001,55.89
COG 2000,55.37
CRI 2023,80.8
CRI 2022,79.32
CRI 2021,78.05
CRI 2020,79.72
CRI 2019,80.3
CRI 2018,80.09
CRI 2017,79.99
CRI 2016,79.99
CRI 2015,80.41
CRI 2014,80.23
CRI 2013,80.19
CRI 2012,79.93
CRI 2011,79.62
CRI 2010,79.35
CRI 2009,79.37
CRI 2008,79.18
CRI 2007,79.1
CRI 2006,79.05
CRI 2005,78.88
CRI 2004,78.51
CRI 2003,78.21
CRI 2002,77.94
CRI 2001,77.61
CRI 2000,77.32
CIV 2023,61.94
CIV 2022,61.56
CIV 2021,60.29
CIV 2020,60.14
CIV 2019,60.27
CIV 2018,59.8
CIV 2017,59.32
CIV 2016,58.81
CIV 2015,58.28
CIV 2014,57.77
CIV 2013,57.06
CIV 2012,56.57
CIV 2011,55.97
CIV 2010,55.28
CIV 2009,54.74
CIV 2008,54.18
CIV 2007,53.45
CIV 2006,52.89
CIV 2005,52.43
CIV 2004,51.94
CIV 2003,51.44
CIV 2002,51.54
CIV 2001,51.43
CIV 2000,51.39
HRV 2023,78.47
HRV 2022,77.58
HRV 2021,76.42
HRV 2020,77.52
HRV 2019,78.22
HRV 2018,77.92
HRV 2017,77.73
HRV 2016,77.92
HRV 2015,77.28
HRV 2014,77.72
HRV 2013,77.57
HRV 2012,77.17
HRV 2011,76.78
HRV 2010,76.48
HRV 2009,76.17
HRV 2008,75.91
HRV 2007,75.71
HRV 2006,75.84
HRV 2005,75.24
HRV 2004,75.52
HRV 2003,74.61
HRV 2002,74.72
HRV 2001,74.51
HRV 2000,72.81
CUB 2023,78.08
CUB 2022,77.63
CUB 2021,73.2
CUB 2020,77.41
CUB 2019,77.41
CUB 2018,77.43
CUB 2017,77.3
CUB 2016,77.57
CUB 2015,77.75
CUB 2014,77.83
CUB 2013,78.03
CUB 2012,78.16
CUB 2011,78.05
CUB 2010,77.88
CUB 2009,77.58
CUB 2008,77.59
CUB 2007,77.55
CUB 2006,77.41
CUB 2005,77.54
CUB 2004,77.33
CUB 2003,77.41
CUB 2002,76.77
CUB 2001,76.43
CUB 2000,75.92
CUW 2023,76.8
CUW 2022,76.73
CUW 2021,75.69
CUW 2020,76.5
CUW 2019,76.49
CUW 2018,76.49
CUW 2017,76.42
CUW 2016,76.32
CUW 2015,76.48
CUW 2014,76.38
CUW 2013,76.24
CUW 2012,75.96
CUW 2011,75.58
CUW 2010,75.12
CUW 2009,74.49
CUW 2008,74.31
CUW 2007,74.14
CUW 2006,73.98
CUW 2005,73.87
CUW 2004,73.74
CUW 2003,73.6
CUW 2002,73.47
CUW 2001,73.36
CUW 2000,73.28
CYP 2023,81.65
CYP 2022,80.43
CYP 2021,80.57
CYP 2020,81.23
CYP 2019,81.45
CYP 2018,81.56
CYP 2017,81.54
CYP 2016,81.53
CYP 2015,81.46
CYP 2014,81.34
CYP 2013,81.32
CYP 2012,81.13
CYP 2011,80.86
CYP 2010,80.63
CYP 2009,80.38
CYP 2008,79.91
CYP 2007,79.8
CYP 2006,79.46
CYP 2005,79.2
CYP 2004,79.01
CYP 2003,78.91
CYP 2002,78.76
CYP 2001,78.19
CYP 2000,77.9
CZE 2023,79.83
CZE 2022,78.93
CZE 2021,77.22
CZE 2020,78.23
CZE 2019,79.23
CZE 2018,79.03
CZE 2017,78.98
CZE 2016,79.03
CZE 2015,78.58
CZE 2014,78.82
CZE 2013,78.18
CZE 2012,78.08
CZE 2011,77.87
CZE 2010,77.42
CZE 2009,77.08
CZE 2008,76.98
CZE 2007,76.72
CZE 2006,76.52
CZE 2005,75.92
CZE 2004,75.72
CZE 2003,75.17
CZE 2002,75.22
CZE 2001,75.17
CZE 2000,74.97
DNK 2023,81.75
DNK 2022,81.3
DNK 2021,81.4
DNK 2020,81.6
DNK 2019,81.45
DNK 2018,80.95
DNK 2017,81.1
DNK 2016,80.85
DNK 2015,80.7
DNK 2014,80.7
DNK 2013,80.3
DNK 2012,80.05
DNK 2011,79.8
DNK 2010,79.1
DNK 2009,78.6
DNK 2008,78.45
DNK 2007,78.2
DNK 2006,78.1
DNK 2005,77.84
DNK 2004,77.49
DNK 2003,77.14
DNK 2002,76.9
DNK 2001,76.79
DNK 2000,76.59
DJI 2023,65.99
DJI 2022,65.54
DJI 2021,63.83
DJI 2020,64.2
DJI 2019,64.38
DJI 2018,64.11
DJI 2017,63.71
DJI 2016,63.34
DJI 2015,62.83
DJI 2014,62.43
DJI 2013,62.12
DJI 2012,61.72
DJI 2011,61.34
DJI 2010,60.74
DJI 2009,60.35
DJI 2008,59.82
DJI 2007,59.36
DJI 2006,58.96
DJI 2005,58.55
DJI 2004,58.1
DJI 2003,58.04
DJI 2002,57.82
DJI 2001,57.51
DJI 2000,56.73
DMA 2023,71.13
DMA 2022,71.08
DMA 2021,69.83
DMA 2020,71.27
DMA 2019,71.31
DMA 2018,71.38
DMA 2017,68.62
DMA 2016,71.19
DMA 2015,69.97
DMA 2014,71.19
DMA 2013,71.23
DMA 2012,71.39
DMA 2011,71.52
DMA 2010,71.68
DMA 2009,71.83
DMA 2008,71.94
DMA 2007,71.9
DMA 2006,72.01
DMA 2005,72.02
DMA 2004,71.99
DMA 2003,71.94
DMA 2002,71.93
DMA 2001,71.86
DMA 2000,71.72
DOM 2023,73.72
DOM 2022,74.21
DOM 2021,71.76
DOM 2020,72.64
DOM 2019,73.11
DOM 2018,73.56
DOM 2017,73.37
DOM 2016,72.89
DOM 2015,72.98
DOM 2014,73.15
DOM 2013,73.04
DOM 2012,72.82
DOM 2011,72.5
DOM 2010,72.04
DOM 2009,71.59
DOM 2008,71.33
DOM 2007,71.1
DOM 2006,71.05
DOM 2005,71.04
DOM 2004,70.73
DOM 2003,70.86
DOM 2002,70.72
DOM 2001,70.55
DOM 2000,70.36
ECU 2023,77.39
ECU 2022,76.58
ECU 2021,72.75
ECU 2020,72
ECU 2019,77.29
ECU 2018,77.25
ECU 2017,76.22
ECU 2016,76.09
ECU 2015,76.22
ECU 2014,76.14
ECU 2013,75.83
ECU 2012,75.49
ECU 2011,75.18
ECU 2010,75.19
ECU 2009,74.9
ECU 2008,74.71
ECU 2007,74.23
ECU 2006,74.01
ECU 2005,73.91
ECU 2004,73.87
ECU 2003,73.63
ECU 2002,73.16
ECU 2001,72.57
ECU 2000,72.09
EGY 2023,71.63
EGY 2022,71.01
EGY 2021,68.98
EGY 2020,69.79
EGY 2019,71.21
EGY 2018,70.97
EGY 2017,70.71
EGY 2016,70.44
EGY 2015,70.14
EGY 2014,69.91
EGY 2013,69.63
EGY 2012,69.46
EGY 2011,69.23
EGY 2010,69.08
EGY 2009,68.92
EGY 2008,68.76
EGY 2007,68.63
EGY 2006,68.49
EGY 2005,68.36
EGY 2004,68.21
EGY 2003,68.05
EGY 2002,67.85
EGY 2001,67.61
EGY 2000,67.33
SLV 2023,72.1
SLV 2022,71.97
SLV 2021,69.94
SLV 2020,70.24
SLV 2019,71.72
SLV 2018,71.38
SLV 2017,71.01
SLV 2016,70.91
SLV 2015,70.95
SLV 2014,71.14
SLV 2013,71.22
SLV 2012,71.42
SLV 2011,71.19
SLV 2010,70.91
SLV 2009,70.36
SLV 2008,70.14
SLV 2007,69.82
SLV 2006,69.61
SLV 2005,69.34
SLV 2004,69.3
SLV 2003,68.79
SLV 2002,68.53
SLV 2001,67.97
SLV 2000,67.71
GNQ 2023,63.71
GNQ 2022,63.36
GNQ 2021,62.45
GNQ 2020,62.14
GNQ 2019,62.3
GNQ 2018,61.92
GNQ 2017,61.48
GNQ 2016,61.08
GNQ 2015,60.64
GNQ 2014,60.23
GNQ 2013,59.78
GNQ 2012,59.3
GNQ 2011,58.83
GNQ 2010,58.34
GNQ 2009,57.88
GNQ 2008,57.38
GNQ 2007,56.86
GNQ 2006,56.35
GNQ 2005,55.77
GNQ 2004,55.31
GNQ 2003,54.79
GNQ 2002,54.32
GNQ 2001,53.83
GNQ 2000,53.4
ERI 2023,68.62
ERI 2022,67.79
ERI 2021,66.94
ERI 2020,66.98
ERI 2019,67.31
ERI 2018,66.98
ERI 2017,66.61
ERI 2016,66.24
ERI 2015,65.91
ERI 2014,65.52
ERI 2013,65.01
ERI 2012,64.7
ERI 2011,64.23
ERI 2010,63.67
ERI 2009,63.2
ERI 2008,62.42
ERI 2007,62
ERI 2006,61.46
ERI 2005,60.63
ERI 2004,60.06
ERI 2003,59.46
ERI 2002,58.94
ERI 2001,58.36
ERI 2000,56.29
EST 2023,78.79
EST 2022,77.84
EST 2021,76.94
EST 2020,78.6
EST 2019,78.65
EST 2018,78.24
EST 2017,78.09
EST 2016,77.64
EST 2015,77.59
EST 2014,77.03
EST 2013,77.14
EST 2012,76.33
EST 2011,76.23
EST 2010,75.43
EST 2009,74.82
EST 2008,73.77
EST 2007,72.81
EST 2006,72.69
EST 2005,72.57
EST 2004,71.91
EST 2003,71.32
EST 2002,70.9
EST 2001,70.26
EST 2000,70.42
SWZ 2023,64.12
SWZ 2022,63.03
SWZ 2021,58.23
SWZ 2020,59.86
SWZ 2019,59.85
SWZ 2018,58.71
SWZ 2017,57.57
SWZ 2016,56.23
SWZ 2015,54.94
SWZ 2014,53.49
SWZ 2013,52.11
SWZ 2012,50.71
SWZ 2011,49.06
SWZ 2010,48.33
SWZ 2009,46.91
SWZ 2008,45.85
SWZ 2007,45.16
SWZ 2006,44.56
SWZ 2005,43.96
SWZ 2004,43.91
SWZ 2003,44.63
SWZ 2002,45.38
SWZ 2001,46.34
SWZ 2000,47.63
ETH 2023,67.32
ETH 2022,66.9
ETH 2021,65.33
ETH 2020,65.97
ETH 2019,65.74
ETH 2018,65.26
ETH 2017,64.77
ETH 2016,64.16
ETH 2015,63.59
ETH 2014,62.93
ETH 2013,62.16
ETH 2012,61.44
ETH 2011,60.6
ETH 2010,59.71
ETH 2009,58.72
ETH 2008,57.73
ETH 2007,56.57
ETH 2006,55.4
ETH 2005,54.36
ETH 2004,53.74
ETH 2003,52.88
ETH 2002,52.09
ETH 2001,51.43
ETH 2000,50.88
FRO 2023,82.95
FRO 2022,82.82
FRO 2021,82.68
FRO 2020,82.53
FRO 2019,82.39
FRO 2018,82.25
FRO 2017,82.11
FRO 2016,81.96
FRO 2015,81.8
FRO 2014,81.59
FRO 2013,81.36
FRO 2012,81.11
FRO 2011,80.85
FRO 2010,80.6
FRO 2009,80.37
FRO 2008,80.15
FRO 2007,79.92
FRO 2006,79.69
FRO 2005,79.45
FRO 2004,79.2
FRO 2003,78.98
FRO 2002,78.79
FRO 2001,78.6
FRO 2000,78.41
FJI 2023,67.32
FJI 2022,67.15
FJI 2021,64.9
FJI 2020,66.92
FJI 2019,67.01
FJI 2018,66.97
FJI 2017,67.06
FJI 2016,66.66
FJI 2015,66.48
FJI 2014,66.58
FJI 2013,66.55
FJI 2012,65.81
FJI 2011,66.88
FJI 2010,66.78
FJI 2009,66.35
FJI 2008,66.32
FJI 2007,66.16
FJI 2006,66.13
FJI 2005,65.98
FJI 2004,65.84
FJI 2003,65.65
FJI 2002,65.49
FJI 2001,66.21
FJI 2000,66.19
FIN 2023,81.59
FIN 2022,81.19
FIN 2021,81.89
FIN 2020,81.93
FIN 2019,81.98
FIN 2018,81.73
FIN 2017,81.63
FIN 2016,81.43
FIN 2015,81.48
FIN 2014,81.18
FIN 2013,80.98
FIN 2012,80.63
FIN 2011,80.47
FIN 2010,79.87
FIN 2009,79.72
FIN 2008,79.57
FIN 2007,79.26
FIN 2006,79.21
FIN 2005,78.82
FIN 2004,78.71
FIN 2003,78.37
FIN 2002,78.12
FIN 2001,77.97
FIN 2000,77.47
FRA 2023,82.83
FRA 2022,82.13
FRA 2021,82.32
FRA 2020,82.18
FRA 2019,82.83
FRA 2018,82.68
FRA 2017,82.58
FRA 2016,82.57
FRA 2015,82.32
FRA 2014,82.72
FRA 2013,82.22
FRA 2012,81.97
FRA 2011,82.11
FRA 2010,81.66
FRA 2009,81.41
FRA 2008,81.21
FRA 2007,81.11
FRA 2006,80.81
FRA 2005,80.16
FRA 2004,80.16
FRA 2003,79.11
FRA 2002,79.26
FRA 2001,79.16
FRA 2000,79.06
PYF 2023,84.07
PYF 2022,83.86
PYF 2021,79.57
PYF 2020,82.46
PYF 2019,83.2
PYF 2018,82.99
PYF 2017,82.77
PYF 2016,82.56
PYF 2015,82.34
PYF 2014,82.15
PYF 2013,81.94
PYF 2012,81.69
PYF 2011,81.43
PYF 2010,81.14
PYF 2009,80.87
PYF 2008,80.59
PYF 2007,80.33
PYF 2006,80.1
PYF 2005,79.95
PYF 2004,79.83
PYF 2003,79.71
PYF 2002,79.54
PYF 2001,79.32
PYF 2000,79
GAB 2023,68.34
GAB 2022,67.71
GAB 2021,67.07
GAB 2020,67.07
GAB 2019,67.34
GAB 2018,67.04
GAB 2017,66.82
GAB 2016,66.58
GAB 2015,66.34
GAB 2014,66.07
GAB 2013,65.75
GAB 2012,65.44
GAB 2011,65.1
GAB 2010,64.72
GAB 2009,64.36
GAB 2008,64.01
GAB 2007,63.62
GAB 2006,63.26
GAB 2005,62.98
GAB 2004,62.69
GAB 2003,62.46
GAB 2002,62.18
GAB 2001,61.98
GAB 2000,61.81
GMB 2023,65.86
GMB 2022,64.86
GMB 2021,63.85
GMB 2020,64.42
GMB 2019,64.43
GMB 2018,64.03
GMB 2017,63.71
GMB 2016,63.39
GMB 2015,62.97
GMB 2014,62.58
GMB 2013,62.25
GMB 2012,61.9
GMB 2011,61.56
GMB 2010,61.17
GMB 2009,60.74
GMB 2008,60.47
GMB 2007,60
GMB 2006,59.67
GMB 2005,59.11
GMB 2004,58.75
GMB 2003,58.22
GMB 2002,57.74
GMB 2001,57.28
GMB 2000,56.9
GEO 2023,74.5
GEO 2022,74.14
GEO 2021,71.64
GEO 2020,73.51
GEO 2019,74.17
GEO 2018,73.99
GEO 2017,73.44
GEO 2016,73.14
GEO 2015,73.24
GEO 2014,73.11
GEO 2013,73.03
GEO 2012,72.67
GEO 2011,72.49
GEO 2010,71.73
GEO 2009,71.06
GEO 2008,70.95
GEO 2007,70.99
GEO 2006,70.98
GEO 2005,70.69
GEO 2004,71.01
GEO 2003,71.38
GEO 2002,70.44
GEO 2001,70.37
GEO 2000,70.09
DEU 2023,81.04
DEU 2022,80.61
DEU 2021,80.79
DEU 2020,81.04
DEU 2019,81.29
DEU 2018,80.89
DEU 2017,80.99
DEU 2016,80.99
DEU 2015,80.64
DEU 2014,81.09
DEU 2013,80.49
DEU 2012,80.54
DEU 2011,80.44
DEU 2010,79.99
DEU 2009,79.84
DEU 2008,79.74
DEU 2007,79.53
DEU 2006,79.13
DEU 2005,78.93
DEU 2004,78.68
DEU 2003,78.38
DEU 2002,78.23
DEU 2001,78.33
DEU 2000,77.93
GHA 2023,65.5
GHA 2022,65.25
GHA 2021,64.29
GHA 2020,64.31
GHA 2019,64.46
GHA 2018,64.14
GHA 2017,63.83
GHA 2016,63.52
GHA 2015,63.18
GHA 2014,62.83
GHA 2013,62.4
GHA 2012,62
GHA 2011,61.62
GHA 2010,61.3
GHA 2009,60.93
GHA 2008,60.58
GHA 2007,60.28
GHA 2006,59.98
GHA 2005,59.64
GHA 2004,59.32
GHA 2003,59.01
GHA 2002,58.71
GHA 2001,58.4
GHA 2000,58.14
GIB 2023,83.55
GIB 2022,83.52
GIB 2021,80.27
GIB 2020,83.07
GIB 2019,83.18
GIB 2018,83.03
GIB 2017,82.86
GIB 2016,82.74
GIB 2015,82.67
GIB 2014,82.64
GIB 2013,82.59
GIB 2012,82.53
GIB 2011,82.33
GIB 2010,82.08
GIB 2009,81.81
GIB 2008,81.54
GIB 2007,81.27
GIB 2006,81.1
GIB 2005,80.99
GIB 2004,80.86
GIB 2003,80.71
GIB 2002,80.59
GIB 2001,80.42
GIB 2000,80.15
GRC 2023,81.74
GRC 2022,80.79
GRC 2021,80.08
GRC 2020,81.29
GRC 2019,81.64
GRC 2018,81.79
GRC 2017,81.29
GRC 2016,81.39
GRC 2015,81.04
GRC 2014,81.39
GRC 2013,81.29
GRC 2012,80.63
GRC 2011,80.73
GRC 2010,80.39
GRC 2009,80.19
GRC 2008,79.94
GRC 2007,79.44
GRC 2006,79.44
GRC 2005,79.24
GRC 2004,79.04
GRC 2003,78.84
GRC 2002,78.64
GRC 2001,78.39
GRC 2000,77.89
GRL 2023,70.97
GRL 2022,71.23
GRL 2021,71.26
GRL 2020,71.29
GRL 2019,71.41
GRL 2018,71.36
GRL 2017,71.26
GRL 2016,71.2
GRL 2015,70.91
GRL 2014,70.51
GRL 2013,70.29
GRL 2012,69.96
GRL 2011,69.61
GRL 2010,69.35
GRL 2009,69.03
GRL 2008,68.57
GRL 2007,68.27
GRL 2006,67.82
GRL 2005,67.31
GRL 2004,66.81
GRL 2003,66.12
GRL 2002,65.42
GRL 2001,65.01
GRL 2000,64.8
GRD 2023,75.21
GRD 2022,75.15
GRD 2021,74.52
GRD 2020,75.02
GRD 2019,74.97
GRD 2018,74.96
GRD 2017,74.98
GRD 2016,75.01
GRD 2015,75.04
GRD 2014,75.05
GRD 2013,75.02
GRD 2012,74.96
GRD 2011,74.86
GRD 2010,74.73
GRD 2009,74.57
GRD 2008,74.37
GRD 2007,74.16
GRD 2006,73.93
GRD 2005,73.7
GRD 2004,72.45
GRD 2003,73.29
GRD 2002,73.14
GRD 2001,73.03
GRD 2000,72.96
GUM 2023,77.21
GUM 2022,77.1
GUM 2021,75.43
GUM 2020,75.53
GUM 2019,76.65
GUM 2018,76.56
GUM 2017,76.46
GUM 2016,76.45
GUM 2015,76.44
GUM 2014,76.42
GUM 2013,76.36
GUM 2012,76.24
GUM 2011,76.15
GUM 2010,76.1
GUM 2009,76.14
GUM 2008,76.23
GUM 2007,76.4
GUM 2006,76.48
GUM 2005,76.43
GUM 2004,76.11
GUM 2003,75.89
GUM 2002,75.51
GUM 2001,75.19
GUM 2000,74.89
GTM 2023,72.6
GTM 2022,71.21
GTM 2021,67.86
GTM 2020,69.97
GTM 2019,71.64
GTM 2018,71.5
GTM 2017,71.58
GTM 2016,71.22
GTM 2015,70.92
GTM 2014,70.94
GTM 2013,70.88
GTM 2012,70.72
GTM 2011,70.32
GTM 2010,69.89
GTM 2009,69.68
GTM 2008,69.49
GTM 2007,69.3
GTM 2006,68.79
GTM 2005,68.17
GTM 2004,68.25
GTM 2003,68.2
GTM 2002,67.83
GTM 2001,67.44
GTM 2000,67.1
GIN 2023,60.74
GIN 2022,60.43
GIN 2021,59.37
GIN 2020,59.35
GIN 2019,59.38
GIN 2018,59.04
GIN 2017,58.72
GIN 2016,58.49
GIN 2015,57.9
GIN 2014,57.58
GIN 2013,57.46
GIN 2012,57.12
GIN 2011,56.78
GIN 2010,56.43
GIN 2009,56.05
GIN 2008,55.7
GIN 2007,55.23
GIN 2006,54.88
GIN 2005,54.42
GIN 2004,53.98
GIN 2003,53.59
GIN 2002,53.2
GIN 2001,52.67
GIN 2000,52.42
GNB 2023,64.08
GNB 2022,63.61
GNB 2021,61.65
GNB 2020,61.34
GNB 2019,62.16
GNB 2018,61.65
GNB 2017,61.15
GNB 2016,60.62
GNB 2015,60.07
GNB 2014,59.48
GNB 2013,58.88
GNB 2012,58.27
GNB 2011,57.66
GNB 2010,57
GNB 2009,56.3
GNB 2008,55.3
GNB 2007,54.87
GNB 2006,54.09
GNB 2005,52.95
GNB 2004,52.8
GNB 2003,52.19
GNB 2002,51.61
GNB 2001,51.05
GNB 2000,50.57
GUY 2023,70.18
GUY 2022,69.89
GUY 2021,64.32
GUY 2020,67.75
GUY 2019,69.07
GUY 2018,68.83
GUY 2017,68.54
GUY 2016,68.07
GUY 2015,67.72
GUY 2014,67.33
GUY 2013,66.71
GUY 2012,66.44
GUY 2011,66.47
GUY 2010,66.2
GUY 2009,66.03
GUY 2008,65.72
GUY 2007,65.46
GUY 2006,64.85
GUY 2005,64.39
GUY 2004,64.21
GUY 2003,64.12
GUY 2002,64.18
GUY 2001,64.38
GUY 2000,64.08
HTI 2023,64.94
HTI 2022,63.95
HTI 2021,62.61
HTI 2020,63.77
HTI 2019,64.33
HTI 2018,64.08
HTI 2017,63.83
HTI 2016,63.33
HTI 2015,63.22
HTI 2014,62.97
HTI 2013,62.62
HTI 2012,62.27
HTI 2011,61.58
HTI 2010,45.58
HTI 2009,61.69
HTI 2008,61.28
HTI 2007,61.09
HTI 2006,60.74
HTI 2005,60.32
HTI 2004,58.52
HTI 2003,59.44
HTI 2002,59.04
HTI 2001,58.59
HTI 2000,58.18
HND 2023,72.88
HND 2022,72.72
HND 2021,69.49
HND 2020,70.86
HND 2019,72.12
HND 2018,72
HND 2017,71.81
HND 2016,71.61
HND 2015,71.32
HND 2014,71.03
HND 2013,70.77
HND 2012,70.46
HND 2011,70.12
HND 2010,69.77
HND 2009,69.82
HND 2008,69.66
HND 2007,69.54
HND 2006,69.36
HND 2005,69.2
HND 2004,69.05
HND 2003,68.87
HND 2002,68.71
HND 2001,68.49
HND 2000,68.3
HKG 2023,85.25
HKG 2022,83.66
HKG 2021,85.53
HKG 2020,85.5
HKG 2019,85.16
HKG 2018,84.87
HKG 2017,84.7
HKG 2016,84.21
HKG 2015,84.25
HKG 2014,83.94
HKG 2013,83.83
HKG 2012,83.45
HKG 2011,83.41
HKG 2010,82.96
HKG 2009,82.78
HKG 2008,82.34
HKG 2007,82.37
HKG 2006,82.38
HKG 2005,81.61
HKG 2004,81.8
HKG 2003,81.34
HKG 2002,81.45
HKG 2001,81.42
HKG 2000,80.87
HUN 2023,76.57
HUN 2022,75.87
HUN 2021,74.07
HUN 2020,75.42
HUN 2019,76.32
HUN 2018,76.07
HUN 2017,75.82
HUN 2016,76.06
HUN 2015,75.57
HUN 2014,75.76
HUN 2013,75.57
HUN 2012,75.06
HUN 2011,74.86
HUN 2010,74.21
HUN 2009,73.9
HUN 2008,73.7
HUN 2007,73.15
HUN 2006,73.1
HUN 2005,72.65
HUN 2004,72.65
HUN 2003,72.3
HUN 2002,72.35
HUN 2001,72.25
HUN 2000,71.25
ISL 2023,82.46
ISL 2022,82.12
ISL 2021,83.17
ISL 2020,83.06
ISL 2019,83.16
ISL 2018,82.86
ISL 2017,82.66
ISL 2016,82.2
ISL 2015,82.47
ISL 2014,82.86
ISL 2013,82.06
ISL 2012,82.92
ISL 2011,82.36
ISL 2010,81.9
ISL 2009,81.75
ISL 2008,81.61
ISL 2007,81.45
ISL 2006,81.16
ISL 2005,81.5
ISL 2004,81
ISL 2003,80.96
ISL 2002,80.5
ISL 2001,80.69
ISL 2000,79.65
IND 2023,72
IND 2022,71.7
IND 2021,67.28
IND 2020,70.16
IND 2019,70.75
IND 2018,70.42
IND 2017,70.07
IND 2016,69.71
IND 2015,69.33
IND 2014,68.93
IND 2013,68.5
IND 2012,68.08
IND 2011,67.62
IND 2010,67.16
IND 2009,66.7
IND 2008,66.25
IND 2007,65.8
IND 2006,65.37
IND 2005,64.94
IND 2004,64.48
IND 2003,64.09
IND 2002,63.65
IND 2001,63.16
IND 2000,62.75
IDN 2023,71.15
IDN 2022,70.93
IDN 2021,67.45
IDN 2020,68.82
IDN 2019,70.35
IDN 2018,70.08
IDN 2017,69.95
IDN 2016,69.73
IDN 2015,69.52
IDN 2014,69.29
IDN 2013,69.06
IDN 2012,68.86
IDN 2011,68.63
IDN 2010,68.36
IDN 2009,68.27
IDN 2008,68.08
IDN 2007,67.91
IDN 2006,67.66
IDN 2005,67.53
IDN 2004,65.52
IDN 2003,67.13
IDN 2002,66.95
IDN 2001,66.58
IDN 2000,66.29
IRN 2023,77.65
IRN 2022,76.8
IRN 2021,73.75
IRN 2020,74.14
IRN 2019,76.86
IRN 2018,76.62
IRN 2017,76.4
IRN 2016,76.16
IRN 2015,75.91
IRN 2014,75.64
IRN 2013,75.35
IRN 2012,75.04
IRN 2011,74.72
IRN 2010,74.39
IRN 2009,74.04
IRN 2008,73.68
IRN 2007,73.3
IRN 2006,72.9
IRN 2005,72.45
IRN 2004,72.04
IRN 2003,70.46
IRN 2002,71.11
IRN 2001,70.62
IRN 2000,70.17
IRQ 2023,72.32
IRQ 2022,72.04
IRQ 2021,70.7
IRQ 2020,69.65
IRQ 2019,71.25
IRQ 2018,71.12
IRQ 2017,69.79
IRQ 2016,68.68
IRQ 2015,69.98
IRQ 2014,69.68
IRQ 2013,69.05
IRQ 2012,68.83
IRQ 2011,68.44
IRQ 2010,68.09
IRQ 2009,67.83
IRQ 2008,66.47
IRQ 2007,64.43
IRQ 2006,64.03
IRQ 2005,64.9
IRQ 2004,64.63
IRQ 2003,64.83
IRQ 2002,65.72
IRQ 2001,65.29
IRQ 2000,64.86
IRL 2023,82.81
IRL 2022,82.51
IRL 2021,82.25
IRL 2020,82.46
IRL 2019,82.7
IRL 2018,82.2
IRL 2017,82.16
IRL 2016,81.65
IRL 2015,81.45
IRL 2014,81.35
IRL 2013,80.95
IRL 2012,80.85
IRL 2011,80.75
IRL 2010,80.74
IRL 2009,80.19
IRL 2008,80.1
IRL 2007,79.64
IRL 2006,79.24
IRL 2005,78.94
IRL 2004,78.54
IRL 2003,78.14
IRL 2002,77.63
IRL 2001,77.13
IRL 2000,76.54
IMN 2023,81
IMN 2022,80.96
IMN 2021,80.42
IMN 2020,80.59
IMN 2019,80.74
IMN 2018,80.61
IMN 2017,80.51
IMN 2016,80.39
IMN 2015,80.27
IMN 2014,80.2
IMN 2013,80.12
IMN 2012,80.01
IMN 2011,79.84
IMN 2010,79.61
IMN 2009,79.3
IMN 2008,78.9
IMN 2007,78.45
IMN 2006,77.97
IMN 2005,77.45
IMN 2004,76.88
IMN 2003,76.32
IMN 2002,75.79
IMN 2001,75.29
IMN 2000,74.84
ISR 2023,83.2
ISR 2022,82.7
ISR 2021,82.5
ISR 2020,82.65
ISR 2019,82.8
ISR 2018,82.8
ISR 2017,82.55
ISR 2016,82.41
ISR 2015,82.05
ISR 2014,82.15
ISR 2013,82.06
ISR 2012,81.7
ISR 2011,81.66
ISR 2010,81.6
ISR 2009,81.4
ISR 2008,80.95
ISR 2007,80.5
ISR 2006,80.55
ISR 2005,80.15
ISR 2004,80.15
ISR 2003,79.65
ISR 2002,79.45
ISR 2001,79.41
ISR 2000,78.95
ITA 2023,83.35
ITA 2022,82.7
ITA 2021,82.65
ITA 2020,82.2
ITA 2019,83.5
ITA 2018,83.35
ITA 2017,82.95
ITA 2016,83.24
ITA 2015,82.54
ITA 2014,83.09
ITA 2013,82.69
ITA 2012,82.24
ITA 2011,82.19
ITA 2010,82.04
ITA 2009,81.64
ITA 2008,81.49
ITA 2007,81.43
ITA 2006,81.28
ITA 2005,80.78
ITA 2004,80.78
ITA 2003,79.98
ITA 2002,80.23
ITA 2001,80.13
ITA 2000,79.78
JAM 2023,71.48
JAM 2022,71.48
JAM 2021,69.08
JAM 2020,71.45
JAM 2019,71.53
JAM 2018,71.61
JAM 2017,71.88
JAM 2016,72.05
JAM 2015,72.21
JAM 2014,72.36
JAM 2013,72.44
JAM 2012,72.41
JAM 2011,72.25
JAM 2010,71.98
JAM 2009,71.72
JAM 2008,71.5
JAM 2007,71.41
JAM 2006,71.4
JAM 2005,71.49
JAM 2004,71.54
JAM 2003,71.58
JAM 2002,71.48
JAM 2001,71.29
JAM 2000,71.28
JPN 2023,84.04
JPN 2022,84
JPN 2021,84.45
JPN 2020,84.56
JPN 2019,84.36
JPN 2018,84.21
JPN 2017,84.1
JPN 2016,83.98
JPN 2015,83.79
JPN 2014,83.59
JPN 2013,83.33
JPN 2012,83.1
JPN 2011,82.59
JPN 2010,82.84
JPN 2009,82.93
JPN 2008,82.59
JPN 2007,82.51
JPN 2006,82.32
JPN 2005,81.96
JPN 2004,82.03
JPN 2003,81.76
JPN 2002,81.69
JPN 2001,81.42
JPN 2000,81.08
JOR 2023,77.81
JOR 2022,77.09
JOR 2021,74.2
JOR 2020,75.58
JOR 2019,76.86
JOR 2018,76.49
JOR 2017,76.07
JOR 2016,75.55
JOR 2015,75.06
JOR 2014,74.61
JOR 2013,74.28
JOR 2012,74.09
JOR 2011,73.93
JOR 2010,73.8
JOR 2009,73.71
JOR 2008,73.56
JOR 2007,73.41
JOR 2006,73.22
JOR 2005,72.98
JOR 2004,72.79
JOR 2003,72.58
JOR 2002,72.36
JOR 2001,72.14
JOR 2000,71.93
KAZ 2023,74.4
KAZ 2022,73.5
KAZ 2021,70.13
KAZ 2020,71.19
KAZ 2019,73.66
KAZ 2018,73.37
KAZ 2017,73
KAZ 2016,72.55
KAZ 2015,72.02
KAZ 2014,71.42
KAZ 2013,70.72
KAZ 2012,69.94
KAZ 2011,69.11
KAZ 2010,68.26
KAZ 2009,67.46
KAZ 2008,66.76
KAZ 2007,66.18
KAZ 2006,65.72
KAZ 2005,65.36
KAZ 2004,65.04
KAZ 2003,64.75
KAZ 2002,64.44
KAZ 2001,64.11
KAZ 2000,63.79
KEN 2023,63.65
KEN 2022,63.55
KEN 2021,61.23
KEN 2020,61.6
KEN 2019,62.94
KEN 2018,62.83
KEN 2017,62.73
KEN 2016,62.53
KEN 2015,62.28
KEN 2014,61.99
KEN 2013,61.73
KEN 2012,61.54
KEN 2011,61.28
KEN 2010,60.92
KEN 2009,60.48
KEN 2008,59.96
KEN 2007,59.41
KEN 2006,59.06
KEN 2005,58.51
KEN 2004,57.95
KEN 2003,57.37
KEN 2002,56.76
KEN 2001,56.5
KEN 2000,56.08
KIR 2023,66.47
KIR 2022,66.27
KIR 2021,64.15
KIR 2020,65.21
KIR 2019,65.87
KIR 2018,65.81
KIR 2017,65.79
KIR 2016,65.8
KIR 2015,65.83
KIR 2014,65.87
KIR 2013,65.9
KIR 2012,65.91
KIR 2011,65.9
KIR 2010,65.86
KIR 2009,65.81
KIR 2008,65.75
KIR 2007,65.68
KIR 2006,65.6
KIR 2005,65.52
KIR 2004,65.42
KIR 2003,65.29
KIR 2002,65.12
KIR 2001,64.92
KIR 2000,64.67
PRK 2023,73.64
PRK 2022,73.64
PRK 2021,73.44
PRK 2020,72.78
PRK 2019,72.93
PRK 2018,73.02
PRK 2017,73.03
PRK 2016,72.97
PRK 2015,72.83
PRK 2014,72.45
PRK 2013,71.87
PRK 2012,71.32
PRK 2011,70.77
PRK 2010,70.25
PRK 2009,69.7
PRK 2008,69.3
PRK 2007,69.02
PRK 2006,69.06
PRK 2005,69.17
PRK 2004,69.29
PRK 2003,69.4
PRK 2002,60.88
PRK 2001,60.89
PRK 2000,60.91
KOR 2023,83.43
KOR 2022,82.68
KOR 2021,83.53
KOR 2020,83.43
KOR 2019,83.23
KOR 2018,82.63
KOR 2017,82.63
KOR 2016,82.28
KOR 2015,82.02
KOR 2014,81.72
KOR 2013,81.27
KOR 2012,80.82
KOR 2011,80.57
KOR 2010,80.12
KOR 2009,79.97
KOR 2008,79.52
KOR 2007,79.12
KOR 2006,78.67
KOR 2005,78.17
KOR 2004,77.67
KOR 2003,77.21
KOR 2002,76.77
KOR 2001,76.41
KOR 2000,75.91
XKX 2023,78.03
XKX 2022,77.62
XKX 2021,74.98
XKX 2020,74.21
XKX 2019,77.25
XKX 2018,77.12
XKX 2017,77.11
XKX 2016,76.75
XKX 2015,76.02
XKX 2014,76.18
XKX 2013,76.34
XKX 2012,75.75
XKX 2011,75.32
XKX 2010,74.61
XKX 2009,74.79
XKX 2008,74.71
XKX 2007,74.42
XKX 2006,73.63
XKX 2005,73.44
XKX 2004,73.13
XKX 2003,72.68
XKX 2002,72.23
XKX 2001,71.78
XKX 2000,71.32
KWT 2023,83.19
KWT 2022,80.59
KWT 2021,78.74
KWT 2020,78.76
KWT 2019,81.97
KWT 2018,80.11
KWT 2017,79.92
KWT 2016,79.68
KWT 2015,79.38
KWT 2014,79.08
KWT 2013,78.74
KWT 2012,78.4
KWT 2011,78.05
KWT 2010,77.73
KWT 2009,77.43
KWT 2008,77.19
KWT 2007,77.01
KWT 2006,76.89
KWT 2005,76.8
KWT 2004,76.73
KWT 2003,76.64
KWT 2002,76.53
KWT 2001,76.38
KWT 2000,76.23
KGZ 2023,72.25
KGZ 2022,72.05
KGZ 2021,71.9
KGZ 2020,71.8
KGZ 2019,71.6
KGZ 2018,71.4
KGZ 2017,71.2
KGZ 2016,70.95
KGZ 2015,70.65
KGZ 2014,70.4
KGZ 2013,70.2
KGZ 2012,70
KGZ 2011,69.6
KGZ 2010,69.3
KGZ 2009,69.1
KGZ 2008,68.45
KGZ 2007,67.9
KGZ 2006,67.7
KGZ 2005,67.96
KGZ 2004,68.15
KGZ 2003,68.26
KGZ 2002,68.16
KGZ 2001,68.71
KGZ 2000,68.56
LAO 2023,68.96
LAO 2022,68.72
LAO 2021,67.81
LAO 2020,68.34
LAO 2019,67.91
LAO 2018,67.59
LAO 2017,67.35
LAO 2016,67.01
LAO 2015,66.69
LAO 2014,66.35
LAO 2013,65.72
LAO 2012,65.13
LAO 2011,64.51
LAO 2010,63.69
LAO 2009,63.02
LAO 2008,62.25
LAO 2007,61.69
LAO 2006,61.07
LAO 2005,60.69
LAO 2004,60.08
LAO 2003,59.64
LAO 2002,59.3
LAO 2001,58.89
LAO 2000,58.32
LVA 2023,75.43
LVA 2022,74.28
LVA 2021,72.98
LVA 2020,75.19
LVA 2019,75.39
LVA 2018,74.78
LVA 2017,74.63
LVA 2016,74.58
LVA 2015,74.48
LVA 2014,74.12
LVA 2013,73.98
LVA 2012,73.78
LVA 2011,73.58
LVA 2010,73.48
LVA 2009,73.08
LVA 2008,72.42
LVA 2007,71.02
LVA 2006,70.87
LVA 2005,71.36
LVA 2004,72.03
LVA 2003,71.27
LVA 2002,70.96
LVA 2001,70.76
LVA 2000,70.31
LBN 2023,77.82
LBN 2022,78
LBN 2021,73.65
LBN 2020,76.3
LBN 2019,78.21
LBN 2018,78.26
LBN 2017,78.19
LBN 2016,78.31
LBN 2015,78.28
LBN 2014,78.15
LBN 2013,78.04
LBN 2012,77.94
LBN 2011,77.77
LBN 2010,77.53
LBN 2009,77.26
LBN 2008,76.96
LBN 2007,76.73
LBN 2006,75.68
LBN 2005,76.07
LBN 2004,75.69
LBN 2003,75.28
LBN 2002,74.84
LBN 2001,74.35
LBN 2000,73.9
LSO 2023,57.38
LSO 2022,56.81
LSO 2021,54.21
LSO 2020,55.13
LSO 2019,55.25
LSO 2018,54.64
LSO 2017,53.87
LSO 2016,52.91
LSO 2015,51.83
LSO 2014,50.79
LSO 2013,49.55
LSO 2012,48.24
LSO 2011,46.93
LSO 2010,46.05
LSO 2009,45.06
LSO 2008,44.3
LSO 2007,43.66
LSO 2006,43.18
LSO 2005,43.61
LSO 2004,44.04
LSO 2003,44.92
LSO 2002,45.95
LSO 2001,47.15
LSO 2000,48.78
LBR 2023,62.16
LBR 2022,61.93
LBR 2021,61.17
LBR 2020,61.27
LBR 2019,61.23
LBR 2018,61
LBR 2017,60.78
LBR 2016,60.48
LBR 2015,59.25
LBR 2014,59.21
LBR 2013,59.99
LBR 2012,59.79
LBR 2011,59.49
LBR 2010,59.36
LBR 2009,59.11
LBR 2008,58.68
LBR 2007,58.15
LBR 2006,57.5
LBR 2005,56.77
LBR 2004,55.95
LBR 2003,53.05
LBR 2002,54.06
LBR 2001,53.11
LBR 2000,51.85
LBY 2023,69.34
LBY 2022,74.46
LBY 2021,72.06
LBY 2020,72.39
LBY 2019,72.94
LBY 2018,73.15
LBY 2017,72.72
LBY 2016,71.8
LBY 2015,71.64
LBY 2014,71.3
LBY 2013,72.34
LBY 2012,72.19
LBY 2011,69.95
LBY 2010,72.2
LBY 2009,72.07
LBY 2008,71.94
LBY 2007,71.79
LBY 2006,71.63
LBY 2005,71.44
LBY 2004,71.21
LBY 2003,71
LBY 2002,70.79
LBY 2001,70.65
LBY 2000,70.54
LIE 2023,84.6
LIE 2022,84.12
LIE 2021,84.4
LIE 2020,81.66
LIE 2019,84.16
LIE 2018,83.04
LIE 2017,83.75
LIE 2016,82.26
LIE 2015,82.66
LIE 2014,82.07
LIE 2013,82.26
LIE 2012,82.38
LIE 2011,81.79
LIE 2010,81.84
LIE 2009,81.5
LIE 2008,82.68
LIE 2007,81.3
LIE 2006,80.95
LIE 2005,80.67
LIE 2004,81.77
LIE 2003,79.96
LIE 2002,79.64
LIE 2001,79.28
LIE 2000,76.83
LTU 2023,77.29
LTU 2022,75.64
LTU 2021,74.04
LTU 2020,75.03
LTU 2019,76.28
LTU 2018,75.68
LTU 2017,75.48
LTU 2016,74.67
LTU 2015,74.32
LTU 2014,74.52
LTU 2013,73.91
LTU 2012,73.86
LTU 2011,73.56
LTU 2010,73.27
LTU 2009,72.91
LTU 2008,71.81
LTU 2007,70.9
LTU 2006,71.06
LTU 2005,71.25
LTU 2004,71.96
LTU 2003,72.06
LTU 2002,71.76
LTU 2001,71.66
LTU 2000,72.02
LUX 2023,83.31
LUX 2022,82.95
LUX 2021,82.6
LUX 2020,82.14
LUX 2019,82.64
LUX 2018,82.3
LUX 2017,82.1
LUX 2016,82.69
LUX 2015,82.29
LUX 2014,82.23
LUX 2013,81.8
LUX 2012,81.39
LUX 2011,80.99
LUX 2010,80.63
LUX 2009,80.64
LUX 2008,80.54
LUX 2007,79.38
LUX 2006,79.29
LUX 2005,79.43
LUX 2004,79.12
LUX 2003,77.73
LUX 2002,77.97
LUX 2001,77.82
LUX 2000,77.87
MAC 2023,83.18
MAC 2022,83.08
MAC 2021,83.73
MAC 2020,84.13
MAC 2019,83.93
MAC 2018,83.68
MAC 2017,83.53
MAC 2016,83.28
MAC 2015,83.22
MAC 2014,83.02
MAC 2013,82.72
MAC 2012,82.47
MAC 2011,82.47
MAC 2010,82.27
MAC 2009,82.18
MAC 2008,82.03
MAC 2007,81.73
MAC 2006,81.73
MAC 2005,81.34
MAC 2004,80.99
MAC 2003,81.04
MAC 2002,80.95
MAC 2001,80.59
MAC 2000,80.18
MDG 2023,63.63
MDG 2022,63.07
MDG 2021,62.52
MDG 2020,62.71
MDG 2019,63.5
MDG 2018,63.49
MDG 2017,63.43
MDG 2016,63.43
MDG 2015,63.36
MDG 2014,63.26
MDG 2013,63.16
MDG 2012,63.01
MDG 2011,62.86
MDG 2010,62.6
MDG 2009,62.3
MDG 2008,61.99
MDG 2007,61.53
MDG 2006,61.14
MDG 2005,60.66
MDG 2004,60.17
MDG 2003,59.69
MDG 2002,59.17
MDG 2001,58.67
MDG 2000,57.97
MWI 2023,67.35
MWI 2022,66.04
MWI 2021,64.78
MWI 2020,65.22
MWI 2019,65
MWI 2018,64.46
MWI 2017,63.91
MWI 2016,63.16
MWI 2015,62.32
MWI 2014,61.65
MWI 2013,60.82
MWI 2012,59.87
MWI 2011,58.86
MWI 2010,57.79
MWI 2009,56.71
MWI 2008,55.72
MWI 2007,54.69
MWI 2006,53.65
MWI 2005,52.47
MWI 2004,51.07
MWI 2003,49.6
MWI 2002,48.18
MWI 2001,47.21
MWI 2000,46.17
MYS 2023,76.66
MYS 2022,75.44
MYS 2021,73.92
MYS 2020,76.06
MYS 2019,75.9
MYS 2018,75.73
MYS 2017,75.54
MYS 2016,75.37
MYS 2015,75.29
MYS 2014,75.35
MYS 2013,75.46
MYS 2012,75.55
MYS 2011,75.49
MYS 2010,75.38
MYS 2009,75.27
MYS 2008,75.15
MYS 2007,74.96
MYS 2006,74.7
MYS 2005,74.37
MYS 2004,74.03
MYS 2003,73.73
MYS 2002,73.47
MYS 2001,73.08
MYS 2000,72.73
MDV 2023,81.04
MDV 2022,80.76
MDV 2021,78.05
MDV 2020,78.71
MDV 2019,79.71
MDV 2018,79.43
MDV 2017,79.23
MDV 2016,78.91
MDV 2015,78.61
MDV 2014,78.19
MDV 2013,77.85
MDV 2012,77.51
MDV 2011,77.14
MDV 2010,76.76
MDV 2009,76.37
MDV 2008,76
MDV 2007,75.71
MDV 2006,75.26
MDV 2005,74.79
MDV 2004,73.01
MDV 2003,73.26
MDV 2002,72.36
MDV 2001,71.66
MDV 2000,70.89
MLI 2023,60.44
MLI 2022,60.04
MLI 2021,59.12
MLI 2020,58.86
MLI 2019,59.22
MLI 2018,58.87
MLI 2017,58.56
MLI 2016,58.29
MLI 2015,57.85
MLI 2014,57.48
MLI 2013,57.05
MLI 2012,56.7
MLI 2011,56.37
MLI 2010,55.99
MLI 2009,55.59
MLI 2008,55.19
MLI 2007,54.76
MLI 2006,54.31
MLI 2005,53.79
MLI 2004,53.25
MLI 2003,52.63
MLI 2002,52
MLI 2001,51.3
MLI 2000,50.61
MLT 2023,83.36
MLT 2022,82.3
MLT 2021,82.26
MLT 2020,82.1
MLT 2019,82.66
MLT 2018,82.25
MLT 2017,82.2
MLT 2016,82.35
MLT 2015,81.8
MLT 2014,81.9
MLT 2013,81.75
MLT 2012,80.75
MLT 2011,80.75
MLT 2010,81.4
MLT 2009,80.24
MLT 2008,79.64
MLT 2007,79.79
MLT 2006,79.44
MLT 2005,79.3
MLT 2004,79.25
MLT 2003,78.55
MLT 2002,78.74
MLT 2001,78.84
MLT 2000,78.35
MHL 2023,66.94
MHL 2022,66.72
MHL 2021,65.42
MHL 2020,65.39
MHL 2019,66.05
MHL 2018,65.87
MHL 2017,65.67
MHL 2016,65.48
MHL 2015,65.29
MHL 2014,65.11
MHL 2013,64.95
MHL 2012,64.78
MHL 2011,64.64
MHL 2010,64.5
MHL 2009,64.4
MHL 2008,64.3
MHL 2007,64.26
MHL 2006,64.21
MHL 2005,64.11
MHL 2004,64.04
MHL 2003,63.96
MHL 2002,63.85
MHL 2001,63.74
MHL 2000,63.32
MRT 2023,68.48
MRT 2022,68.28
MRT 2021,66.76
MRT 2020,66.79
MRT 2019,67.64
MRT 2018,67.42
MRT 2017,67.09
MRT 2016,66.82
MRT 2015,66.5
MRT 2014,66.21
MRT 2013,65.89
MRT 2012,65.81
MRT 2011,65.75
MRT 2010,65.66
MRT 2009,65.49
MRT 2008,65.23
MRT 2007,64.89
MRT 2006,64.49
MRT 2005,63.92
MRT 2004,63.37
MRT 2003,62.81
MRT 2002,62.25
MRT 2001,61.66
MRT 2000,61.04
MUS 2023,73.41
MUS 2022,73.51
MUS 2021,73.68
MUS 2020,74.18
MUS 2019,74.24
MUS 2018,74.42
MUS 2017,74.51
MUS 2016,74.39
MUS 2015,74.35
MUS 2014,74.19
MUS 2013,74.02
MUS 2012,73.86
MUS 2011,73.27
MUS 2010,72.97
MUS 2009,72.88
MUS 2008,72.57
MUS 2007,72.57
MUS 2006,72.43
MUS 2005,72.43
MUS 2004,72.27
MUS 2003,72.12
MUS 2002,71.97
MUS 2001,71.77
MUS 2000,71.66
MEX 2023,75.07
MEX 2022,73.97
MEX 2021,69.75
MEX 2020,70.45
MEX 2019,74.53
MEX 2018,74.3
MEX 2017,74.26
MEX 2016,74.38
MEX 2015,74.43
MEX 2014,74.4
MEX 2013,74.29
MEX 2012,74.13
MEX 2011,73.92
MEX 2010,73.72
MEX 2009,73.63
MEX 2008,73.69
MEX 2007,73.8
MEX 2006,73.75
MEX 2005,73.63
MEX 2004,73.43
MEX 2003,73.31
MEX 2002,73.11
MEX 2001,72.91
MEX 2000,72.56
FSM 2023,67.2
FSM 2022,66.96
FSM 2021,66.15
FSM 2020,65.88
FSM 2019,66.2
FSM 2018,65.94
FSM 2017,65.76
FSM 2016,65.58
FSM 2015,65.31
FSM 2014,65.29
FSM 2013,65.18
FSM 2012,65.08
FSM 2011,64.97
FSM 2010,64.89
FSM 2009,64.86
FSM 2008,64.85
FSM 2007,64.84
FSM 2006,64.86
FSM 2005,64.91
FSM 2004,64.9
FSM 2003,64.92
FSM 2002,63.91
FSM 2001,64.8
FSM 2000,64.32
MDA 2023,71.2
MDA 2022,71.55
MDA 2021,68.99
MDA 2020,69.91
MDA 2019,70.18
MDA 2018,70.24
MDA 2017,70.38
MDA 2016,70.18
MDA 2015,70.12
MDA 2014,70.24
MDA 2013,70.29
MDA 2012,70.34
MDA 2011,70.17
MDA 2010,69.88
MDA 2009,69.41
MDA 2008,69
MDA 2007,68.67
MDA 2006,68.42
MDA 2005,68.2
MDA 2004,68.02
MDA 2003,67.9
MDA 2002,67.79
MDA 2001,67.67
MDA 2000,67.46
MCO 2023,86.37
MCO 2022,85.75
MCO 2021,85.11
MCO 2020,86.09
MCO 2019,86.15
MCO 2018,86.08
MCO 2017,85.88
MCO 2016,85.63
MCO 2015,85.32
MCO 2014,85.09
MCO 2013,85.06
MCO 2012,85.05
MCO 2011,85.01
MCO 2010,84.64
MCO 2009,84.19
MCO 2008,83.83
MCO 2007,83.9
MCO 2006,84.19
MCO 2005,84.34
MCO 2004,84.15
MCO 2003,83.61
MCO 2002,83.06
MCO 2001,82.49
MCO 2000,82.12
MNG 2023,72.12
MNG 2022,71.9
MNG 2021,71.65
MNG 2020,71.35
MNG 2019,71.05
MNG 2018,70.83
MNG 2017,70.54
MNG 2016,70.22
MNG 2015,70.81
MNG 2014,70.58
MNG 2013,70.1
MNG 2012,69.5
MNG 2011,69.11
MNG 2010,68.51
MNG 2009,67.97
MNG 2008,67.25
MNG 2007,66.59
MNG 2006,65.9
MNG 2005,65.28
MNG 2004,64.63
MNG 2003,63.58
MNG 2002,63.54
MNG 2001,63.39
MNG 2000,63.21
MNE 2023,77.59
MNE 2022,76.19
MNE 2021,73.82
MNE 2020,75.93
MNE 2019,76.68
MNE 2018,77.89
MNE 2017,76.69
MNE 2016,76.54
MNE 2015,76.6
MNE 2014,76.34
MNE 2013,76.49
MNE 2012,76.3
MNE 2011,76.08
MNE 2010,75.99
MNE 2009,75.14
MNE 2008,75.14
MNE 2007,74.34
MNE 2006,73.84
MNE 2005,73.98
MNE 2004,74.21
MNE 2003,74.06
MNE 2002,73.97
MNE 2001,73.58
MNE 2000,73.4
MAR 2023,75.31
MAR 2022,75.16
MAR 2021,73.39
MAR 2020,73.13
MAR 2019,74.25
MAR 2018,73.95
MAR 2017,73.61
MAR 2016,73.23
MAR 2015,72.89
MAR 2014,72.52
MAR 2013,72.12
MAR 2012,71.67
MAR 2011,71.26
MAR 2010,70.82
MAR 2009,70.45
MAR 2008,70.05
MAR 2007,69.62
MAR 2006,69.16
MAR 2005,68.75
MAR 2004,68.27
MAR 2003,67.96
MAR 2002,67.58
MAR 2001,67.2
MAR 2000,66.79
MOZ 2023,63.61
MOZ 2022,63.01
MOZ 2021,60.27
MOZ 2020,61.39
MOZ 2019,61.31
MOZ 2018,60.79
MOZ 2017,60.15
MOZ 2016,59.46
MOZ 2015,58.71
MOZ 2014,57.97
MOZ 2013,57.19
MOZ 2012,56.46
MOZ 2011,55.73
MOZ 2010,55.04
MOZ 2009,54.4
MOZ 2008,53.8
MOZ 2007,53.26
MOZ 2006,52.75
MOZ 2005,52.32
MOZ 2004,51.86
MOZ 2003,51.38
MOZ 2002,50.88
MOZ 2001,50.26
MOZ 2000,49.48
MMR 2023,66.89
MMR 2022,66.51
MMR 2021,65.55
MMR 2020,66.61
MMR 2019,66.46
MMR 2018,66.23
MMR 2017,65.91
MMR 2016,65.64
MMR 2015,65.29
MMR 2014,64.99
MMR 2013,64.62
MMR 2012,64.25
MMR 2011,63.86
MMR 2010,63.48
MMR 2009,63.1
MMR 2008,56.36
MMR 2007,62.37
MMR 2006,62.03
MMR 2005,61.72
MMR 2004,61.44
MMR 2003,61.2
MMR 2002,60.93
MMR 2001,60.64
MMR 2000,60.36
NAM 2023,67.39
NAM 2022,64.19
NAM 2021,60.85
NAM 2020,64.07
NAM 2019,63.55
NAM 2018,62.58
NAM 2017,61.66
NAM 2016,60.81
NAM 2015,60.01
NAM 2014,59.31
NAM 2013,58.47
NAM 2012,57.73
NAM 2011,56.65
NAM 2010,56.09
NAM 2009,55.35
NAM 2008,54.74
NAM 2007,54.03
NAM 2006,53.18
NAM 2005,52.56
NAM 2004,52.18
NAM 2003,51.92
NAM 2002,51.99
NAM 2001,51.98
NAM 2000,52.95
NRU 2023,62.11
NRU 2022,61.93
NRU 2021,61.33
NRU 2020,61.53
NRU 2019,61.39
NRU 2018,61.24
NRU 2017,61.1
NRU 2016,61
NRU 2015,60.9
NRU 2014,60.83
NRU 2013,60.7
NRU 2012,60.53
NRU 2011,60.29
NRU 2010,60.07
NRU 2009,59.85
NRU 2008,59.68
NRU 2007,59.49
NRU 2006,59.41
NRU 2005,59.36
NRU 2004,59.35
NRU 2003,59.36
NRU 2002,59.43
NRU 2001,59.48
NRU 2000,59.57
NPL 2023,70.35
NPL 2022,70.09
NPL 2021,68.39
NPL 2020,69.11
NPL 2019,69.3
NPL 2018,69.04
NPL 2017,68.74
NPL 2016,68.44
NPL 2015,67.37
NPL 2014,67.81
NPL 2013,67.6
NPL 2012,67.36
NPL 2011,67.12
NPL 2010,66.77
NPL 2009,66.6
NPL 2008,66.44
NPL 2007,66.17
NPL 2006,65.89
NPL 2005,65.28
NPL 2004,64.74
NPL 2003,64.23
NPL 2002,63.51
NPL 2001,63.29
NPL 2000,62.64
NLD 2023,81.86
NLD 2022,81.61
NLD 2021,81.31
NLD 2020,81.36
NLD 2019,82.11
NLD 2018,81.81
NLD 2017,81.76
NLD 2016,81.56
NLD 2015,81.51
NLD 2014,81.71
NLD 2013,81.3
NLD 2012,81.1
NLD 2011,81.2
NLD 2010,80.7
NLD 2009,80.55
NLD 2008,80.25
NLD 2007,80.1
NLD 2006,79.7
NLD 2005,79.35
NLD 2004,79.1
NLD 2003,78.49
NLD 2002,78.29
NLD 2001,78.19
NLD 2000,77.99
NCL 2023,78.77
NCL 2022,77.7
NCL 2021,77.11
NCL 2020,77.05
NCL 2019,77.26
NCL 2018,77.56
NCL 2017,77.5
NCL 2016,77.36
NCL 2015,77.21
NCL 2014,77.05
NCL 2013,76.87
NCL 2012,76.61
NCL 2011,76.32
NCL 2010,75.99
NCL 2009,75.68
NCL 2008,75.4
NCL 2007,75.18
NCL 2006,75.02
NCL 2005,74.87
NCL 2004,74.71
NCL 2003,74.5
NCL 2002,74.28
NCL 2001,73.96
NCL 2000,73.57
NZL 2023,81.76
NZL 2022,81.96
NZL 2021,82.21
NZL 2020,82.26
NZL 2019,82.06
NZL 2018,81.71
NZL 2017,81.86
NZL 2016,81.66
NZL 2015,81.61
NZL 2014,81.46
NZL 2013,81.4
NZL 2012,81.41
NZL 2011,81.16
NZL 2010,80.9
NZL 2009,80.7
NZL 2008,80.35
NZL 2007,80.15
NZL 2006,80.05
NZL 2005,79.85
NZL 2004,79.55
NZL 2003,79.15
NZL 2002,78.85
NZL 2001,78.69
NZL 2000,78.64
NIC 2023,74.95
NIC 2022,74.46
NIC 2021,70.48
NIC 2020,70.77
NIC 2019,73.76
NIC 2018,73.88
NIC 2017,73.39
NIC 2016,73.18
NIC 2015,72.9
NIC 2014,72.79
NIC 2013,72.55
NIC 2012,72.44
NIC 2011,72.03
NIC 2010,71.76
NIC 2009,71.5
NIC 2008,71.4
NIC 2007,71.2
NIC 2006,70.96
NIC 2005,70.37
NIC 2004,69.51
NIC 2003,68.75
NIC 2002,67.95
NIC 2001,67.03
NIC 2000,66.36
NER 2023,61.18
NER 2022,60.4
NER 2021,59.54
NER 2020,59.89
NER 2019,60.03
NER 2018,59.77
NER 2017,59.52
NER 2016,59.23
NER 2015,58.85
NER 2014,58.69
NER 2013,58.36
NER 2012,57.99
NER 2011,57.6
NER 2010,57.08
NER 2009,56.49
NER 2008,55.85
NER 2007,55.06
NER 2006,54.22
NER 2005,53.32
NER 2004,52.4
NER 2003,51.55
NER 2002,50.65
NER 2001,49.87
NER 2000,49.17
NGA 2023,54.46
NGA 2022,54.08
NGA 2021,53.46
NGA 2020,53.07
NGA 2019,53.01
NGA 2018,52.67
NGA 2017,52.4
NGA 2016,52.19
NGA 2015,51.94
NGA 2014,51.94
NGA 2013,51.83
NGA 2012,51.69
NGA 2011,51.49
NGA 2010,51.32
NGA 2009,51.08
NGA 2008,50.75
NGA 2007,50.38
NGA 2006,49.88
NGA 2005,49.54
NGA 2004,49.15
NGA 2003,48.62
NGA 2002,48.02
NGA 2001,47.55
NGA 2000,47.14
MKD 2023,75.32
MKD 2022,74.42
MKD 2021,73.25
MKD 2020,74.4
MKD 2019,76.6
MKD 2018,76.65
MKD 2017,75.95
MKD 2016,75.4
MKD 2015,75.4
MKD 2014,75.45
MKD 2013,75.4
MKD 2012,74.9
MKD 2011,75.1
MKD 2010,75
MKD 2009,74.45
MKD 2008,74.4
MKD 2007,73.8
MKD 2006,73.9
MKD 2005,73.7
MKD 2004,73.6
MKD 2003,73.24
MKD 2002,73.04
MKD 2001,73.44
MKD 2000,72.95
MNP 2023,78.81
MNP 2022,78.53
MNP 2021,78.16
MNP 2020,78.03
MNP 2019,77.84
MNP 2018,77.51
MNP 2017,77.47
MNP 2016,77.39
MNP 2015,77.36
MNP 2014,77.38
MNP 2013,77.45
MNP 2012,77.57
MNP 2011,77.69
MNP 2010,77.8
MNP 2009,77.9
MNP 2008,77.94
MNP 2007,77.86
MNP 2006,77.69
MNP 2005,77.31
MNP 2004,76.79
MNP 2003,76.51
MNP 2002,75.93
MNP 2001,75.42
MNP 2000,74.9
NOR 2023,83.01
NOR 2022,82.51
NOR 2021,83.16
NOR 2020,83.21
NOR 2019,82.96
NOR 2018,82.76
NOR 2017,82.61
NOR 2016,82.41
NOR 2015,82.3
NOR 2014,82.1
NOR 2013,81.75
NOR 2012,81.45
NOR 2011,81.3
NOR 2010,81
NOR 2009,80.8
NOR 2008,80.59
NOR 2007,80.4
NOR 2006,80.34
NOR 2005,80.04
NOR 2004,79.84
NOR 2003,79.39
NOR 2002,78.99
NOR 2001,78.79
NOR 2000,78.63
OMN 2023,80.03
OMN 2022,77.91
OMN 2021,75.97
OMN 2020,77.76
OMN 2019,79.95
OMN 2018,79.86
OMN 2017,79.75
OMN 2016,79.58
OMN 2015,79.35
OMN 2014,79.03
OMN 2013,78.63
OMN 2012,78.19
OMN 2011,77.74
OMN 2010,77.18
OMN 2009,76.63
OMN 2008,76.12
OMN 2007,75.6
OMN 2006,75.35
OMN 2005,75.07
OMN 2004,74.82
OMN 2003,74.52
OMN 2002,74.28
OMN 2001,73.98
OMN 2000,73.64
PAK 2023,67.65
PAK 2022,67.42
PAK 2021,65.77
PAK 2020,65.7
PAK 2019,66.73
PAK 2018,66.48
PAK 2017,66.22
PAK 2016,65.94
PAK 2015,65.64
PAK 2014,65.37
PAK 2013,65.13
PAK 2012,64.88
PAK 2011,64.66
PAK 2010,64.38
PAK 2009,64.21
PAK 2008,64
PAK 2007,63.81
PAK 2006,63.62
PAK 2005,62.42
PAK 2004,63.1
PAK 2003,62.83
PAK 2002,62.56
PAK 2001,62.24
PAK 2000,61.9
PLW 2023,69.27
PLW 2022,68.92
PLW 2021,68.56
PLW 2020,68.69
PLW 2019,68.98
PLW 2018,68.99
PLW 2017,69.02
PLW 2016,69.05
PLW 2015,69.07
PLW 2014,69.06
PLW 2013,68.98
PLW 2012,68.86
PLW 2011,68.64
PLW 2010,68.35
PLW 2009,67.99
PLW 2008,67.56
PLW 2007,67.11
PLW 2006,66.63
PLW 2005,66.22
PLW 2004,65.82
PLW 2003,65.45
PLW 2002,65.08
PLW 2001,64.8
PLW 2000,64.5
PAN 2023,79.59
PAN 2022,79.32
PAN 2021,77
PAN 2020,76.33
PAN 2019,78.51
PAN 2018,78.27
PAN 2017,77.9
PAN 2016,77.77
PAN 2015,77.58
PAN 2014,77.36
PAN 2013,77.13
PAN 2012,76.88
PAN 2011,76.66
PAN 2010,76.42
PAN 2009,76.23
PAN 2008,75.94
PAN 2007,75.68
PAN 2006,75.43
PAN 2005,75.16
PAN 2004,74.85
PAN 2003,74.57
PAN 2002,74.19
PAN 2001,73.82
PAN 2000,73.44
PNG 2023,66.13
PNG 2022,65.27
PNG 2021,64.36
PNG 2020,65.08
PNG 2019,65.33
PNG 2018,65.11
PNG 2017,64.92
PNG 2016,64.7
PNG 2015,64.47
PNG 2014,64.2
PNG 2013,63.93
PNG 2012,63.64
PNG 2011,63.38
PNG 2010,63.06
PNG 2009,62.77
PNG 2008,62.51
PNG 2007,62.21
PNG 2006,62.02
PNG 2005,61.87
PNG 2004,61.8
PNG 2003,61.74
PNG 2002,61.64
PNG 2001,61.65
PNG 2000,61.61
PRY 2023,73.84
PRY 2022,72.32
PRY 2021,68.11
PRY 2020,72.72
PRY 2019,73.67
PRY 2018,73.63
PRY 2017,73.45
PRY 2016,73.49
PRY 2015,73.45
PRY 2014,73.42
PRY 2013,73.29
PRY 2012,73.11
PRY 2011,72.79
PRY 2010,72.55
PRY 2009,72.28
PRY 2008,72.05
PRY 2007,71.82
PRY 2006,71.58
PRY 2005,71.32
PRY 2004,71.05
PRY 2003,70.8
PRY 2002,70.54
PRY 2001,70.28
PRY 2000,70.03
PER 2023,77.74
PER 2022,76.83
PER 2021,71.6
PER 2020,73.83
PER 2019,76.28
PER 2018,76.02
PER 2017,75.96
PER 2016,75.95
PER 2015,75.73
PER 2014,75.26
PER 2013,74.59
PER 2012,73.98
PER 2011,73.33
PER 2010,72.89
PER 2009,72.63
PER 2008,72.74
PER 2007,72.75
PER 2006,72.34
PER 2005,71.99
PER 2004,71.45
PER 2003,71.28
PER 2002,70.82
PER 2001,70.32
PER 2000,69.82
PHL 2023,69.83
PHL 2022,69.47
PHL 2021,66.68
PHL 2020,70.1
PHL 2019,69.68
PHL 2018,69.76
PHL 2017,69.97
PHL 2016,69.49
PHL 2015,69.45
PHL 2014,69.31
PHL 2013,69.28
PHL 2012,69.24
PHL 2011,69.1
PHL 2010,68.88
PHL 2009,68.63
PHL 2008,68.64
PHL 2007,68.55
PHL 2006,68.17
PHL 2005,68.42
PHL 2004,68.3
PHL 2003,68.05
PHL 2002,67.89
PHL 2001,67.83
PHL 2000,67.79
POL 2023,78.26
POL 2022,77.16
POL 2021,75.35
POL 2020,76.4
POL 2019,77.9
POL 2018,77.6
POL 2017,77.75
POL 2016,77.85
POL 2015,77.45
POL 2014,77.6
POL 2013,77
POL 2012,76.75
POL 2011,76.7
POL 2010,76.25
POL 2009,75.7
POL 2008,75.54
POL 2007,75.24
POL 2006,75.14
POL 2005,75
POL 2004,74.85
POL 2003,74.6
POL 2002,74.5
POL 2001,74.2
POL 2000,73.75
PRT 2023,82.33
PRT 2022,81.63
PRT 2021,81.38
PRT 2020,81.33
PRT 2019,81.68
PRT 2018,81.32
PRT 2017,81.42
PRT 2016,81.12
PRT 2015,81.12
PRT 2014,81.12
PRT 2013,80.72
PRT 2012,80.37
PRT 2011,80.47
PRT 2010,79.03
PRT 2009,78.73
PRT 2008,78.52
PRT 2007,78.32
PRT 2006,78.42
PRT 2005,78.07
PRT 2004,77.67
PRT 2003,77.22
PRT 2002,77.07
PRT 2001,76.81
PRT 2000,76.31
PRI 2023,81.69
PRI 2022,79.43
PRI 2021,79.77
PRI 2020,80.01
PRI 2019,81.44
PRI 2018,81.09
PRI 2017,79.07
PRI 2016,80.36
PRI 2015,80.68
PRI 2014,80.04
PRI 2013,80.32
PRI 2012,79.26
PRI 2011,78.77
PRI 2010,78.72
PRI 2009,78.38
PRI 2008,78.11
PRI 2007,77.66
PRI 2006,77.56
PRI 2005,76.7
PRI 2004,76.91
PRI 2003,76.94
PRI 2002,76.82
PRI 2001,75.97
PRI 2000,75.51
QAT 2023,82.37
QAT 2022,81.86
QAT 2021,81.08
QAT 2020,80.41
QAT 2019,82.95
QAT 2018,82.71
QAT 2017,82.46
QAT 2016,82.15
QAT 2015,81.79
QAT 2014,81.4
QAT 2013,80.97
QAT 2012,80.5
QAT 2011,79.99
QAT 2010,79.44
QAT 2009,78.84
QAT 2008,78.26
QAT 2007,77.74
QAT 2006,77.32
QAT 2005,76.91
QAT 2004,76.48
QAT 2003,76.1
QAT 2002,75.77
QAT 2001,75.49
QAT 2000,75.25
ROU 2023,76.4
ROU 2022,75.15
ROU 2021,72.81
ROU 2020,74.25
ROU 2019,75.61
ROU 2018,75.36
ROU 2017,75.21
ROU 2016,75.21
ROU 2015,74.91
ROU 2014,74.91
ROU 2013,75.06
ROU 2012,74.41
ROU 2011,74.41
ROU 2010,73.46
ROU 2009,73.31
ROU 2008,72.57
ROU 2007,72.57
ROU 2006,72.16
ROU 2005,71.91
ROU 2004,71.56
ROU 2003,71.31
ROU 2002,71.01
ROU 2001,71.16
ROU 2000,71.16
RUS 2023,73.25
RUS 2022,72.55
RUS 2021,69.9
RUS 2020,71.34
RUS 2019,73.08
RUS 2018,72.66
RUS 2017,72.45
RUS 2016,71.65
RUS 2015,71.18
RUS 2014,70.74
RUS 2013,70.58
RUS 2012,70.07
RUS 2011,69.68
RUS 2010,68.84
RUS 2009,68.68
RUS 2008,67.95
RUS 2007,67.59
RUS 2006,66.73
RUS 2005,65.53
RUS 2004,65.47
RUS 2003,65.03
RUS 2002,65.13
RUS 2001,65.38
RUS 2000,65.48
RWA 2023,67.79
RWA 2022,67.53
RWA 2021,66.85
RWA 2020,66.95
RWA 2019,66.69
RWA 2018,66.35
RWA 2017,66.14
RWA 2016,65.73
RWA 2015,65.42
RWA 2014,65.09
RWA 2013,64.65
RWA 2012,64.19
RWA 2011,63.48
RWA 2010,62.8
RWA 2009,61.81
RWA 2008,60.64
RWA 2007,59.5
RWA 2006,58.34
RWA 2005,56.97
RWA 2004,55.52
RWA 2003,53.53
RWA 2002,51.26
RWA 2001,49.49
RWA 2000,47.8
WSM 2023,71.7
WSM 2022,71.55
WSM 2021,71.1
WSM 2020,70.73
WSM 2019,70.27
WSM 2018,71.05
WSM 2017,70.99
WSM 2016,71
WSM 2015,71.06
WSM 2014,71.14
WSM 2013,71.23
WSM 2012,71.16
WSM 2011,71.39
WSM 2010,71.45
WSM 2009,69.49
WSM 2008,71.53
WSM 2007,71.61
WSM 2006,71.62
WSM 2005,71.49
WSM 2004,71.51
WSM 2003,71.44
WSM 2002,71.23
WSM 2001,71.03
WSM 2000,70.79
SMR 2023,85.71
SMR 2022,85.71
SMR 2021,83.54
SMR 2020,82.65
SMR 2019,85.26
SMR 2018,85.1
SMR 2017,84.93
SMR 2016,84.78
SMR 2015,84.6
SMR 2014,84.39
SMR 2013,84.18
SMR 2012,83.94
SMR 2011,83.71
SMR 2010,83.46
SMR 2009,83.22
SMR 2008,82.89
SMR 2007,82.61
SMR 2006,82.26
SMR 2005,81.93
SMR 2004,81.59
SMR 2003,81.33
SMR 2002,81.06
SMR 2001,80.8
SMR 2000,80.5
STP 2023,69.72
STP 2022,69.24
STP 2021,68.03
STP 2020,67.98
STP 2019,68.04
STP 2018,67.6
STP 2017,67.07
STP 2016,66.56
STP 2015,66.02
STP 2014,65.48
STP 2013,64.93
STP 2012,64.51
STP 2011,64.12
STP 2010,63.87
STP 2009,63.67
STP 2008,63.45
STP 2007,63.34
STP 2006,63.04
STP 2005,62.43
STP 2004,62.56
STP 2003,62.16
STP 2002,61.83
STP 2001,61.5
STP 2000,61.21
SAU 2023,78.73
SAU 2022,77.31
SAU 2021,77.09
SAU 2020,77.6
SAU 2019,78.31
SAU 2018,78.75
SAU 2017,78.72
SAU 2016,78.35
SAU 2015,77.78
SAU 2014,77.12
SAU 2013,76.52
SAU 2012,76.09
SAU 2011,75.81
SAU 2010,75.62
SAU 2009,75.45
SAU 2008,75.3
SAU 2007,75.07
SAU 2006,74.76
SAU 2005,74.4
SAU 2004,74.03
SAU 2003,73.66
SAU 2002,73.3
SAU 2001,72.95
SAU 2000,72.61
SEN 2023,68.68
SEN 2022,67.79
SEN 2021,66.87
SEN 2020,67.5
SEN 2019,67.67
SEN 2018,67.38
SEN 2017,67.06
SEN 2016,66.72
SEN 2015,66.45
SEN 2014,66
SEN 2013,65.64
SEN 2012,65.23
SEN 2011,64.8
SEN 2010,64.22
SEN 2009,63.75
SEN 2008,63.2
SEN 2007,62.65
SEN 2006,61.8
SEN 2005,60.98
SEN 2004,60.31
SEN 2003,59.47
SEN 2002,58.91
SEN 2001,58.16
SEN 2000,57.62
SRB 2023,76.14
SRB 2022,75.24
SRB 2021,72.78
SRB 2020,74.48
SRB 2019,75.94
SRB 2018,75.89
SRB 2017,75.54
SRB 2016,75.69
SRB 2015,75.29
SRB 2014,75.34
SRB 2013,75.19
SRB 2012,74.84
SRB 2011,74.54
SRB 2010,74.34
SRB 2009,73.99
SRB 2008,73.89
SRB 2007,73.63
SRB 2006,73.39
SRB 2005,72.83
SRB 2004,72.68
SRB 2003,72.44
SRB 2002,72.29
SRB 2001,72.23
SRB 2000,71.58
SYC 2023,75.42
SYC 2022,74.51
SYC 2021,73.4
SYC 2020,77.24
SYC 2019,74.05
SYC 2018,72.84
SYC 2017,74.3
SYC 2016,74.31
SYC 2015,74.3
SYC 2014,73.23
SYC 2013,73.12
SYC 2012,74.28
SYC 2011,72.72
SYC 2010,73.2
SYC 2009,73.08
SYC 2008,73.16
SYC 2007,73.14
SYC 2006,72.22
SYC 2005,72.13
SYC 2004,72.66
SYC 2003,71.03
SYC 2002,71.09
SYC 2001,73.25
SYC 2000,72.78
SLE 2023,61.79
SLE 2022,61.28
SLE 2021,60.26
SLE 2020,59.69
SLE 2019,59.59
SLE 2018,59.06
SLE 2017,57.76
SLE 2016,56.94
SLE 2015,55.45
SLE 2014,54.28
SLE 2013,54.05
SLE 2012,53.16
SLE 2011,52.59
SLE 2010,51.93
SLE 2009,51.31
SLE 2008,50.69
SLE 2007,50.02
SLE 2006,49.55
SLE 2005,48.31
SLE 2004,47.49
SLE 2003,46.78
SLE 2002,46.17
SLE 2001,45.45
SLE 2000,44.83
SGP 2023,83.1
SGP 2022,82.9
SGP 2021,83.09
SGP 2020,83.54
SGP 2019,83.6
SGP 2018,83.3
SGP 2017,83.1
SGP 2016,82.85
SGP 2015,82.74
SGP 2014,82.5
SGP 2013,82.25
SGP 2012,82
SGP 2011,81.74
SGP 2010,81.54
SGP 2009,81.24
SGP 2008,80.79
SGP 2007,80.44
SGP 2006,80.14
SGP 2005,79.99
SGP 2004,79.49
SGP 2003,79.04
SGP 2002,78.55
SGP 2001,78.25
SGP 2000,77.95
SXM 2023,76.37
SXM 2022,76.18
SXM 2021,74.51
SXM 2020,75
SXM 2019,75.68
SXM 2018,75.69
SXM 2017,75.46
SXM 2016,75.95
SXM 2015,75.9
SXM 2014,75.74
SXM 2013,75.39
SXM 2012,75.13
SXM 2011,74.87
SXM 2010,74.82
SXM 2009,74.8
SXM 2008,74.85
SXM 2007,74.81
SXM 2006,74.78
SXM 2005,74.68
SXM 2004,74.62
SXM 2003,74.59
SXM 2002,74.58
SXM 2001,74.53
SXM 2000,74.41
SVK 2023,78.12
SVK 2022,76.97
SVK 2021,74.61
SVK 2020,76.87
SVK 2019,77.67
SVK 2018,77.27
SVK 2017,77.17
SVK 2016,77.17
SVK 2015,76.56
SVK 2014,76.81
SVK 2013,76.41
SVK 2012,76.11
SVK 2011,75.96
SVK 2010,75.11
SVK 2009,74.91
SVK 2008,74.7
SVK 2007,74.21
SVK 2006,74.2
SVK 2005,73.9
SVK 2004,73.96
SVK 2003,73.6
SVK 2002,73.6
SVK 2001,73.4
SVK 2000,73.05
SVN 2023,81.93
SVN 2022,81.28
SVN 2021,80.68
SVN 2020,80.53
SVN 2019,81.53
SVN 2018,81.38
SVN 2017,81.03
SVN 2016,81.18
SVN 2015,80.78
SVN 2014,81.08
SVN 2013,80.32
SVN 2012,80.12
SVN 2011,79.97
SVN 2010,79.42
SVN 2009,78.97
SVN 2008,78.77
SVN 2007,78.56
SVN 2006,78.09
SVN 2005,77.61
SVN 2004,77.21
SVN 2003,76.86
SVN 2002,76.01
SVN 2001,75.76
SVN 2000,75.41
SLB 2023,70.53
SLB 2022,70.41
SLB 2021,68.89
SLB 2020,69.26
SLB 2019,69.98
SLB 2018,69.81
SLB 2017,69.65
SLB 2016,69.5
SLB 2015,69.32
SLB 2014,68.98
SLB 2013,69.01
SLB 2012,68.96
SLB 2011,68.82
SLB 2010,68.67
SLB 2009,68.4
SLB 2008,68.34
SLB 2007,67.85
SLB 2006,67.97
SLB 2005,67.79
SLB 2004,67.63
SLB 2003,67.48
SLB 2002,67.35
SLB 2001,67.24
SLB 2000,67.12
SOM 2023,58.82
SOM 2022,53.93
SOM 2021,55.7
SOM 2020,57.1
SOM 2019,57.25
SOM 2018,54.77
SOM 2017,52.19
SOM 2016,55.28
SOM 2015,55.06
SOM 2014,54.44
SOM 2013,54.02
SOM 2012,49.14
SOM 2011,32.45
SOM 2010,48.9
SOM 2009,52.1
SOM 2008,51.46
SOM 2007,50.89
SOM 2006,50.92
SOM 2005,50.89
SOM 2004,50.69
SOM 2003,50.72
SOM 2002,50.82
SOM 2001,50.83
SOM 2000,50.75
ZAF 2023,66.14
ZAF 2022,65.45
ZAF 2021,62.01
ZAF 2020,65.15
ZAF 2019,66.07
ZAF 2018,65.73
ZAF 2017,65.42
ZAF 2016,64.75
ZAF 2015,64.05
ZAF 2014,63.18
ZAF 2013,62.39
ZAF 2012,61.74
ZAF 2011,60.6
ZAF 2010,58.89
ZAF 2009,57.41
ZAF 2008,55.98
ZAF 2007,54.95
ZAF 2006,54.22
ZAF 2005,53.91
ZAF 2004,53.96
ZAF 2003,54.25
ZAF 2002,55.58
ZAF 2001,57.16
ZAF 2000,58.37
SSD 2023,57.62
SSD 2022,57.2
SSD 2021,57.05
SSD 2020,57.65
SSD 2019,58.13
SSD 2018,51.91
SSD 2017,35.35
SSD 2016,36.72
SSD 2015,39.76
SSD 2014,45.63
SSD 2013,58.29
SSD 2012,58.24
SSD 2011,57.67
SSD 2010,57.49
SSD 2009,56.85
SSD 2008,56.28
SSD 2007,55.43
SSD 2006,54.65
SSD 2005,53.97
SSD 2004,53.05
SSD 2003,52.32
SSD 2002,49.39
SSD 2001,48.55
SSD 2000,47.59
ESP 2023,83.93
ESP 2022,83.13
ESP 2021,83.18
ESP 2020,82.23
ESP 2019,83.83
ESP 2018,83.43
ESP 2017,83.28
ESP 2016,83.33
ESP 2015,82.83
ESP 2014,83.23
ESP 2013,83.08
ESP 2012,82.43
ESP 2011,82.48
ESP 2010,81.63
ESP 2009,81.48
ESP 2008,81.18
ESP 2007,80.87
ESP 2006,80.82
ESP 2005,80.17
ESP 2004,79.87
ESP 2003,79.62
ESP 2002,79.57
ESP 2001,79.37
ESP 2000,78.97
LKA 2023,77.48
LKA 2022,77.3
LKA 2021,76.28
LKA 2020,76.93
LKA 2019,76.7
LKA 2018,76.49
LKA 2017,76.24
LKA 2016,76.14
LKA 2015,75.99
LKA 2014,75.76
LKA 2013,75.55
LKA 2012,75.19
LKA 2011,74.74
LKA 2010,74.46
LKA 2009,70.3
LKA 2008,72.56
LKA 2007,72.98
LKA 2006,72.83
LKA 2005,73.07
LKA 2004,68.02
LKA 2003,72.44
LKA 2002,72.27
LKA 2001,71.8
LKA 2000,71.18
KNA 2023,72.15
KNA 2022,70.31
KNA 2021,69.27
KNA 2020,71.18
KNA 2019,71.54
KNA 2018,71.34
KNA 2017,71.28
KNA 2016,71.23
KNA 2015,71.21
KNA 2014,71.23
KNA 2013,71.29
KNA 2012,71.36
KNA 2011,71.4
KNA 2010,71.45
KNA 2009,71.49
KNA 2008,71.48
KNA 2007,71.44
KNA 2006,71.36
KNA 2005,71.15
KNA 2004,70.92
KNA 2003,70.61
KNA 2002,70.19
KNA 2001,69.77
KNA 2000,69.25
LCA 2023,72.7
LCA 2022,72.67
LCA 2021,69.12
LCA 2020,72.31
LCA 2019,72.25
LCA 2018,72.66
LCA 2017,72.52
LCA 2016,72.55
LCA 2015,72.93
LCA 2014,72.68
LCA 2013,72.69
LCA 2012,72.86
LCA 2011,72.96
LCA 2010,72.77
LCA 2009,72.95
LCA 2008,72.96
LCA 2007,72.86
LCA 2006,72.79
LCA 2005,72.54
LCA 2004,72.45
LCA 2003,72.19
LCA 2002,71.71
LCA 2001,71.37
LCA 2000,70.78
MAF 2023,80.22
MAF 2022,80.24
MAF 2021,80.21
MAF 2020,80.08
MAF 2019,80.08
MAF 2018,80.03
MAF 2017,78.76
MAF 2016,79.89
MAF 2015,79.83
MAF 2014,79.73
MAF 2013,79.53
MAF 2012,79.3
MAF 2011,79.02
MAF 2010,78.75
MAF 2009,78.51
MAF 2008,78.33
MAF 2007,78.16
MAF 2006,77.99
MAF 2005,77.8
MAF 2004,77.61
MAF 2003,77.42
MAF 2002,77.22
MAF 2001,77.01
MAF 2000,76.79
VCT 2023,71.23
VCT 2022,71.19
VCT 2021,69.13
VCT 2020,69.61
VCT 2019,70.99
VCT 2018,71.02
VCT 2017,71.01
VCT 2016,70.7
VCT 2015,70.46
VCT 2014,70.36
VCT 2013,70.09
VCT 2012,70.54
VCT 2011,70.61
VCT 2010,70.66
VCT 2009,70.71
VCT 2008,70.61
VCT 2007,70.45
VCT 2006,70.43
VCT 2005,70.45
VCT 2004,70.44
VCT 2003,70.43
VCT 2002,70.66
VCT 2001,70.38
VCT 2000,70.35
SDN 2023,66.33
SDN 2022,65.69
SDN 2021,64.46
SDN 2020,65.12
SDN 2019,65.8
SDN 2018,65.5
SDN 2017,65.15
SDN 2016,64.68
SDN 2015,64.38
SDN 2014,63.99
SDN 2013,63.44
SDN 2012,63.43
SDN 2011,63.18
SDN 2010,62.98
SDN 2009,62.68
SDN 2008,61.26
SDN 2007,61.44
SDN 2006,60.4
SDN 2005,57.23
SDN 2004,56.77
SDN 2003,58.32
SDN 2002,59.31
SDN 2001,59.26
SDN 2000,58.95
SUR 2023,73.63
SUR 2022,73.25
SUR 2021,68.94
SUR 2020,72.32
SUR 2019,71.77
SUR 2018,71.47
SUR 2017,71.25
SUR 2016,70.98
SUR 2015,70.57
SUR 2014,70.33
SUR 2013,70.11
SUR 2012,69.96
SUR 2011,69.82
SUR 2010,69.63
SUR 2009,69.32
SUR 2008,68.87
SUR 2007,68.31
SUR 2006,67.64
SUR 2005,67
SUR 2004,66.36
SUR 2003,65.78
SUR 2002,65.27
SUR 2001,64.82
SUR 2000,64.41
SWE 2023,83.31
SWE 2022,83.06
SWE 2021,83.06
SWE 2020,82.36
SWE 2019,83.11
SWE 2018,82.56
SWE 2017,82.41
SWE 2016,82.31
SWE 2015,82.2
SWE 2014,82.25
SWE 2013,81.96
SWE 2012,81.7
SWE 2011,81.8
SWE 2010,81.45
SWE 2009,81.35
SWE 2008,81.1
SWE 2007,80.9
SWE 2006,80.75
SWE 2005,80.55
SWE 2004,80.5
SWE 2003,80.1
SWE 2002,79.85
SWE 2001,79.8
SWE 2000,79.64
CHE 2023,84.16
CHE 2022,83.6
CHE 2021,83.75
CHE 2020,83
CHE 2019,83.9
CHE 2018,83.75
CHE 2017,83.55
CHE 2016,83.6
CHE 2015,82.9
CHE 2014,83.2
CHE 2013,82.8
CHE 2012,82.7
CHE 2011,82.7
CHE 2010,82.25
CHE 2009,82.04
CHE 2008,81.99
CHE 2007,81.74
CHE 2006,81.49
CHE 2005,81.24
CHE 2004,81.09
CHE 2003,80.54
CHE 2002,80.39
CHE 2001,80.18
CHE 2000,79.68
SYR 2023,72.12
SYR 2022,72.79
SYR 2021,72.42
SYR 2020,71.94
SYR 2019,70.97
SYR 2018,67.37
SYR 2017,65.65
SYR 2016,65.19
SYR 2015,63.27
SYR 2014,65.49
SYR 2013,65.15
SYR 2012,66.21
SYR 2011,72.26
SYR 2010,73.54
SYR 2009,73.5
SYR 2008,73.37
SYR 2007,73.26
SYR 2006,73.04
SYR 2005,72.8
SYR 2004,72.49
SYR 2003,72.19
SYR 2002,71.74
SYR 2001,71.3
SYR 2000,70.86
TJK 2023,71.79
TJK 2022,71.56
TJK 2021,69.59
TJK 2020,68.61
TJK 2019,70.96
TJK 2018,70.74
TJK 2017,70.52
TJK 2016,69.98
TJK 2015,69.67
TJK 2014,69.7
TJK 2013,69.58
TJK 2012,69.13
TJK 2011,68.7
TJK 2010,68.37
TJK 2009,68.25
TJK 2008,67.92
TJK 2007,67.41
TJK 2006,67
TJK 2005,66.53
TJK 2004,66.6
TJK 2003,65.87
TJK 2002,64.9
TJK 2001,64.2
TJK 2000,63.54
TZA 2023,67
TZA 2022,66.88
TZA 2021,66.13
TZA 2020,66.77
TZA 2019,66.01
TZA 2018,65.49
TZA 2017,64.96
TZA 2016,64.4
TZA 2015,63.93
TZA 2014,63.36
TZA 2013,62.79
TZA 2012,62.29
TZA 2011,61.62
TZA 2010,61.13
TZA 2009,60.49
TZA 2008,59.9
TZA 2007,59.26
TZA 2006,58.51
TZA 2005,57.68
TZA 2004,56.84
TZA 2003,55.93
TZA 2002,54.94
TZA 2001,54.12
TZA 2000,53.24
THA 2023,76.41
THA 2022,75.29
THA 2021,77.61
THA 2020,77.33
THA 2019,77.2
THA 2018,77.19
THA 2017,76.99
THA 2016,76.77
THA 2015,76.56
THA 2014,76.28
THA 2013,75.96
THA 2012,75.59
THA 2011,75.3
THA 2010,75.01
THA 2009,74.67
THA 2008,74.22
THA 2007,73.78
THA 2006,73.34
THA 2005,72.89
THA 2004,72.1
THA 2003,72.1
THA 2002,71.78
THA 2001,71.52
THA 2000,71.21
TLS 2023,67.69
TLS 2022,67.37
TLS 2021,66.2
TLS 2020,66.92
TLS 2019,66.5
TLS 2018,66.2
TLS 2017,65.9
TLS 2016,65.61
TLS 2015,65.33
TLS 2014,65.03
TLS 2013,64.72
TLS 2012,64.38
TLS 2011,64.02
TLS 2010,63.66
TLS 2009,63.27
TLS 2008,62.86
TLS 2007,62.4
TLS 2006,61.88
TLS 2005,61.27
TLS 2004,60.74
TLS 2003,60.13
TLS 2002,59.48
TLS 2001,58.77
TLS 2000,58.1
TGO 2023,62.74
TGO 2022,62.29
TGO 2021,61.34
TGO 2020,61.14
TGO 2019,61.06
TGO 2018,60.61
TGO 2017,60.15
TGO 2016,59.68
TGO 2015,59.23
TGO 2014,58.78
TGO 2013,58.36
TGO 2012,57.95
TGO 2011,57.62
TGO 2010,57.24
TGO 2009,56.94
TGO 2008,56.66
TGO 2007,56.4
TGO 2006,56.15
TGO 2005,55.93
TGO 2004,55.61
TGO 2003,55.31
TGO 2002,55.04
TGO 2001,54.76
TGO 2000,54.59
TON 2023,72.9
TON 2022,72.64
TON 2021,72.13
TON 2020,72.38
TON 2019,72.29
TON 2018,72.17
TON 2017,72.07
TON 2016,71.95
TON 2015,71.85
TON 2014,71.72
TON 2013,71.65
TON 2012,71.55
TON 2011,71.44
TON 2010,71.32
TON 2009,70.95
TON 2008,71.04
TON 2007,70.89
TON 2006,70.71
TON 2005,70.56
TON 2004,70.43
TON 2003,70.23
TON 2002,70.03
TON 2001,69.8
TON 2000,69.64
TTO 2023,73.49
TTO 2022,73.33
TTO 2021,71.11
TTO 2020,72.65
TTO 2019,72.84
TTO 2018,72.66
TTO 2017,72.98
TTO 2016,72.94
TTO 2015,72.88
TTO 2014,72.9
TTO 2013,72.79
TTO 2012,72.51
TTO 2011,72.23
TTO 2010,71.81
TTO 2009,71.4
TTO 2008,71.12
TTO 2007,70.8
TTO 2006,70.44
TTO 2005,70.19
TTO 2004,69.88
TTO 2003,69.45
TTO 2002,69.23
TTO 2001,68.87
TTO 2000,68.63
TUN 2023,76.51
TUN 2022,76.05
TUN 2021,72.89
TUN 2020,75
TUN 2019,75.6
TUN 2018,75.37
TUN 2017,75.18
TUN 2016,75.01
TUN 2015,74.88
TUN 2014,74.78
TUN 2013,74.67
TUN 2012,74.6
TUN 2011,74.47
TUN 2010,74.44
TUN 2009,74.32
TUN 2008,74.19
TUN 2007,74.04
TUN 2006,73.89
TUN 2005,73.71
TUN 2004,73.52
TUN 2003,73.3
TUN 2002,73.07
TUN 2001,72.82
TUN 2000,72.6
TUR 2023,77.16
TUR 2022,77.59
TUR 2021,75.72
TUR 2020,76.53
TUR 2019,77.74
TUR 2018,77.45
TUR 2017,77.04
TUR 2016,76.6
TUR 2015,76.54
TUR 2014,76.45
TUR 2013,76.17
TUR 2012,75.55
TUR 2011,74.82
TUR 2010,74.96
TUR 2009,74.68
TUR 2008,74.38
TUR 2007,74.13
TUR 2006,73.8
TUR 2005,73.51
TUR 2004,73.22
TUR 2003,72.91
TUR 2002,72.61
TUR 2001,72.27
TUR 2000,71.93
TKM 2023,70.07
TKM 2022,69.91
TKM 2021,69.35
TKM 2020,68.85
TKM 2019,69.41
TKM 2018,69.27
TKM 2017,69.19
TKM 2016,69.14
TKM 2015,69.06
TKM 2014,69
TKM 2013,68.97
TKM 2012,68.96
TKM 2011,68.87
TKM 2010,68.61
TKM 2009,68.16
TKM 2008,67.58
TKM 2007,67.02
TKM 2006,66.57
TKM 2005,66.28
TKM 2004,66.06
TKM 2003,65.85
TKM 2002,65.59
TKM 2001,65.33
TKM 2000,64.93
TCA 2023,78.01
TCA 2022,77.92
TCA 2021,77.23
TCA 2020,77.5
TCA 2019,77.69
TCA 2018,77.6
TCA 2017,77.51
TCA 2016,77.44
TCA 2015,77.32
TCA 2014,77.21
TCA 2013,77.1
TCA 2012,76.97
TCA 2011,76.87
TCA 2010,76.78
TCA 2009,76.67
TCA 2008,76.08
TCA 2007,76.43
TCA 2006,76.2
TCA 2005,75.95
TCA 2004,75.63
TCA 2003,75.26
TCA 2002,74.84
TCA 2001,74.41
TCA 2000,73.97
TUV 2023,67.11
TUV 2022,66.85
TUV 2021,65.82
TUV 2020,66.36
TUV 2019,66.11
TUV 2018,65.87
TUV 2017,65.68
TUV 2016,65.51
TUV 2015,65.36
TUV 2014,65.28
TUV 2013,65.17
TUV 2012,65.08
TUV 2011,64.96
TUV 2010,64.83
TUV 2009,64.69
TUV 2008,64.52
TUV 2007,64.4
TUV 2006,64.25
TUV 2005,64.1
TUV 2004,63.99
TUV 2003,63.9
TUV 2002,63.83
TUV 2001,63.71
TUV 2000,63.54
UGA 2023,68.25
UGA 2022,67.68
UGA 2021,66.45
UGA 2020,66.41
UGA 2019,66.35
UGA 2018,65.78
UGA 2017,65.17
UGA 2016,64.49
UGA 2015,63.83
UGA 2014,63.06
UGA 2013,62.35
UGA 2012,61.58
UGA 2011,60.79
UGA 2010,59.96
UGA 2009,59.16
UGA 2008,58.25
UGA 2007,57.25
UGA 2006,56.12
UGA 2005,54.93
UGA 2004,53.7
UGA 2003,52.41
UGA 2002,51.44
UGA 2001,50.58
UGA 2000,49.64
UKR 2023,73.42
UKR 2022,72.66
UKR 2021,71.63
UKR 2020,73.28
UKR 2019,73.92
UKR 2018,73.57
UKR 2017,73.99
UKR 2016,73.39
UKR 2015,72.69
UKR 2014,71.8
UKR 2013,71.47
UKR 2012,71.09
UKR 2011,70.71
UKR 2010,70.19
UKR 2009,69.16
UKR 2008,68.26
UKR 2007,67.72
UKR 2006,67.49
UKR 2005,67.52
UKR 2004,67.47
UKR 2003,67.64
UKR 2002,67.7
UKR 2001,67.68
UKR 2000,67.79
ARE 2023,82.91
ARE 2022,80.49
ARE 2021,79.08
ARE 2020,81.94
ARE 2019,82.6
ARE 2018,82.45
ARE 2017,82.39
ARE 2016,82.2
ARE 2015,82.08
ARE 2014,81.99
ARE 2013,81.95
ARE 2012,81.91
ARE 2011,81.9
ARE 2010,81.89
ARE 2009,81.68
ARE 2008,81.59
ARE 2007,81.44
ARE 2006,81.16
ARE 2005,80.78
ARE 2004,80.27
ARE 2003,79.6
ARE 2002,78.72
ARE 2001,77.62
ARE 2000,76.35
GBR 2023,81.24
GBR 2022,81.01
GBR 2021,80.65
GBR 2020,80.33
GBR 2019,81.37
GBR 2018,81.26
GBR 2017,81.26
GBR 2016,81.16
GBR 2015,80.96
GBR 2014,81.3
GBR 2013,81
GBR 2012,80.9
GBR 2011,80.95
GBR 2010,80.4
GBR 2009,80.05
GBR 2008,79.6
GBR 2007,79.45
GBR 2006,79.25
GBR 2005,79.05
GBR 2004,78.75
GBR 2003,78.45
GBR 2002,78.14
GBR 2001,77.99
GBR 2000,77.74
USA 2023,78.39
USA 2022,77.43
USA 2021,76.33
USA 2020,76.98
USA 2019,78.79
USA 2018,78.64
USA 2017,78.54
USA 2016,78.54
USA 2015,78.69
USA 2014,78.84
USA 2013,78.74
USA 2012,78.74
USA 2011,78.64
USA 2010,78.54
USA 2009,78.39
USA 2008,78.04
USA 2007,77.99
USA 2006,77.69
USA 2005,77.49
USA 2004,77.49
USA 2003,77.04
USA 2002,76.94
USA 2001,76.84
USA 2000,76.64
URY 2023,78.14
URY 2022,76.47
URY 2021,75.43
URY 2020,78.38
URY 2019,77.5
URY 2018,77.53
URY 2017,77.62
URY 2016,77.35
URY 2015,77.29
URY 2014,77.19
URY 2013,76.95
URY 2012,76.69
URY 2011,76.61
URY 2010,76.69
URY 2009,76.67
URY 2008,76.28
URY 2007,76.15
URY 2006,75.89
URY 2005,75.83
URY 2004,75.32
URY 2003,75.09
URY 2002,74.98
URY 2001,74.99
URY 2000,74.69
UZB 2023,72.39
UZB 2022,72.15
UZB 2021,71.68
UZB 2020,71.46
UZB 2019,72.09
UZB 2018,72
UZB 2017,71.74
UZB 2016,71.58
UZB 2015,71.33
UZB 2014,70.97
UZB 2013,70.69
UZB 2012,70.41
UZB 2011,70.14
UZB 2010,69.84
UZB 2009,69.52
UZB 2008,69.04
UZB 2007,68.48
UZB 2006,67.91
UZB 2005,67.48
UZB 2004,67.2
UZB 2003,66.85
UZB 2002,66.38
UZB 2001,65.85
UZB 2000,65.46
VUT 2023,71.48
VUT 2022,71.3
VUT 2021,69.95
VUT 2020,70.39
VUT 2019,70.78
VUT 2018,70.63
VUT 2017,70.5
VUT 2016,70.4
VUT 2015,70.16
VUT 2014,70.04
VUT 2013,69.99
VUT 2012,69.9
VUT 2011,69.73
VUT 2010,69.57
VUT 2009,69.42
VUT 2008,69.3
VUT 2007,69.14
VUT 2006,69.13
VUT 2005,69.17
VUT 2004,68.99
VUT 2003,68.93
VUT 2002,68.84
VUT 2001,68.72
VUT 2000,68.59
VEN 2023,72.51
VEN 2022,72.57
VEN 2021,71.54
VEN 2020,72.37
VEN 2019,72.77
VEN 2018,72.64
VEN 2017,71.9
VEN 2016,72
VEN 2015,73
VEN 2014,72.84
VEN 2013,73.08
VEN 2012,73.09
VEN 2011,73.09
VEN 2010,73.09
VEN 2009,72.79
VEN 2008,72.58
VEN 2007,73.35
VEN 2006,72.97
VEN 2005,73.08
VEN 2004,72.75
VEN 2003,72.06
VEN 2002,72.82
VEN 2001,71.02
VEN 2000,72.39
VNM 2023,74.59
VNM 2022,74.5
VNM 2021,74.15
VNM 2020,75.38
VNM 2019,74.21
VNM 2018,74.1
VNM 2017,74.03
VNM 2016,73.98
VNM 2015,73.96
VNM 2014,73.89
VNM 2013,73.82
VNM 2012,73.76
VNM 2011,73.71
VNM 2010,73.61
VNM 2009,73.53
VNM 2008,73.46
VNM 2007,73.39
VNM 2006,73.29
VNM 2005,73.2
VNM 2004,73.06
VNM 2003,73.24
VNM 2002,73.14
VNM 2001,72.98
VNM 2000,72.75
VIR 2023,80.52
VIR 2022,80.32
VIR 2021,80.07
VIR 2020,79.82
VIR 2019,79.67
VIR 2018,79.52
VIR 2017,79.37
VIR 2016,79.17
VIR 2015,79.02
VIR 2014,78.87
VIR 2013,78.72
VIR 2012,78.52
VIR 2011,78.32
VIR 2010,77.87
VIR 2009,77.51
VIR 2008,77.16
VIR 2007,76.86
VIR 2006,78.32
VIR 2005,77.42
VIR 2004,77.77
VIR 2003,77.52
VIR 2002,77.52
VIR 2001,77.62
VIR 2000,76.62
PSE 2023,65.17
PSE 2022,76.66
PSE 2021,73.89
PSE 2020,75
PSE 2019,75.81
PSE 2018,75.38
PSE 2017,75.22
PSE 2016,74.92
PSE 2015,74.58
PSE 2014,72.78
PSE 2013,74.14
PSE 2012,73.72
PSE 2011,73.56
PSE 2010,73.3
PSE 2009,72.31
PSE 2008,72.2
PSE 2007,72.06
PSE 2006,71.83
PSE 2005,72
PSE 2004,71.09
PSE 2003,70.97
PSE 2002,70.88
PSE 2001,69.75
PSE 2000,70.3
YEM 2023,69.3
YEM 2022,67.95
YEM 2021,66.02
YEM 2020,66.44
YEM 2019,66.57
YEM 2018,65.92
YEM 2017,67.12
YEM 2016,67.11
YEM 2015,66.76
YEM 2014,68
YEM 2013,67.96
YEM 2012,67.57
YEM 2011,67.41
YEM 2010,67.22
YEM 2009,66.91
YEM 2008,66.61
YEM 2007,66.23
YEM 2006,65.8
YEM 2005,65.36
YEM 2004,64.88
YEM 2003,64.41
YEM 2002,63.81
YEM 2001,63.29
YEM 2000,62.76
ZMB 2023,66.35
ZMB 2022,65.28
ZMB 2021,62.36
ZMB 2020,63.36
ZMB 2019,62.91
ZMB 2018,62.14
ZMB 2017,61.56
ZMB 2016,61.13
ZMB 2015,60.73
ZMB 2014,60.11
ZMB 2013,59.45
ZMB 2012,58.7
ZMB 2011,57.84
ZMB 2010,56.9
ZMB 2009,55.89
ZMB 2008,54.84
ZMB 2007,53.73
ZMB 2006,52.69
ZMB 2005,51.62
ZMB 2004,50.54
ZMB 2003,49.62
ZMB 2002,48.46
ZMB 2001,47.41
ZMB 2000,46.58
ZWE 2023,62.78
ZWE 2022,62.36
ZWE 2021,60.14
ZWE 2020,61.53
ZWE 2019,61.06
ZWE 2018,60.91
ZWE 2017,60.26
ZWE 2016,59.76
ZWE 2015,58.99
ZWE 2014,58.11
ZWE 2013,56.84
ZWE 2012,55.39
ZWE 2011,53.91
ZWE 2010,51.93
ZWE 2009,49.75
ZWE 2008,48.46
ZWE 2007,47.58
ZWE 2006,47.06
ZWE 2005,46.57
ZWE 2004,46.04
ZWE 2003,45.37
ZWE 2002,45.94
ZWE 2001,44.53
ZWE 2000,46.03
